[     757ms] [INFO] %cDownload the React DevTools for a better development experience: https://react.dev/link/react-devtools font-weight:bold @ http://localhost:3000/_next/static/chunks/1ldn_next_dist_06gedf1._.js:776
[     862ms] [LOG] [HMR] connected @ http://localhost:3000/_next/static/chunks/1ldn_next_dist_06gedf1._.js:776
[    2267ms] [WARNING] THREE.Clock: This module has been deprecated. Please use THREE.Timer instead. @ http://localhost:3000/_next/static/chunks/1ldn_next_dist_06gedf1._.js:776
[    2403ms] [WARNING] THREE.Color: Unknown color model oklch(0.9 0.03 85) @ http://localhost:3000/_next/static/chunks/1ldn_next_dist_06gedf1._.js:776
[    2406ms] [WARNING] THREE.Color: Unknown color model oklch(0.79 0.16 76) @ http://localhost:3000/_next/static/chunks/1ldn_next_dist_06gedf1._.js:776
[   33405ms] [LOG] [Fast Refresh] rebuilding @ http://localhost:3000/_next/static/chunks/1ldn_next_dist_06gedf1._.js:776
[   41335ms] [LOG] [Fast Refresh] done in 8011ms @ http://localhost:3000/_next/static/chunks/1ldn_next_dist_06gedf1._.js:776
[   41727ms] [LOG] [Fast Refresh] done in 8011ms @ http://localhost:3000/_next/static/chunks/1ldn_next_dist_06gedf1._.js:776
[   41732ms] [LOG] [Fast Refresh] done in 8011ms @ http://localhost:3000/_next/static/chunks/1ldn_next_dist_06gedf1._.js:776
[   41899ms] [LOG] [Fast Refresh] done in 8011ms @ http://localhost:3000/_next/static/chunks/1ldn_next_dist_06gedf1._.js:776
[   41971ms] [LOG] [Fast Refresh] done in 8011ms @ http://localhost:3000/_next/static/chunks/1ldn_next_dist_06gedf1._.js:776
[   42051ms] [LOG] [Fast Refresh] done in 8011ms @ http://localhost:3000/_next/static/chunks/1ldn_next_dist_06gedf1._.js:776
[   42137ms] [LOG] [Fast Refresh] done in 8011ms @ http://localhost:3000/_next/static/chunks/1ldn_next_dist_06gedf1._.js:776
[   42244ms] [LOG] [Fast Refresh] done in 8011ms @ http://localhost:3000/_next/static/chunks/1ldn_next_dist_06gedf1._.js:776
[   42307ms] [LOG] [Fast Refresh] done in 8011ms @ http://localhost:3000/_next/static/chunks/1ldn_next_dist_06gedf1._.js:776
[   42373ms] [LOG] [Fast Refresh] done in 8011ms @ http://localhost:3000/_next/static/chunks/1ldn_next_dist_06gedf1._.js:776
[   42433ms] [LOG] [Fast Refresh] done in 8011ms @ http://localhost:3000/_next/static/chunks/1ldn_next_dist_06gedf1._.js:776
[   42499ms] [LOG] [Fast Refresh] done in 8011ms @ http://localhost:3000/_next/static/chunks/1ldn_next_dist_06gedf1._.js:776
[   42556ms] [LOG] [Fast Refresh] done in 8011ms @ http://localhost:3000/_next/static/chunks/1ldn_next_dist_06gedf1._.js:776
[   42618ms] [LOG] [Fast Refresh] done in 8011ms @ http://localhost:3000/_next/static/chunks/1ldn_next_dist_06gedf1._.js:776
[   42682ms] [LOG] [Fast Refresh] done in 8011ms @ http://localhost:3000/_next/static/chunks/1ldn_next_dist_06gedf1._.js:776
[   42742ms] [LOG] [Fast Refresh] done in 8011ms @ http://localhost:3000/_next/static/chunks/1ldn_next_dist_06gedf1._.js:776
[   42805ms] [LOG] [Fast Refresh] done in 8011ms @ http://localhost:3000/_next/static/chunks/1ldn_next_dist_06gedf1._.js:776
[   42867ms] [LOG] [Fast Refresh] done in 8011ms @ http://localhost:3000/_next/static/chunks/1ldn_next_dist_06gedf1._.js:776
[   42930ms] [LOG] [Fast Refresh] done in 8011ms @ http://localhost:3000/_next/static/chunks/1ldn_next_dist_06gedf1._.js:776
[   42991ms] [LOG] [Fast Refresh] done in 8011ms @ http://localhost:3000/_next/static/chunks/1ldn_next_dist_06gedf1._.js:776
[   43053ms] [LOG] [Fast Refresh] done in 8011ms @ http://localhost:3000/_next/static/chunks/1ldn_next_dist_06gedf1._.js:776
[   43118ms] [LOG] [Fast Refresh] done in 8011ms @ http://localhost:3000/_next/static/chunks/1ldn_next_dist_06gedf1._.js:776
[   43198ms] [LOG] [Fast Refresh] done in 8011ms @ http://localhost:3000/_next/static/chunks/1ldn_next_dist_06gedf1._.js:776
[   43255ms] [LOG] [Fast Refresh] done in 8011ms @ http://localhost:3000/_next/static/chunks/1ldn_next_dist_06gedf1._.js:776
[   43318ms] [LOG] [Fast Refresh] done in 8011ms @ http://localhost:3000/_next/static/chunks/1ldn_next_dist_06gedf1._.js:776
[   43380ms] [LOG] [Fast Refresh] done in 8011ms @ http://localhost:3000/_next/static/chunks/1ldn_next_dist_06gedf1._.js:776
[   43443ms] [LOG] [Fast Refresh] done in 8011ms @ http://localhost:3000/_next/static/chunks/1ldn_next_dist_06gedf1._.js:776
[   43502ms] [LOG] [Fast Refresh] done in 8011ms @ http://localhost:3000/_next/static/chunks/1ldn_next_dist_06gedf1._.js:776
[   43566ms] [LOG] [Fast Refresh] done in 8011ms @ http://localhost:3000/_next/static/chunks/1ldn_next_dist_06gedf1._.js:776
[   43630ms] [LOG] [Fast Refresh] done in 8011ms @ http://localhost:3000/_next/static/chunks/1ldn_next_dist_06gedf1._.js:776
[   43689ms] [LOG] [Fast Refresh] done in 8011ms @ http://localhost:3000/_next/static/chunks/1ldn_next_dist_06gedf1._.js:776
[   43752ms] [LOG] [Fast Refresh] done in 8011ms @ http://localhost:3000/_next/static/chunks/1ldn_next_dist_06gedf1._.js:776
[   43817ms] [LOG] [Fast Refresh] done in 8011ms @ http://localhost:3000/_next/static/chunks/1ldn_next_dist_06gedf1._.js:776
[   43880ms] [LOG] [Fast Refresh] done in 8011ms @ http://localhost:3000/_next/static/chunks/1ldn_next_dist_06gedf1._.js:776
[   43940ms] [LOG] [Fast Refresh] done in 8011ms @ http://localhost:3000/_next/static/chunks/1ldn_next_dist_06gedf1._.js:776
[   44002ms] [LOG] [Fast Refresh] done in 8011ms @ http://localhost:3000/_next/static/chunks/1ldn_next_dist_06gedf1._.js:776
[   44064ms] [LOG] [Fast Refresh] done in 8011ms @ http://localhost:3000/_next/static/chunks/1ldn_next_dist_06gedf1._.js:776
[   44125ms] [LOG] [Fast Refresh] done in 8011ms @ http://localhost:3000/_next/static/chunks/1ldn_next_dist_06gedf1._.js:776
[   44188ms] [LOG] [Fast Refresh] done in 8011ms @ http://localhost:3000/_next/static/chunks/1ldn_next_dist_06gedf1._.js:776
[   44250ms] [LOG] [Fast Refresh] done in 8011ms @ http://localhost:3000/_next/static/chunks/1ldn_next_dist_06gedf1._.js:776
[   44315ms] [LOG] [Fast Refresh] done in 8011ms @ http://localhost:3000/_next/static/chunks/1ldn_next_dist_06gedf1._.js:776
[   44377ms] [LOG] [Fast Refresh] done in 8011ms @ http://localhost:3000/_next/static/chunks/1ldn_next_dist_06gedf1._.js:776
[   44438ms] [LOG] [Fast Refresh] done in 8011ms @ http://localhost:3000/_next/static/chunks/1ldn_next_dist_06gedf1._.js:776
[   44499ms] [LOG] [Fast Refresh] done in 8011ms @ http://localhost:3000/_next/static/chunks/1ldn_next_dist_06gedf1._.js:776
[   44563ms] [LOG] [Fast Refresh] done in 8011ms @ http://localhost:3000/_next/static/chunks/1ldn_next_dist_06gedf1._.js:776
[   44628ms] [LOG] [Fast Refresh] done in 8011ms @ http://localhost:3000/_next/static/chunks/1ldn_next_dist_06gedf1._.js:776
[   44684ms] [LOG] [Fast Refresh] done in 8011ms @ http://localhost:3000/_next/static/chunks/1ldn_next_dist_06gedf1._.js:776
[   44746ms] [LOG] [Fast Refresh] done in 8011ms @ http://localhost:3000/_next/static/chunks/1ldn_next_dist_06gedf1._.js:776
[   44811ms] [LOG] [Fast Refresh] done in 8011ms @ http://localhost:3000/_next/static/chunks/1ldn_next_dist_06gedf1._.js:776
[   44871ms] [LOG] [Fast Refresh] done in 8011ms @ http://localhost:3000/_next/static/chunks/1ldn_next_dist_06gedf1._.js:776
[   44933ms] [LOG] [Fast Refresh] done in 8011ms @ http://localhost:3000/_next/static/chunks/1ldn_next_dist_06gedf1._.js:776
[   44996ms] [LOG] [Fast Refresh] done in 8011ms @ http://localhost:3000/_next/static/chunks/1ldn_next_dist_06gedf1._.js:776
[   45060ms] [LOG] [Fast Refresh] done in 8011ms @ http://localhost:3000/_next/static/chunks/1ldn_next_dist_06gedf1._.js:776
[   45120ms] [LOG] [Fast Refresh] done in 8011ms @ http://localhost:3000/_next/static/chunks/1ldn_next_dist_06gedf1._.js:776
[   45184ms] [LOG] [Fast Refresh] done in 8011ms @ http://localhost:3000/_next/static/chunks/1ldn_next_dist_06gedf1._.js:776
[   45247ms] [LOG] [Fast Refresh] done in 8011ms @ http://localhost:3000/_next/static/chunks/1ldn_next_dist_06gedf1._.js:776
[   45310ms] [LOG] [Fast Refresh] done in 8011ms @ http://localhost:3000/_next/static/chunks/1ldn_next_dist_06gedf1._.js:776
[   45370ms] [LOG] [Fast Refresh] done in 8011ms @ http://localhost:3000/_next/static/chunks/1ldn_next_dist_06gedf1._.js:776
[   45428ms] [LOG] [Fast Refresh] done in 8011ms @ http://localhost:3000/_next/static/chunks/1ldn_next_dist_06gedf1._.js:776
[   45498ms] [LOG] [Fast Refresh] done in 8011ms @ http://localhost:3000/_next/static/chunks/1ldn_next_dist_06gedf1._.js:776
[   45562ms] [LOG] [Fast Refresh] done in 8011ms @ http://localhost:3000/_next/static/chunks/1ldn_next_dist_06gedf1._.js:776
[   45624ms] [LOG] [Fast Refresh] done in 8011ms @ http://localhost:3000/_next/static/chunks/1ldn_next_dist_06gedf1._.js:776
[   45687ms] [LOG] [Fast Refresh] done in 8011ms @ http://localhost:3000/_next/static/chunks/1ldn_next_dist_06gedf1._.js:776
[   45748ms] [LOG] [Fast Refresh] done in 8011ms @ http://localhost:3000/_next/static/chunks/1ldn_next_dist_06gedf1._.js:776
[   45813ms] [LOG] [Fast Refresh] done in 8011ms @ http://localhost:3000/_next/static/chunks/1ldn_next_dist_06gedf1._.js:776
[   45871ms] [LOG] [Fast Refresh] done in 8011ms @ http://localhost:3000/_next/static/chunks/1ldn_next_dist_06gedf1._.js:776
[   45933ms] [LOG] [Fast Refresh] done in 8011ms @ http://localhost:3000/_next/static/chunks/1ldn_next_dist_06gedf1._.js:776
[   46011ms] [LOG] [Fast Refresh] done in 8011ms @ http://localhost:3000/_next/static/chunks/1ldn_next_dist_06gedf1._.js:776
[   46073ms] [LOG] [Fast Refresh] done in 8011ms @ http://localhost:3000/_next/static/chunks/1ldn_next_dist_06gedf1._.js:776
[   46136ms] [LOG] [Fast Refresh] done in 8011ms @ http://localhost:3000/_next/static/chunks/1ldn_next_dist_06gedf1._.js:776
[   46199ms] [LOG] [Fast Refresh] done in 8011ms @ http://localhost:3000/_next/static/chunks/1ldn_next_dist_06gedf1._.js:776
[   46262ms] [LOG] [Fast Refresh] done in 8011ms @ http://localhost:3000/_next/static/chunks/1ldn_next_dist_06gedf1._.js:776
[   46326ms] [LOG] [Fast Refresh] done in 8011ms @ http://localhost:3000/_next/static/chunks/1ldn_next_dist_06gedf1._.js:776
[   46385ms] [LOG] [Fast Refresh] done in 8011ms @ http://localhost:3000/_next/static/chunks/1ldn_next_dist_06gedf1._.js:776
[   46447ms] [LOG] [Fast Refresh] done in 8011ms @ http://localhost:3000/_next/static/chunks/1ldn_next_dist_06gedf1._.js:776
[   46511ms] [LOG] [Fast Refresh] done in 8011ms @ http://localhost:3000/_next/static/chunks/1ldn_next_dist_06gedf1._.js:776
[   46572ms] [LOG] [Fast Refresh] done in 8011ms @ http://localhost:3000/_next/static/chunks/1ldn_next_dist_06gedf1._.js:776
[   46634ms] [LOG] [Fast Refresh] done in 8011ms @ http://localhost:3000/_next/static/chunks/1ldn_next_dist_06gedf1._.js:776
[   46695ms] [LOG] [Fast Refresh] done in 8011ms @ http://localhost:3000/_next/static/chunks/1ldn_next_dist_06gedf1._.js:776
[   46760ms] [LOG] [Fast Refresh] done in 8011ms @ http://localhost:3000/_next/static/chunks/1ldn_next_dist_06gedf1._.js:776
[   46820ms] [LOG] [Fast Refresh] done in 8011ms @ http://localhost:3000/_next/static/chunks/1ldn_next_dist_06gedf1._.js:776
[   46883ms] [LOG] [Fast Refresh] done in 8011ms @ http://localhost:3000/_next/static/chunks/1ldn_next_dist_06gedf1._.js:776
[   46944ms] [LOG] [Fast Refresh] done in 8011ms @ http://localhost:3000/_next/static/chunks/1ldn_next_dist_06gedf1._.js:776
[   47009ms] [LOG] [Fast Refresh] done in 8011ms @ http://localhost:3000/_next/static/chunks/1ldn_next_dist_06gedf1._.js:776
[   47069ms] [LOG] [Fast Refresh] done in 8011ms @ http://localhost:3000/_next/static/chunks/1ldn_next_dist_06gedf1._.js:776
[   47131ms] [LOG] [Fast Refresh] done in 8011ms @ http://localhost:3000/_next/static/chunks/1ldn_next_dist_06gedf1._.js:776
[   47193ms] [LOG] [Fast Refresh] done in 8011ms @ http://localhost:3000/_next/static/chunks/1ldn_next_dist_06gedf1._.js:776
[   47256ms] [LOG] [Fast Refresh] done in 8011ms @ http://localhost:3000/_next/static/chunks/1ldn_next_dist_06gedf1._.js:776
[   47318ms] [LOG] [Fast Refresh] done in 8011ms @ http://localhost:3000/_next/static/chunks/1ldn_next_dist_06gedf1._.js:776
[   47380ms] [LOG] [Fast Refresh] done in 8011ms @ http://localhost:3000/_next/static/chunks/1ldn_next_dist_06gedf1._.js:776
[   47444ms] [LOG] [Fast Refresh] done in 8011ms @ http://localhost:3000/_next/static/chunks/1ldn_next_dist_06gedf1._.js:776
[   47507ms] [LOG] [Fast Refresh] done in 8011ms @ http://localhost:3000/_next/static/chunks/1ldn_next_dist_06gedf1._.js:776
[   47568ms] [LOG] [Fast Refresh] done in 8011ms @ http://localhost:3000/_next/static/chunks/1ldn_next_dist_06gedf1._.js:776
[   47630ms] [LOG] [Fast Refresh] done in 8011ms @ http://localhost:3000/_next/static/chunks/1ldn_next_dist_06gedf1._.js:776
[   47692ms] [LOG] [Fast Refresh] done in 8011ms @ http://localhost:3000/_next/static/chunks/1ldn_next_dist_06gedf1._.js:776
[   47753ms] [LOG] [Fast Refresh] done in 8011ms @ http://localhost:3000/_next/static/chunks/1ldn_next_dist_06gedf1._.js:776
[   47816ms] [LOG] [Fast Refresh] done in 8011ms @ http://localhost:3000/_next/static/chunks/1ldn_next_dist_06gedf1._.js:776
[   47879ms] [LOG] [Fast Refresh] done in 8011ms @ http://localhost:3000/_next/static/chunks/1ldn_next_dist_06gedf1._.js:776
[   47942ms] [LOG] [Fast Refresh] done in 8011ms @ http://localhost:3000/_next/static/chunks/1ldn_next_dist_06gedf1._.js:776
[   48003ms] [LOG] [Fast Refresh] done in 8011ms @ http://localhost:3000/_next/static/chunks/1ldn_next_dist_06gedf1._.js:776
[   48065ms] [LOG] [Fast Refresh] done in 8011ms @ http://localhost:3000/_next/static/chunks/1ldn_next_dist_06gedf1._.js:776
[   48128ms] [LOG] [Fast Refresh] done in 8011ms @ http://localhost:3000/_next/static/chunks/1ldn_next_dist_06gedf1._.js:776
[   48190ms] [LOG] [Fast Refresh] done in 8011ms @ http://localhost:3000/_next/static/chunks/1ldn_next_dist_06gedf1._.js:776
[   48251ms] [LOG] [Fast Refresh] done in 8011ms @ http://localhost:3000/_next/static/chunks/1ldn_next_dist_06gedf1._.js:776
[   48313ms] [LOG] [Fast Refresh] done in 8011ms @ http://localhost:3000/_next/static/chunks/1ldn_next_dist_06gedf1._.js:776
[   48375ms] [LOG] [Fast Refresh] done in 8011ms @ http://localhost:3000/_next/static/chunks/1ldn_next_dist_06gedf1._.js:776
[   48436ms] [LOG] [Fast Refresh] done in 8011ms @ http://localhost:3000/_next/static/chunks/1ldn_next_dist_06gedf1._.js:776
[   48498ms] [LOG] [Fast Refresh] done in 8011ms @ http://localhost:3000/_next/static/chunks/1ldn_next_dist_06gedf1._.js:776
[   48560ms] [LOG] [Fast Refresh] done in 8011ms @ http://localhost:3000/_next/static/chunks/1ldn_next_dist_06gedf1._.js:776
[   48623ms] [LOG] [Fast Refresh] done in 8011ms @ http://localhost:3000/_next/static/chunks/1ldn_next_dist_06gedf1._.js:776
[   48685ms] [LOG] [Fast Refresh] done in 8011ms @ http://localhost:3000/_next/static/chunks/1ldn_next_dist_06gedf1._.js:776
[   48747ms] [LOG] [Fast Refresh] done in 8011ms @ http://localhost:3000/_next/static/chunks/1ldn_next_dist_06gedf1._.js:776
[   48811ms] [LOG] [Fast Refresh] done in 8011ms @ http://localhost:3000/_next/static/chunks/1ldn_next_dist_06gedf1._.js:776
[   48873ms] [LOG] [Fast Refresh] done in 8011ms @ http://localhost:3000/_next/static/chunks/1ldn_next_dist_06gedf1._.js:776
[   48934ms] [LOG] [Fast Refresh] done in 8011ms @ http://localhost:3000/_next/static/chunks/1ldn_next_dist_06gedf1._.js:776
[   48996ms] [LOG] [Fast Refresh] done in 8011ms @ http://localhost:3000/_next/static/chunks/1ldn_next_dist_06gedf1._.js:776
[   49060ms] [LOG] [Fast Refresh] done in 8011ms @ http://localhost:3000/_next/static/chunks/1ldn_next_dist_06gedf1._.js:776
[   49125ms] [LOG] [Fast Refresh] done in 8011ms @ http://localhost:3000/_next/static/chunks/1ldn_next_dist_06gedf1._.js:776
[   49186ms] [LOG] [Fast Refresh] done in 8011ms @ http://localhost:3000/_next/static/chunks/1ldn_next_dist_06gedf1._.js:776
[   49249ms] [LOG] [Fast Refresh] done in 8011ms @ http://localhost:3000/_next/static/chunks/1ldn_next_dist_06gedf1._.js:776
[   49328ms] [LOG] [Fast Refresh] done in 8011ms @ http://localhost:3000/_next/static/chunks/1ldn_next_dist_06gedf1._.js:776
[   49387ms] [LOG] [Fast Refresh] done in 8011ms @ http://localhost:3000/_next/static/chunks/1ldn_next_dist_06gedf1._.js:776
[   49465ms] [LOG] [Fast Refresh] done in 8011ms @ http://localhost:3000/_next/static/chunks/1ldn_next_dist_06gedf1._.js:776
[   49528ms] [LOG] [Fast Refresh] done in 8011ms @ http://localhost:3000/_next/static/chunks/1ldn_next_dist_06gedf1._.js:776
[   49589ms] [LOG] [Fast Refresh] done in 8011ms @ http://localhost:3000/_next/static/chunks/1ldn_next_dist_06gedf1._.js:776
[   49652ms] [LOG] [Fast Refresh] done in 8011ms @ http://localhost:3000/_next/static/chunks/1ldn_next_dist_06gedf1._.js:776
[   49715ms] [LOG] [Fast Refresh] done in 8011ms @ http://localhost:3000/_next/static/chunks/1ldn_next_dist_06gedf1._.js:776
[   49777ms] [LOG] [Fast Refresh] done in 8011ms @ http://localhost:3000/_next/static/chunks/1ldn_next_dist_06gedf1._.js:776
[   49842ms] [LOG] [Fast Refresh] done in 8011ms @ http://localhost:3000/_next/static/chunks/1ldn_next_dist_06gedf1._.js:776
[   49902ms] [LOG] [Fast Refresh] done in 8011ms @ http://localhost:3000/_next/static/chunks/1ldn_next_dist_06gedf1._.js:776
[   49978ms] [LOG] [Fast Refresh] done in 8011ms @ http://localhost:3000/_next/static/chunks/1ldn_next_dist_06gedf1._.js:776
[   50059ms] [LOG] [Fast Refresh] done in 8011ms @ http://localhost:3000/_next/static/chunks/1ldn_next_dist_06gedf1._.js:776
[   50136ms] [LOG] [Fast Refresh] done in 8011ms @ http://localhost:3000/_next/static/chunks/1ldn_next_dist_06gedf1._.js:776
[   50199ms] [LOG] [Fast Refresh] done in 8011ms @ http://localhost:3000/_next/static/chunks/1ldn_next_dist_06gedf1._.js:776
[   50278ms] [LOG] [Fast Refresh] done in 8011ms @ http://localhost:3000/_next/static/chunks/1ldn_next_dist_06gedf1._.js:776
[   50340ms] [LOG] [Fast Refresh] done in 8011ms @ http://localhost:3000/_next/static/chunks/1ldn_next_dist_06gedf1._.js:776
[   50401ms] [LOG] [Fast Refresh] done in 8011ms @ http://localhost:3000/_next/static/chunks/1ldn_next_dist_06gedf1._.js:776
[   50463ms] [LOG] [Fast Refresh] done in 8011ms @ http://localhost:3000/_next/static/chunks/1ldn_next_dist_06gedf1._.js:776
[   50527ms] [LOG] [Fast Refresh] done in 8011ms @ http://localhost:3000/_next/static/chunks/1ldn_next_dist_06gedf1._.js:776
[   50588ms] [LOG] [Fast Refresh] done in 8011ms @ http://localhost:3000/_next/static/chunks/1ldn_next_dist_06gedf1._.js:776
[   50650ms] [LOG] [Fast Refresh] done in 8011ms @ http://localhost:3000/_next/static/chunks/1ldn_next_dist_06gedf1._.js:776
[   50713ms] [LOG] [Fast Refresh] done in 8011ms @ http://localhost:3000/_next/static/chunks/1ldn_next_dist_06gedf1._.js:776
[   50775ms] [LOG] [Fast Refresh] done in 8011ms @ http://localhost:3000/_next/static/chunks/1ldn_next_dist_06gedf1._.js:776
[   50837ms] [LOG] [Fast Refresh] done in 8011ms @ http://localhost:3000/_next/static/chunks/1ldn_next_dist_06gedf1._.js:776
[   50898ms] [LOG] [Fast Refresh] done in 8011ms @ http://localhost:3000/_next/static/chunks/1ldn_next_dist_06gedf1._.js:776
[   50976ms] [LOG] [Fast Refresh] done in 8011ms @ http://localhost:3000/_next/static/chunks/1ldn_next_dist_06gedf1._.js:776
[   51040ms] [LOG] [Fast Refresh] done in 8011ms @ http://localhost:3000/_next/static/chunks/1ldn_next_dist_06gedf1._.js:776
[   51100ms] [LOG] [Fast Refresh] done in 8011ms @ http://localhost:3000/_next/static/chunks/1ldn_next_dist_06gedf1._.js:776
[   51163ms] [LOG] [Fast Refresh] done in 8011ms @ http://localhost:3000/_next/static/chunks/1ldn_next_dist_06gedf1._.js:776
[   51225ms] [LOG] [Fast Refresh] done in 8011ms @ http://localhost:3000/_next/static/chunks/1ldn_next_dist_06gedf1._.js:776
[   51287ms] [LOG] [Fast Refresh] done in 8011ms @ http://localhost:3000/_next/static/chunks/1ldn_next_dist_06gedf1._.js:776
[   51349ms] [LOG] [Fast Refresh] done in 8011ms @ http://localhost:3000/_next/static/chunks/1ldn_next_dist_06gedf1._.js:776
[   51411ms] [LOG] [Fast Refresh] done in 8011ms @ http://localhost:3000/_next/static/chunks/1ldn_next_dist_06gedf1._.js:776
[   51473ms] [LOG] [Fast Refresh] done in 8011ms @ http://localhost:3000/_next/static/chunks/1ldn_next_dist_06gedf1._.js:776
[   51536ms] [LOG] [Fast Refresh] done in 8011ms @ http://localhost:3000/_next/static/chunks/1ldn_next_dist_06gedf1._.js:776
[   51598ms] [LOG] [Fast Refresh] done in 8011ms @ http://localhost:3000/_next/static/chunks/1ldn_next_dist_06gedf1._.js:776
[   51660ms] [LOG] [Fast Refresh] done in 8011ms @ http://localhost:3000/_next/static/chunks/1ldn_next_dist_06gedf1._.js:776
[   51724ms] [LOG] [Fast Refresh] done in 8011ms @ http://localhost:3000/_next/static/chunks/1ldn_next_dist_06gedf1._.js:776
[   51783ms] [LOG] [Fast Refresh] done in 8011ms @ http://localhost:3000/_next/static/chunks/1ldn_next_dist_06gedf1._.js:776
[   51846ms] [LOG] [Fast Refresh] done in 8011ms @ http://localhost:3000/_next/static/chunks/1ldn_next_dist_06gedf1._.js:776
[   51908ms] [LOG] [Fast Refresh] done in 8011ms @ http://localhost:3000/_next/static/chunks/1ldn_next_dist_06gedf1._.js:776
[   51970ms] [LOG] [Fast Refresh] done in 8011ms @ http://localhost:3000/_next/static/chunks/1ldn_next_dist_06gedf1._.js:776
[   52033ms] [LOG] [Fast Refresh] done in 8011ms @ http://localhost:3000/_next/static/chunks/1ldn_next_dist_06gedf1._.js:776
[   52111ms] [LOG] [Fast Refresh] done in 8011ms @ http://localhost:3000/_next/static/chunks/1ldn_next_dist_06gedf1._.js:776
[   52173ms] [LOG] [Fast Refresh] done in 8011ms @ http://localhost:3000/_next/static/chunks/1ldn_next_dist_06gedf1._.js:776
[   52236ms] [LOG] [Fast Refresh] done in 8011ms @ http://localhost:3000/_next/static/chunks/1ldn_next_dist_06gedf1._.js:776
[   52296ms] [LOG] [Fast Refresh] done in 8011ms @ http://localhost:3000/_next/static/chunks/1ldn_next_dist_06gedf1._.js:776
[   52359ms] [LOG] [Fast Refresh] done in 8011ms @ http://localhost:3000/_next/static/chunks/1ldn_next_dist_06gedf1._.js:776
[   52423ms] [LOG] [Fast Refresh] done in 8011ms @ http://localhost:3000/_next/static/chunks/1ldn_next_dist_06gedf1._.js:776
[   52499ms] [LOG] [Fast Refresh] done in 8011ms @ http://localhost:3000/_next/static/chunks/1ldn_next_dist_06gedf1._.js:776
[   52562ms] [LOG] [Fast Refresh] done in 8011ms @ http://localhost:3000/_next/static/chunks/1ldn_next_dist_06gedf1._.js:776
[   52624ms] [LOG] [Fast Refresh] done in 8011ms @ http://localhost:3000/_next/static/chunks/1ldn_next_dist_06gedf1._.js:776
[   52687ms] [LOG] [Fast Refresh] done in 8011ms @ http://localhost:3000/_next/static/chunks/1ldn_next_dist_06gedf1._.js:776
[   52748ms] [LOG] [Fast Refresh] done in 8011ms @ http://localhost:3000/_next/static/chunks/1ldn_next_dist_06gedf1._.js:776
[   52811ms] [LOG] [Fast Refresh] done in 8011ms @ http://localhost:3000/_next/static/chunks/1ldn_next_dist_06gedf1._.js:776
[   52873ms] [LOG] [Fast Refresh] done in 8011ms @ http://localhost:3000/_next/static/chunks/1ldn_next_dist_06gedf1._.js:776
[   52936ms] [LOG] [Fast Refresh] done in 8011ms @ http://localhost:3000/_next/static/chunks/1ldn_next_dist_06gedf1._.js:776
[   52998ms] [LOG] [Fast Refresh] done in 8011ms @ http://localhost:3000/_next/static/chunks/1ldn_next_dist_06gedf1._.js:776
[   53060ms] [LOG] [Fast Refresh] done in 8011ms @ http://localhost:3000/_next/static/chunks/1ldn_next_dist_06gedf1._.js:776
[   53121ms] [LOG] [Fast Refresh] done in 8011ms @ http://localhost:3000/_next/static/chunks/1ldn_next_dist_06gedf1._.js:776
[   53185ms] [LOG] [Fast Refresh] done in 8011ms @ http://localhost:3000/_next/static/chunks/1ldn_next_dist_06gedf1._.js:776
[   53246ms] [LOG] [Fast Refresh] done in 8011ms @ http://localhost:3000/_next/static/chunks/1ldn_next_dist_06gedf1._.js:776
[   53308ms] [LOG] [Fast Refresh] done in 8011ms @ http://localhost:3000/_next/static/chunks/1ldn_next_dist_06gedf1._.js:776
[   53370ms] [LOG] [Fast Refresh] done in 8011ms @ http://localhost:3000/_next/static/chunks/1ldn_next_dist_06gedf1._.js:776
[   53429ms] [LOG] [Fast Refresh] done in 8011ms @ http://localhost:3000/_next/static/chunks/1ldn_next_dist_06gedf1._.js:776
[   53493ms] [LOG] [Fast Refresh] done in 8011ms @ http://localhost:3000/_next/static/chunks/1ldn_next_dist_06gedf1._.js:776
[   53554ms] [LOG] [Fast Refresh] done in 8011ms @ http://localhost:3000/_next/static/chunks/1ldn_next_dist_06gedf1._.js:776
[   53620ms] [LOG] [Fast Refresh] done in 8011ms @ http://localhost:3000/_next/static/chunks/1ldn_next_dist_06gedf1._.js:776
[   53679ms] [LOG] [Fast Refresh] done in 8011ms @ http://localhost:3000/_next/static/chunks/1ldn_next_dist_06gedf1._.js:776
[   53744ms] [LOG] [Fast Refresh] done in 8011ms @ http://localhost:3000/_next/static/chunks/1ldn_next_dist_06gedf1._.js:776
[   53803ms] [LOG] [Fast Refresh] done in 8011ms @ http://localhost:3000/_next/static/chunks/1ldn_next_dist_06gedf1._.js:776
[   53867ms] [LOG] [Fast Refresh] done in 8011ms @ http://localhost:3000/_next/static/chunks/1ldn_next_dist_06gedf1._.js:776
[   53944ms] [LOG] [Fast Refresh] done in 8011ms @ http://localhost:3000/_next/static/chunks/1ldn_next_dist_06gedf1._.js:776
[   54006ms] [LOG] [Fast Refresh] done in 8011ms @ http://localhost:3000/_next/static/chunks/1ldn_next_dist_06gedf1._.js:776
[   54069ms] [LOG] [Fast Refresh] done in 8011ms @ http://localhost:3000/_next/static/chunks/1ldn_next_dist_06gedf1._.js:776
[   54130ms] [LOG] [Fast Refresh] done in 8011ms @ http://localhost:3000/_next/static/chunks/1ldn_next_dist_06gedf1._.js:776
[   54193ms] [LOG] [Fast Refresh] done in 8011ms @ http://localhost:3000/_next/static/chunks/1ldn_next_dist_06gedf1._.js:776
[   54259ms] [LOG] [Fast Refresh] done in 8011ms @ http://localhost:3000/_next/static/chunks/1ldn_next_dist_06gedf1._.js:776
[   54318ms] [LOG] [Fast Refresh] done in 8011ms @ http://localhost:3000/_next/static/chunks/1ldn_next_dist_06gedf1._.js:776
[   54380ms] [LOG] [Fast Refresh] done in 8011ms @ http://localhost:3000/_next/static/chunks/1ldn_next_dist_06gedf1._.js:776
[   54442ms] [LOG] [Fast Refresh] done in 8011ms @ http://localhost:3000/_next/static/chunks/1ldn_next_dist_06gedf1._.js:776
[   54505ms] [LOG] [Fast Refresh] done in 8011ms @ http://localhost:3000/_next/static/chunks/1ldn_next_dist_06gedf1._.js:776
[   54569ms] [LOG] [Fast Refresh] done in 8011ms @ http://localhost:3000/_next/static/chunks/1ldn_next_dist_06gedf1._.js:776
[   54630ms] [LOG] [Fast Refresh] done in 8011ms @ http://localhost:3000/_next/static/chunks/1ldn_next_dist_06gedf1._.js:776
[   54692ms] [LOG] [Fast Refresh] done in 8011ms @ http://localhost:3000/_next/static/chunks/1ldn_next_dist_06gedf1._.js:776
[   54753ms] [LOG] [Fast Refresh] done in 8011ms @ http://localhost:3000/_next/static/chunks/1ldn_next_dist_06gedf1._.js:776
[   54817ms] [LOG] [Fast Refresh] done in 8011ms @ http://localhost:3000/_next/static/chunks/1ldn_next_dist_06gedf1._.js:776
[   54894ms] [LOG] [Fast Refresh] done in 8011ms @ http://localhost:3000/_next/static/chunks/1ldn_next_dist_06gedf1._.js:776
[   54956ms] [LOG] [Fast Refresh] done in 8011ms @ http://localhost:3000/_next/static/chunks/1ldn_next_dist_06gedf1._.js:776
[   55021ms] [LOG] [Fast Refresh] done in 8011ms @ http://localhost:3000/_next/static/chunks/1ldn_next_dist_06gedf1._.js:776
[   55079ms] [LOG] [Fast Refresh] done in 8011ms @ http://localhost:3000/_next/static/chunks/1ldn_next_dist_06gedf1._.js:776
[   55142ms] [LOG] [Fast Refresh] done in 8011ms @ http://localhost:3000/_next/static/chunks/1ldn_next_dist_06gedf1._.js:776
[   55205ms] [LOG] [Fast Refresh] done in 8011ms @ http://localhost:3000/_next/static/chunks/1ldn_next_dist_06gedf1._.js:776
[   55270ms] [LOG] [Fast Refresh] done in 8011ms @ http://localhost:3000/_next/static/chunks/1ldn_next_dist_06gedf1._.js:776
[   55329ms] [LOG] [Fast Refresh] done in 8011ms @ http://localhost:3000/_next/static/chunks/1ldn_next_dist_06gedf1._.js:776
[   55392ms] [LOG] [Fast Refresh] done in 8011ms @ http://localhost:3000/_next/static/chunks/1ldn_next_dist_06gedf1._.js:776
[   55453ms] [LOG] [Fast Refresh] done in 8011ms @ http://localhost:3000/_next/static/chunks/1ldn_next_dist_06gedf1._.js:776
[   55516ms] [LOG] [Fast Refresh] done in 8011ms @ http://localhost:3000/_next/static/chunks/1ldn_next_dist_06gedf1._.js:776
[   55578ms] [LOG] [Fast Refresh] done in 8011ms @ http://localhost:3000/_next/static/chunks/1ldn_next_dist_06gedf1._.js:776
[   55640ms] [LOG] [Fast Refresh] done in 8011ms @ http://localhost:3000/_next/static/chunks/1ldn_next_dist_06gedf1._.js:776
[   55702ms] [LOG] [Fast Refresh] done in 8011ms @ http://localhost:3000/_next/static/chunks/1ldn_next_dist_06gedf1._.js:776
[   55764ms] [LOG] [Fast Refresh] done in 8011ms @ http://localhost:3000/_next/static/chunks/1ldn_next_dist_06gedf1._.js:776
[   55824ms] [LOG] [Fast Refresh] done in 8011ms @ http://localhost:3000/_next/static/chunks/1ldn_next_dist_06gedf1._.js:776
[   55887ms] [LOG] [Fast Refresh] done in 8011ms @ http://localhost:3000/_next/static/chunks/1ldn_next_dist_06gedf1._.js:776
[   55949ms] [LOG] [Fast Refresh] done in 8011ms @ http://localhost:3000/_next/static/chunks/1ldn_next_dist_06gedf1._.js:776
[   56012ms] [LOG] [Fast Refresh] done in 8011ms @ http://localhost:3000/_next/static/chunks/1ldn_next_dist_06gedf1._.js:776
[   56073ms] [LOG] [Fast Refresh] done in 8011ms @ http://localhost:3000/_next/static/chunks/1ldn_next_dist_06gedf1._.js:776
[   56136ms] [LOG] [Fast Refresh] done in 8011ms @ http://localhost:3000/_next/static/chunks/1ldn_next_dist_06gedf1._.js:776
[   56199ms] [LOG] [Fast Refresh] done in 8011ms @ http://localhost:3000/_next/static/chunks/1ldn_next_dist_06gedf1._.js:776
[   56260ms] [LOG] [Fast Refresh] done in 8011ms @ http://localhost:3000/_next/static/chunks/1ldn_next_dist_06gedf1._.js:776
[   56322ms] [LOG] [Fast Refresh] done in 8011ms @ http://localhost:3000/_next/static/chunks/1ldn_next_dist_06gedf1._.js:776
[   56385ms] [LOG] [Fast Refresh] done in 8011ms @ http://localhost:3000/_next/static/chunks/1ldn_next_dist_06gedf1._.js:776
[   56453ms] [LOG] [Fast Refresh] done in 8011ms @ http://localhost:3000/_next/static/chunks/1ldn_next_dist_06gedf1._.js:776
[   56518ms] [LOG] [Fast Refresh] done in 8011ms @ http://localhost:3000/_next/static/chunks/1ldn_next_dist_06gedf1._.js:776
[   56577ms] [LOG] [Fast Refresh] done in 8011ms @ http://localhost:3000/_next/static/chunks/1ldn_next_dist_06gedf1._.js:776
[   56641ms] [LOG] [Fast Refresh] done in 8011ms @ http://localhost:3000/_next/static/chunks/1ldn_next_dist_06gedf1._.js:776
[   56719ms] [LOG] [Fast Refresh] done in 8011ms @ http://localhost:3000/_next/static/chunks/1ldn_next_dist_06gedf1._.js:776
[   56782ms] [LOG] [Fast Refresh] done in 8011ms @ http://localhost:3000/_next/static/chunks/1ldn_next_dist_06gedf1._.js:776
[   56842ms] [LOG] [Fast Refresh] done in 8011ms @ http://localhost:3000/_next/static/chunks/1ldn_next_dist_06gedf1._.js:776
[   56904ms] [LOG] [Fast Refresh] done in 8011ms @ http://localhost:3000/_next/static/chunks/1ldn_next_dist_06gedf1._.js:776
[   56968ms] [LOG] [Fast Refresh] done in 8011ms @ http://localhost:3000/_next/static/chunks/1ldn_next_dist_06gedf1._.js:776
[   57029ms] [LOG] [Fast Refresh] done in 8011ms @ http://localhost:3000/_next/static/chunks/1ldn_next_dist_06gedf1._.js:776
[   57092ms] [LOG] [Fast Refresh] done in 8011ms @ http://localhost:3000/_next/static/chunks/1ldn_next_dist_06gedf1._.js:776
[   57154ms] [LOG] [Fast Refresh] done in 8011ms @ http://localhost:3000/_next/static/chunks/1ldn_next_dist_06gedf1._.js:776
[   57218ms] [LOG] [Fast Refresh] done in 8011ms @ http://localhost:3000/_next/static/chunks/1ldn_next_dist_06gedf1._.js:776
[   57278ms] [LOG] [Fast Refresh] done in 8011ms @ http://localhost:3000/_next/static/chunks/1ldn_next_dist_06gedf1._.js:776
[   57341ms] [LOG] [Fast Refresh] done in 8011ms @ http://localhost:3000/_next/static/chunks/1ldn_next_dist_06gedf1._.js:776
[   57404ms] [LOG] [Fast Refresh] done in 8011ms @ http://localhost:3000/_next/static/chunks/1ldn_next_dist_06gedf1._.js:776
[   57489ms] [LOG] [Fast Refresh] done in 8011ms @ http://localhost:3000/_next/static/chunks/1ldn_next_dist_06gedf1._.js:776
[   57550ms] [LOG] [Fast Refresh] done in 8011ms @ http://localhost:3000/_next/static/chunks/1ldn_next_dist_06gedf1._.js:776
[   57614ms] [LOG] [Fast Refresh] done in 8011ms @ http://localhost:3000/_next/static/chunks/1ldn_next_dist_06gedf1._.js:776
[   57675ms] [LOG] [Fast Refresh] done in 8011ms @ http://localhost:3000/_next/static/chunks/1ldn_next_dist_06gedf1._.js:776
[   57738ms] [LOG] [Fast Refresh] done in 8011ms @ http://localhost:3000/_next/static/chunks/1ldn_next_dist_06gedf1._.js:776
[   57801ms] [LOG] [Fast Refresh] done in 8011ms @ http://localhost:3000/_next/static/chunks/1ldn_next_dist_06gedf1._.js:776
[   57864ms] [LOG] [Fast Refresh] done in 8011ms @ http://localhost:3000/_next/static/chunks/1ldn_next_dist_06gedf1._.js:776
[   57924ms] [LOG] [Fast Refresh] done in 8011ms @ http://localhost:3000/_next/static/chunks/1ldn_next_dist_06gedf1._.js:776
[   57988ms] [LOG] [Fast Refresh] done in 8011ms @ http://localhost:3000/_next/static/chunks/1ldn_next_dist_06gedf1._.js:776
[   58050ms] [LOG] [Fast Refresh] done in 8011ms @ http://localhost:3000/_next/static/chunks/1ldn_next_dist_06gedf1._.js:776
[   58113ms] [LOG] [Fast Refresh] done in 8011ms @ http://localhost:3000/_next/static/chunks/1ldn_next_dist_06gedf1._.js:776
[   58173ms] [LOG] [Fast Refresh] done in 8011ms @ http://localhost:3000/_next/static/chunks/1ldn_next_dist_06gedf1._.js:776
[   58235ms] [LOG] [Fast Refresh] done in 8011ms @ http://localhost:3000/_next/static/chunks/1ldn_next_dist_06gedf1._.js:776
[   58300ms] [LOG] [Fast Refresh] done in 8011ms @ http://localhost:3000/_next/static/chunks/1ldn_next_dist_06gedf1._.js:776
[   58357ms] [LOG] [Fast Refresh] done in 8011ms @ http://localhost:3000/_next/static/chunks/1ldn_next_dist_06gedf1._.js:776
[   58420ms] [LOG] [Fast Refresh] done in 8011ms @ http://localhost:3000/_next/static/chunks/1ldn_next_dist_06gedf1._.js:776
[   58484ms] [LOG] [Fast Refresh] done in 8011ms @ http://localhost:3000/_next/static/chunks/1ldn_next_dist_06gedf1._.js:776
[   58547ms] [LOG] [Fast Refresh] done in 8011ms @ http://localhost:3000/_next/static/chunks/1ldn_next_dist_06gedf1._.js:776
[   58606ms] [LOG] [Fast Refresh] done in 8011ms @ http://localhost:3000/_next/static/chunks/1ldn_next_dist_06gedf1._.js:776
[   58669ms] [LOG] [Fast Refresh] done in 8011ms @ http://localhost:3000/_next/static/chunks/1ldn_next_dist_06gedf1._.js:776
[   58732ms] [LOG] [Fast Refresh] done in 8011ms @ http://localhost:3000/_next/static/chunks/1ldn_next_dist_06gedf1._.js:776
[   58794ms] [LOG] [Fast Refresh] done in 8011ms @ http://localhost:3000/_next/static/chunks/1ldn_next_dist_06gedf1._.js:776
[   58857ms] [LOG] [Fast Refresh] done in 8011ms @ http://localhost:3000/_next/static/chunks/1ldn_next_dist_06gedf1._.js:776
[   58919ms] [LOG] [Fast Refresh] done in 8011ms @ http://localhost:3000/_next/static/chunks/1ldn_next_dist_06gedf1._.js:776
[   58984ms] [LOG] [Fast Refresh] done in 8011ms @ http://localhost:3000/_next/static/chunks/1ldn_next_dist_06gedf1._.js:776
[   59042ms] [LOG] [Fast Refresh] done in 8011ms @ http://localhost:3000/_next/static/chunks/1ldn_next_dist_06gedf1._.js:776
[   59104ms] [LOG] [Fast Refresh] done in 8011ms @ http://localhost:3000/_next/static/chunks/1ldn_next_dist_06gedf1._.js:776
[   59166ms] [LOG] [Fast Refresh] done in 8011ms @ http://localhost:3000/_next/static/chunks/1ldn_next_dist_06gedf1._.js:776
[   59229ms] [LOG] [Fast Refresh] done in 8011ms @ http://localhost:3000/_next/static/chunks/1ldn_next_dist_06gedf1._.js:776
[   59290ms] [LOG] [Fast Refresh] done in 8011ms @ http://localhost:3000/_next/static/chunks/1ldn_next_dist_06gedf1._.js:776
[   59352ms] [LOG] [Fast Refresh] done in 8011ms @ http://localhost:3000/_next/static/chunks/1ldn_next_dist_06gedf1._.js:776
[   59416ms] [LOG] [Fast Refresh] done in 8011ms @ http://localhost:3000/_next/static/chunks/1ldn_next_dist_06gedf1._.js:776
[   59476ms] [LOG] [Fast Refresh] done in 8011ms @ http://localhost:3000/_next/static/chunks/1ldn_next_dist_06gedf1._.js:776
[   59553ms] [LOG] [Fast Refresh] done in 8011ms @ http://localhost:3000/_next/static/chunks/1ldn_next_dist_06gedf1._.js:776
[   59617ms] [LOG] [Fast Refresh] done in 8011ms @ http://localhost:3000/_next/static/chunks/1ldn_next_dist_06gedf1._.js:776
[   59681ms] [LOG] [Fast Refresh] done in 8011ms @ http://localhost:3000/_next/static/chunks/1ldn_next_dist_06gedf1._.js:776
[   59743ms] [LOG] [Fast Refresh] done in 8011ms @ http://localhost:3000/_next/static/chunks/1ldn_next_dist_06gedf1._.js:776
[   59804ms] [LOG] [Fast Refresh] done in 8011ms @ http://localhost:3000/_next/static/chunks/1ldn_next_dist_06gedf1._.js:776
[   59866ms] [LOG] [Fast Refresh] done in 8011ms @ http://localhost:3000/_next/static/chunks/1ldn_next_dist_06gedf1._.js:776
[   59930ms] [LOG] [Fast Refresh] done in 8011ms @ http://localhost:3000/_next/static/chunks/1ldn_next_dist_06gedf1._.js:776
[   59991ms] [LOG] [Fast Refresh] done in 8011ms @ http://localhost:3000/_next/static/chunks/1ldn_next_dist_06gedf1._.js:776
[   60053ms] [LOG] [Fast Refresh] done in 8011ms @ http://localhost:3000/_next/static/chunks/1ldn_next_dist_06gedf1._.js:776
[   60115ms] [LOG] [Fast Refresh] done in 8011ms @ http://localhost:3000/_next/static/chunks/1ldn_next_dist_06gedf1._.js:776
[   60176ms] [LOG] [Fast Refresh] done in 8011ms @ http://localhost:3000/_next/static/chunks/1ldn_next_dist_06gedf1._.js:776
[   60238ms] [LOG] [Fast Refresh] done in 8011ms @ http://localhost:3000/_next/static/chunks/1ldn_next_dist_06gedf1._.js:776
[   60301ms] [LOG] [Fast Refresh] done in 8011ms @ http://localhost:3000/_next/static/chunks/1ldn_next_dist_06gedf1._.js:776
[   60362ms] [LOG] [Fast Refresh] done in 8011ms @ http://localhost:3000/_next/static/chunks/1ldn_next_dist_06gedf1._.js:776
[   60424ms] [LOG] [Fast Refresh] done in 8011ms @ http://localhost:3000/_next/static/chunks/1ldn_next_dist_06gedf1._.js:776
[   60487ms] [LOG] [Fast Refresh] done in 8011ms @ http://localhost:3000/_next/static/chunks/1ldn_next_dist_06gedf1._.js:776
[   60564ms] [LOG] [Fast Refresh] done in 8011ms @ http://localhost:3000/_next/static/chunks/1ldn_next_dist_06gedf1._.js:776
[   60642ms] [LOG] [Fast Refresh] done in 8011ms @ http://localhost:3000/_next/static/chunks/1ldn_next_dist_06gedf1._.js:776
[   60704ms] [LOG] [Fast Refresh] done in 8011ms @ http://localhost:3000/_next/static/chunks/1ldn_next_dist_06gedf1._.js:776
[   60766ms] [LOG] [Fast Refresh] done in 8011ms @ http://localhost:3000/_next/static/chunks/1ldn_next_dist_06gedf1._.js:776
[   60829ms] [LOG] [Fast Refresh] done in 8011ms @ http://localhost:3000/_next/static/chunks/1ldn_next_dist_06gedf1._.js:776
[   60892ms] [LOG] [Fast Refresh] done in 8011ms @ http://localhost:3000/_next/static/chunks/1ldn_next_dist_06gedf1._.js:776
[   60953ms] [LOG] [Fast Refresh] done in 8011ms @ http://localhost:3000/_next/static/chunks/1ldn_next_dist_06gedf1._.js:776
[   61017ms] [LOG] [Fast Refresh] done in 8011ms @ http://localhost:3000/_next/static/chunks/1ldn_next_dist_06gedf1._.js:776
[   61078ms] [LOG] [Fast Refresh] done in 8011ms @ http://localhost:3000/_next/static/chunks/1ldn_next_dist_06gedf1._.js:776
[   61140ms] [LOG] [Fast Refresh] done in 8011ms @ http://localhost:3000/_next/static/chunks/1ldn_next_dist_06gedf1._.js:776
[   61203ms] [LOG] [Fast Refresh] done in 8011ms @ http://localhost:3000/_next/static/chunks/1ldn_next_dist_06gedf1._.js:776
[   61266ms] [LOG] [Fast Refresh] done in 8011ms @ http://localhost:3000/_next/static/chunks/1ldn_next_dist_06gedf1._.js:776
[   61330ms] [LOG] [Fast Refresh] done in 8011ms @ http://localhost:3000/_next/static/chunks/1ldn_next_dist_06gedf1._.js:776
[   61390ms] [LOG] [Fast Refresh] done in 8011ms @ http://localhost:3000/_next/static/chunks/1ldn_next_dist_06gedf1._.js:776
[   61452ms] [LOG] [Fast Refresh] done in 8011ms @ http://localhost:3000/_next/static/chunks/1ldn_next_dist_06gedf1._.js:776
[   61515ms] [LOG] [Fast Refresh] done in 8011ms @ http://localhost:3000/_next/static/chunks/1ldn_next_dist_06gedf1._.js:776
[   61580ms] [LOG] [Fast Refresh] done in 8011ms @ http://localhost:3000/_next/static/chunks/1ldn_next_dist_06gedf1._.js:776
[   61641ms] [LOG] [Fast Refresh] done in 8011ms @ http://localhost:3000/_next/static/chunks/1ldn_next_dist_06gedf1._.js:776
[   61703ms] [LOG] [Fast Refresh] done in 8011ms @ http://localhost:3000/_next/static/chunks/1ldn_next_dist_06gedf1._.js:776
[   61765ms] [LOG] [Fast Refresh] done in 8011ms @ http://localhost:3000/_next/static/chunks/1ldn_next_dist_06gedf1._.js:776
[   61829ms] [LOG] [Fast Refresh] done in 8011ms @ http://localhost:3000/_next/static/chunks/1ldn_next_dist_06gedf1._.js:776
[   61890ms] [LOG] [Fast Refresh] done in 8011ms @ http://localhost:3000/_next/static/chunks/1ldn_next_dist_06gedf1._.js:776
[   61951ms] [LOG] [Fast Refresh] done in 8011ms @ http://localhost:3000/_next/static/chunks/1ldn_next_dist_06gedf1._.js:776
[   62029ms] [LOG] [Fast Refresh] done in 8011ms @ http://localhost:3000/_next/static/chunks/1ldn_next_dist_06gedf1._.js:776
[   62097ms] [LOG] [Fast Refresh] done in 8011ms @ http://localhost:3000/_next/static/chunks/1ldn_next_dist_06gedf1._.js:776
[   62155ms] [LOG] [Fast Refresh] done in 8011ms @ http://localhost:3000/_next/static/chunks/1ldn_next_dist_06gedf1._.js:776
[   62217ms] [LOG] [Fast Refresh] done in 8011ms @ http://localhost:3000/_next/static/chunks/1ldn_next_dist_06gedf1._.js:776
[   62279ms] [LOG] [Fast Refresh] done in 8011ms @ http://localhost:3000/_next/static/chunks/1ldn_next_dist_06gedf1._.js:776
[   62356ms] [LOG] [Fast Refresh] done in 8011ms @ http://localhost:3000/_next/static/chunks/1ldn_next_dist_06gedf1._.js:776
[   62418ms] [LOG] [Fast Refresh] done in 8011ms @ http://localhost:3000/_next/static/chunks/1ldn_next_dist_06gedf1._.js:776
[   62482ms] [LOG] [Fast Refresh] done in 8011ms @ http://localhost:3000/_next/static/chunks/1ldn_next_dist_06gedf1._.js:776
[   62546ms] [LOG] [Fast Refresh] done in 8011ms @ http://localhost:3000/_next/static/chunks/1ldn_next_dist_06gedf1._.js:776
[   62621ms] [LOG] [Fast Refresh] done in 8011ms @ http://localhost:3000/_next/static/chunks/1ldn_next_dist_06gedf1._.js:776
[   62684ms] [LOG] [Fast Refresh] done in 8011ms @ http://localhost:3000/_next/static/chunks/1ldn_next_dist_06gedf1._.js:776
[   62746ms] [LOG] [Fast Refresh] done in 8011ms @ http://localhost:3000/_next/static/chunks/1ldn_next_dist_06gedf1._.js:776
[   62827ms] [LOG] [Fast Refresh] done in 8011ms @ http://localhost:3000/_next/static/chunks/1ldn_next_dist_06gedf1._.js:776
[   62888ms] [LOG] [Fast Refresh] done in 8011ms @ http://localhost:3000/_next/static/chunks/1ldn_next_dist_06gedf1._.js:776
[   62952ms] [LOG] [Fast Refresh] done in 8011ms @ http://localhost:3000/_next/static/chunks/1ldn_next_dist_06gedf1._.js:776
[   63014ms] [LOG] [Fast Refresh] done in 8011ms @ http://localhost:3000/_next/static/chunks/1ldn_next_dist_06gedf1._.js:776
[   63078ms] [LOG] [Fast Refresh] done in 8011ms @ http://localhost:3000/_next/static/chunks/1ldn_next_dist_06gedf1._.js:776
[   63139ms] [LOG] [Fast Refresh] done in 8011ms @ http://localhost:3000/_next/static/chunks/1ldn_next_dist_06gedf1._.js:776
[   63202ms] [LOG] [Fast Refresh] done in 8011ms @ http://localhost:3000/_next/static/chunks/1ldn_next_dist_06gedf1._.js:776
[   63263ms] [LOG] [Fast Refresh] done in 8011ms @ http://localhost:3000/_next/static/chunks/1ldn_next_dist_06gedf1._.js:776
[   63326ms] [LOG] [Fast Refresh] done in 8011ms @ http://localhost:3000/_next/static/chunks/1ldn_next_dist_06gedf1._.js:776
[   63386ms] [LOG] [Fast Refresh] done in 8011ms @ http://localhost:3000/_next/static/chunks/1ldn_next_dist_06gedf1._.js:776
[   63449ms] [LOG] [Fast Refresh] done in 8011ms @ http://localhost:3000/_next/static/chunks/1ldn_next_dist_06gedf1._.js:776
[   63512ms] [LOG] [Fast Refresh] done in 8011ms @ http://localhost:3000/_next/static/chunks/1ldn_next_dist_06gedf1._.js:776
[   63576ms] [LOG] [Fast Refresh] done in 8011ms @ http://localhost:3000/_next/static/chunks/1ldn_next_dist_06gedf1._.js:776
[   63637ms] [LOG] [Fast Refresh] done in 8011ms @ http://localhost:3000/_next/static/chunks/1ldn_next_dist_06gedf1._.js:776
[   63701ms] [LOG] [Fast Refresh] done in 8011ms @ http://localhost:3000/_next/static/chunks/1ldn_next_dist_06gedf1._.js:776
[   63780ms] [LOG] [Fast Refresh] done in 8011ms @ http://localhost:3000/_next/static/chunks/1ldn_next_dist_06gedf1._.js:776
[   63839ms] [LOG] [Fast Refresh] done in 8011ms @ http://localhost:3000/_next/static/chunks/1ldn_next_dist_06gedf1._.js:776
[   63901ms] [LOG] [Fast Refresh] done in 8011ms @ http://localhost:3000/_next/static/chunks/1ldn_next_dist_06gedf1._.js:776
[   63964ms] [LOG] [Fast Refresh] done in 8011ms @ http://localhost:3000/_next/static/chunks/1ldn_next_dist_06gedf1._.js:776
[   64027ms] [LOG] [Fast Refresh] done in 8011ms @ http://localhost:3000/_next/static/chunks/1ldn_next_dist_06gedf1._.js:776
[   64089ms] [LOG] [Fast Refresh] done in 8011ms @ http://localhost:3000/_next/static/chunks/1ldn_next_dist_06gedf1._.js:776
[   64156ms] [LOG] [Fast Refresh] done in 8011ms @ http://localhost:3000/_next/static/chunks/1ldn_next_dist_06gedf1._.js:776
[   64216ms] [LOG] [Fast Refresh] done in 8011ms @ http://localhost:3000/_next/static/chunks/1ldn_next_dist_06gedf1._.js:776
[   64278ms] [LOG] [Fast Refresh] done in 8011ms @ http://localhost:3000/_next/static/chunks/1ldn_next_dist_06gedf1._.js:776
[   64358ms] [LOG] [Fast Refresh] done in 8011ms @ http://localhost:3000/_next/static/chunks/1ldn_next_dist_06gedf1._.js:776
[   64435ms] [LOG] [Fast Refresh] done in 8011ms @ http://localhost:3000/_next/static/chunks/1ldn_next_dist_06gedf1._.js:776
[   64530ms] [LOG] [Fast Refresh] done in 8011ms @ http://localhost:3000/_next/static/chunks/1ldn_next_dist_06gedf1._.js:776
[   64605ms] [LOG] [Fast Refresh] done in 8011ms @ http://localhost:3000/_next/static/chunks/1ldn_next_dist_06gedf1._.js:776
[   64668ms] [LOG] [Fast Refresh] done in 8011ms @ http://localhost:3000/_next/static/chunks/1ldn_next_dist_06gedf1._.js:776
[   64731ms] [LOG] [Fast Refresh] done in 8011ms @ http://localhost:3000/_next/static/chunks/1ldn_next_dist_06gedf1._.js:776
[   64793ms] [LOG] [Fast Refresh] done in 8011ms @ http://localhost:3000/_next/static/chunks/1ldn_next_dist_06gedf1._.js:776
[   64870ms] [LOG] [Fast Refresh] done in 8011ms @ http://localhost:3000/_next/static/chunks/1ldn_next_dist_06gedf1._.js:776
[   64947ms] [LOG] [Fast Refresh] done in 8011ms @ http://localhost:3000/_next/static/chunks/1ldn_next_dist_06gedf1._.js:776
[   65013ms] [LOG] [Fast Refresh] done in 8011ms @ http://localhost:3000/_next/static/chunks/1ldn_next_dist_06gedf1._.js:776
[   65074ms] [LOG] [Fast Refresh] done in 8011ms @ http://localhost:3000/_next/static/chunks/1ldn_next_dist_06gedf1._.js:776
[   65149ms] [LOG] [Fast Refresh] done in 8011ms @ http://localhost:3000/_next/static/chunks/1ldn_next_dist_06gedf1._.js:776
[   65211ms] [LOG] [Fast Refresh] done in 8011ms @ http://localhost:3000/_next/static/chunks/1ldn_next_dist_06gedf1._.js:776
[   65275ms] [LOG] [Fast Refresh] done in 8011ms @ http://localhost:3000/_next/static/chunks/1ldn_next_dist_06gedf1._.js:776
[   65336ms] [LOG] [Fast Refresh] done in 8011ms @ http://localhost:3000/_next/static/chunks/1ldn_next_dist_06gedf1._.js:776
[   65397ms] [LOG] [Fast Refresh] done in 8011ms @ http://localhost:3000/_next/static/chunks/1ldn_next_dist_06gedf1._.js:776
[   65460ms] [LOG] [Fast Refresh] done in 8011ms @ http://localhost:3000/_next/static/chunks/1ldn_next_dist_06gedf1._.js:776
[   65525ms] [LOG] [Fast Refresh] done in 8011ms @ http://localhost:3000/_next/static/chunks/1ldn_next_dist_06gedf1._.js:776
[   65585ms] [LOG] [Fast Refresh] done in 8011ms @ http://localhost:3000/_next/static/chunks/1ldn_next_dist_06gedf1._.js:776
[   65650ms] [LOG] [Fast Refresh] done in 8011ms @ http://localhost:3000/_next/static/chunks/1ldn_next_dist_06gedf1._.js:776
[   65703ms] [LOG] [Fast Refresh] done in 8011ms @ http://localhost:3000/_next/static/chunks/1ldn_next_dist_06gedf1._.js:776
[   65780ms] [LOG] [Fast Refresh] done in 8011ms @ http://localhost:3000/_next/static/chunks/1ldn_next_dist_06gedf1._.js:776
[   65844ms] [LOG] [Fast Refresh] done in 8011ms @ http://localhost:3000/_next/static/chunks/1ldn_next_dist_06gedf1._.js:776
[   65906ms] [LOG] [Fast Refresh] done in 8011ms @ http://localhost:3000/_next/static/chunks/1ldn_next_dist_06gedf1._.js:776
[   65966ms] [LOG] [Fast Refresh] done in 8011ms @ http://localhost:3000/_next/static/chunks/1ldn_next_dist_06gedf1._.js:776
[   66029ms] [LOG] [Fast Refresh] done in 8011ms @ http://localhost:3000/_next/static/chunks/1ldn_next_dist_06gedf1._.js:776
[   66094ms] [LOG] [Fast Refresh] done in 8011ms @ http://localhost:3000/_next/static/chunks/1ldn_next_dist_06gedf1._.js:776
[   66168ms] [LOG] [Fast Refresh] done in 8011ms @ http://localhost:3000/_next/static/chunks/1ldn_next_dist_06gedf1._.js:776
[   66230ms] [LOG] [Fast Refresh] done in 8011ms @ http://localhost:3000/_next/static/chunks/1ldn_next_dist_06gedf1._.js:776
[   66291ms] [LOG] [Fast Refresh] done in 8011ms @ http://localhost:3000/_next/static/chunks/1ldn_next_dist_06gedf1._.js:776
[   66354ms] [LOG] [Fast Refresh] done in 8011ms @ http://localhost:3000/_next/static/chunks/1ldn_next_dist_06gedf1._.js:776
[   66417ms] [LOG] [Fast Refresh] done in 8011ms @ http://localhost:3000/_next/static/chunks/1ldn_next_dist_06gedf1._.js:776
[   66479ms] [LOG] [Fast Refresh] done in 8011ms @ http://localhost:3000/_next/static/chunks/1ldn_next_dist_06gedf1._.js:776
[   66560ms] [LOG] [Fast Refresh] done in 8011ms @ http://localhost:3000/_next/static/chunks/1ldn_next_dist_06gedf1._.js:776
[   66624ms] [LOG] [Fast Refresh] done in 8011ms @ http://localhost:3000/_next/static/chunks/1ldn_next_dist_06gedf1._.js:776
[   66700ms] [LOG] [Fast Refresh] done in 8011ms @ http://localhost:3000/_next/static/chunks/1ldn_next_dist_06gedf1._.js:776
[   66763ms] [LOG] [Fast Refresh] done in 8011ms @ http://localhost:3000/_next/static/chunks/1ldn_next_dist_06gedf1._.js:776
[   66827ms] [LOG] [Fast Refresh] done in 8011ms @ http://localhost:3000/_next/static/chunks/1ldn_next_dist_06gedf1._.js:776
[   66889ms] [LOG] [Fast Refresh] done in 8011ms @ http://localhost:3000/_next/static/chunks/1ldn_next_dist_06gedf1._.js:776
[   66950ms] [LOG] [Fast Refresh] done in 8011ms @ http://localhost:3000/_next/static/chunks/1ldn_next_dist_06gedf1._.js:776
[   67013ms] [LOG] [Fast Refresh] done in 8011ms @ http://localhost:3000/_next/static/chunks/1ldn_next_dist_06gedf1._.js:776
[   67090ms] [LOG] [Fast Refresh] done in 8011ms @ http://localhost:3000/_next/static/chunks/1ldn_next_dist_06gedf1._.js:776
[   67170ms] [LOG] [Fast Refresh] done in 8011ms @ http://localhost:3000/_next/static/chunks/1ldn_next_dist_06gedf1._.js:776
[   67246ms] [LOG] [Fast Refresh] done in 8011ms @ http://localhost:3000/_next/static/chunks/1ldn_next_dist_06gedf1._.js:776
[   67311ms] [LOG] [Fast Refresh] done in 8011ms @ http://localhost:3000/_next/static/chunks/1ldn_next_dist_06gedf1._.js:776
[   67374ms] [LOG] [Fast Refresh] done in 8011ms @ http://localhost:3000/_next/static/chunks/1ldn_next_dist_06gedf1._.js:776
[   67445ms] [LOG] [Fast Refresh] done in 8011ms @ http://localhost:3000/_next/static/chunks/1ldn_next_dist_06gedf1._.js:776
[   67508ms] [LOG] [Fast Refresh] done in 8011ms @ http://localhost:3000/_next/static/chunks/1ldn_next_dist_06gedf1._.js:776
[   67570ms] [LOG] [Fast Refresh] done in 8011ms @ http://localhost:3000/_next/static/chunks/1ldn_next_dist_06gedf1._.js:776
[   67646ms] [LOG] [Fast Refresh] done in 8011ms @ http://localhost:3000/_next/static/chunks/1ldn_next_dist_06gedf1._.js:776
[   67709ms] [LOG] [Fast Refresh] done in 8011ms @ http://localhost:3000/_next/static/chunks/1ldn_next_dist_06gedf1._.js:776
[   67773ms] [LOG] [Fast Refresh] done in 8011ms @ http://localhost:3000/_next/static/chunks/1ldn_next_dist_06gedf1._.js:776
[   67849ms] [LOG] [Fast Refresh] done in 8011ms @ http://localhost:3000/_next/static/chunks/1ldn_next_dist_06gedf1._.js:776
[   67913ms] [LOG] [Fast Refresh] done in 8011ms @ http://localhost:3000/_next/static/chunks/1ldn_next_dist_06gedf1._.js:776
[   67991ms] [LOG] [Fast Refresh] done in 8011ms @ http://localhost:3000/_next/static/chunks/1ldn_next_dist_06gedf1._.js:776
[   68052ms] [LOG] [Fast Refresh] done in 8011ms @ http://localhost:3000/_next/static/chunks/1ldn_next_dist_06gedf1._.js:776
[   68126ms] [LOG] [Fast Refresh] done in 8011ms @ http://localhost:3000/_next/static/chunks/1ldn_next_dist_06gedf1._.js:776
[   68200ms] [LOG] [Fast Refresh] done in 8011ms @ http://localhost:3000/_next/static/chunks/1ldn_next_dist_06gedf1._.js:776
[   68262ms] [LOG] [Fast Refresh] done in 8011ms @ http://localhost:3000/_next/static/chunks/1ldn_next_dist_06gedf1._.js:776
[   68324ms] [LOG] [Fast Refresh] done in 8011ms @ http://localhost:3000/_next/static/chunks/1ldn_next_dist_06gedf1._.js:776
[   68385ms] [LOG] [Fast Refresh] done in 8011ms @ http://localhost:3000/_next/static/chunks/1ldn_next_dist_06gedf1._.js:776
[   68463ms] [LOG] [Fast Refresh] done in 8011ms @ http://localhost:3000/_next/static/chunks/1ldn_next_dist_06gedf1._.js:776
[   68524ms] [LOG] [Fast Refresh] done in 8011ms @ http://localhost:3000/_next/static/chunks/1ldn_next_dist_06gedf1._.js:776
[   68589ms] [LOG] [Fast Refresh] done in 8011ms @ http://localhost:3000/_next/static/chunks/1ldn_next_dist_06gedf1._.js:776
[   68649ms] [LOG] [Fast Refresh] done in 8011ms @ http://localhost:3000/_next/static/chunks/1ldn_next_dist_06gedf1._.js:776
[   68712ms] [LOG] [Fast Refresh] done in 8011ms @ http://localhost:3000/_next/static/chunks/1ldn_next_dist_06gedf1._.js:776
[   68773ms] [LOG] [Fast Refresh] done in 8011ms @ http://localhost:3000/_next/static/chunks/1ldn_next_dist_06gedf1._.js:776
[   68851ms] [LOG] [Fast Refresh] done in 8011ms @ http://localhost:3000/_next/static/chunks/1ldn_next_dist_06gedf1._.js:776
[   68914ms] [LOG] [Fast Refresh] done in 8011ms @ http://localhost:3000/_next/static/chunks/1ldn_next_dist_06gedf1._.js:776
[   68977ms] [LOG] [Fast Refresh] done in 8011ms @ http://localhost:3000/_next/static/chunks/1ldn_next_dist_06gedf1._.js:776
[   69037ms] [LOG] [Fast Refresh] done in 8011ms @ http://localhost:3000/_next/static/chunks/1ldn_next_dist_06gedf1._.js:776
[   69100ms] [LOG] [Fast Refresh] done in 8011ms @ http://localhost:3000/_next/static/chunks/1ldn_next_dist_06gedf1._.js:776
[   69178ms] [LOG] [Fast Refresh] done in 8011ms @ http://localhost:3000/_next/static/chunks/1ldn_next_dist_06gedf1._.js:776
[   69248ms] [LOG] [Fast Refresh] done in 8011ms @ http://localhost:3000/_next/static/chunks/1ldn_next_dist_06gedf1._.js:776
[   69312ms] [LOG] [Fast Refresh] done in 8011ms @ http://localhost:3000/_next/static/chunks/1ldn_next_dist_06gedf1._.js:776
[   69374ms] [LOG] [Fast Refresh] done in 8011ms @ http://localhost:3000/_next/static/chunks/1ldn_next_dist_06gedf1._.js:776
[   69437ms] [LOG] [Fast Refresh] done in 8011ms @ http://localhost:3000/_next/static/chunks/1ldn_next_dist_06gedf1._.js:776
[   69513ms] [LOG] [Fast Refresh] done in 8011ms @ http://localhost:3000/_next/static/chunks/1ldn_next_dist_06gedf1._.js:776
[   69573ms] [LOG] [Fast Refresh] done in 8011ms @ http://localhost:3000/_next/static/chunks/1ldn_next_dist_06gedf1._.js:776
[   69655ms] [LOG] [Fast Refresh] done in 8011ms @ http://localhost:3000/_next/static/chunks/1ldn_next_dist_06gedf1._.js:776
[   69714ms] [LOG] [Fast Refresh] done in 8011ms @ http://localhost:3000/_next/static/chunks/1ldn_next_dist_06gedf1._.js:776
[   69792ms] [LOG] [Fast Refresh] done in 8011ms @ http://localhost:3000/_next/static/chunks/1ldn_next_dist_06gedf1._.js:776
[   69855ms] [LOG] [Fast Refresh] done in 8011ms @ http://localhost:3000/_next/static/chunks/1ldn_next_dist_06gedf1._.js:776
[   69921ms] [LOG] [Fast Refresh] done in 8011ms @ http://localhost:3000/_next/static/chunks/1ldn_next_dist_06gedf1._.js:776
[   69995ms] [LOG] [Fast Refresh] done in 8011ms @ http://localhost:3000/_next/static/chunks/1ldn_next_dist_06gedf1._.js:776
[   70057ms] [LOG] [Fast Refresh] done in 8011ms @ http://localhost:3000/_next/static/chunks/1ldn_next_dist_06gedf1._.js:776
[   70120ms] [LOG] [Fast Refresh] done in 8011ms @ http://localhost:3000/_next/static/chunks/1ldn_next_dist_06gedf1._.js:776
[   70191ms] [LOG] [Fast Refresh] done in 8011ms @ http://localhost:3000/_next/static/chunks/1ldn_next_dist_06gedf1._.js:776
[   70255ms] [LOG] [Fast Refresh] done in 8011ms @ http://localhost:3000/_next/static/chunks/1ldn_next_dist_06gedf1._.js:776
[   70317ms] [LOG] [Fast Refresh] done in 8011ms @ http://localhost:3000/_next/static/chunks/1ldn_next_dist_06gedf1._.js:776
[   70380ms] [LOG] [Fast Refresh] done in 8011ms @ http://localhost:3000/_next/static/chunks/1ldn_next_dist_06gedf1._.js:776
[   70443ms] [LOG] [Fast Refresh] done in 8011ms @ http://localhost:3000/_next/static/chunks/1ldn_next_dist_06gedf1._.js:776
[   70507ms] [LOG] [Fast Refresh] done in 8011ms @ http://localhost:3000/_next/static/chunks/1ldn_next_dist_06gedf1._.js:776
[   70570ms] [LOG] [Fast Refresh] done in 8011ms @ http://localhost:3000/_next/static/chunks/1ldn_next_dist_06gedf1._.js:776
[   70647ms] [LOG] [Fast Refresh] done in 8011ms @ http://localhost:3000/_next/static/chunks/1ldn_next_dist_06gedf1._.js:776
[   70711ms] [LOG] [Fast Refresh] done in 8011ms @ http://localhost:3000/_next/static/chunks/1ldn_next_dist_06gedf1._.js:776
[   70772ms] [LOG] [Fast Refresh] done in 8011ms @ http://localhost:3000/_next/static/chunks/1ldn_next_dist_06gedf1._.js:776
[   70852ms] [LOG] [Fast Refresh] done in 8011ms @ http://localhost:3000/_next/static/chunks/1ldn_next_dist_06gedf1._.js:776
[   70912ms] [LOG] [Fast Refresh] done in 8011ms @ http://localhost:3000/_next/static/chunks/1ldn_next_dist_06gedf1._.js:776
[   70973ms] [LOG] [Fast Refresh] done in 8011ms @ http://localhost:3000/_next/static/chunks/1ldn_next_dist_06gedf1._.js:776
[   71052ms] [LOG] [Fast Refresh] done in 8011ms @ http://localhost:3000/_next/static/chunks/1ldn_next_dist_06gedf1._.js:776
[   71112ms] [LOG] [Fast Refresh] done in 8011ms @ http://localhost:3000/_next/static/chunks/1ldn_next_dist_06gedf1._.js:776
[   71174ms] [LOG] [Fast Refresh] done in 8011ms @ http://localhost:3000/_next/static/chunks/1ldn_next_dist_06gedf1._.js:776
[   71253ms] [LOG] [Fast Refresh] done in 8011ms @ http://localhost:3000/_next/static/chunks/1ldn_next_dist_06gedf1._.js:776
[   71314ms] [LOG] [Fast Refresh] done in 8011ms @ http://localhost:3000/_next/static/chunks/1ldn_next_dist_06gedf1._.js:776
[   71391ms] [LOG] [Fast Refresh] done in 8011ms @ http://localhost:3000/_next/static/chunks/1ldn_next_dist_06gedf1._.js:776
[   71453ms] [LOG] [Fast Refresh] done in 8011ms @ http://localhost:3000/_next/static/chunks/1ldn_next_dist_06gedf1._.js:776
[   71514ms] [LOG] [Fast Refresh] done in 8011ms @ http://localhost:3000/_next/static/chunks/1ldn_next_dist_06gedf1._.js:776
[   71592ms] [LOG] [Fast Refresh] done in 8011ms @ http://localhost:3000/_next/static/chunks/1ldn_next_dist_06gedf1._.js:776
[   71670ms] [LOG] [Fast Refresh] done in 8011ms @ http://localhost:3000/_next/static/chunks/1ldn_next_dist_06gedf1._.js:776
[   71731ms] [LOG] [Fast Refresh] done in 8011ms @ http://localhost:3000/_next/static/chunks/1ldn_next_dist_06gedf1._.js:776
[   71794ms] [LOG] [Fast Refresh] done in 8011ms @ http://localhost:3000/_next/static/chunks/1ldn_next_dist_06gedf1._.js:776
[   71855ms] [LOG] [Fast Refresh] done in 8011ms @ http://localhost:3000/_next/static/chunks/1ldn_next_dist_06gedf1._.js:776
[   71918ms] [LOG] [Fast Refresh] done in 8011ms @ http://localhost:3000/_next/static/chunks/1ldn_next_dist_06gedf1._.js:776
[   71995ms] [LOG] [Fast Refresh] done in 8011ms @ http://localhost:3000/_next/static/chunks/1ldn_next_dist_06gedf1._.js:776
[   72057ms] [LOG] [Fast Refresh] done in 8011ms @ http://localhost:3000/_next/static/chunks/1ldn_next_dist_06gedf1._.js:776
[   72119ms] [LOG] [Fast Refresh] done in 8011ms @ http://localhost:3000/_next/static/chunks/1ldn_next_dist_06gedf1._.js:776
[   72197ms] [LOG] [Fast Refresh] done in 8011ms @ http://localhost:3000/_next/static/chunks/1ldn_next_dist_06gedf1._.js:776
[   72274ms] [LOG] [Fast Refresh] done in 8011ms @ http://localhost:3000/_next/static/chunks/1ldn_next_dist_06gedf1._.js:776
[   72337ms] [LOG] [Fast Refresh] done in 8011ms @ http://localhost:3000/_next/static/chunks/1ldn_next_dist_06gedf1._.js:776
[   72398ms] [LOG] [Fast Refresh] done in 8011ms @ http://localhost:3000/_next/static/chunks/1ldn_next_dist_06gedf1._.js:776
[   72460ms] [LOG] [Fast Refresh] done in 8011ms @ http://localhost:3000/_next/static/chunks/1ldn_next_dist_06gedf1._.js:776
[   72522ms] [LOG] [Fast Refresh] done in 8011ms @ http://localhost:3000/_next/static/chunks/1ldn_next_dist_06gedf1._.js:776
[   72587ms] [LOG] [Fast Refresh] done in 8011ms @ http://localhost:3000/_next/static/chunks/1ldn_next_dist_06gedf1._.js:776
[   72661ms] [LOG] [Fast Refresh] done in 8011ms @ http://localhost:3000/_next/static/chunks/1ldn_next_dist_06gedf1._.js:776
[   72725ms] [LOG] [Fast Refresh] done in 8011ms @ http://localhost:3000/_next/static/chunks/1ldn_next_dist_06gedf1._.js:776
[   72788ms] [LOG] [Fast Refresh] done in 8011ms @ http://localhost:3000/_next/static/chunks/1ldn_next_dist_06gedf1._.js:776
[   72866ms] [LOG] [Fast Refresh] done in 8011ms @ http://localhost:3000/_next/static/chunks/1ldn_next_dist_06gedf1._.js:776
[   72928ms] [LOG] [Fast Refresh] done in 8011ms @ http://localhost:3000/_next/static/chunks/1ldn_next_dist_06gedf1._.js:776
[   72992ms] [LOG] [Fast Refresh] done in 8011ms @ http://localhost:3000/_next/static/chunks/1ldn_next_dist_06gedf1._.js:776
[   73055ms] [LOG] [Fast Refresh] done in 8011ms @ http://localhost:3000/_next/static/chunks/1ldn_next_dist_06gedf1._.js:776
[   73118ms] [LOG] [Fast Refresh] done in 8011ms @ http://localhost:3000/_next/static/chunks/1ldn_next_dist_06gedf1._.js:776
[   73184ms] [LOG] [Fast Refresh] done in 8011ms @ http://localhost:3000/_next/static/chunks/1ldn_next_dist_06gedf1._.js:776
[   73275ms] [LOG] [Fast Refresh] done in 8011ms @ http://localhost:3000/_next/static/chunks/1ldn_next_dist_06gedf1._.js:776
[   73354ms] [LOG] [Fast Refresh] done in 8011ms @ http://localhost:3000/_next/static/chunks/1ldn_next_dist_06gedf1._.js:776
[   73419ms] [LOG] [Fast Refresh] done in 8011ms @ http://localhost:3000/_next/static/chunks/1ldn_next_dist_06gedf1._.js:776
[   73484ms] [LOG] [Fast Refresh] done in 8011ms @ http://localhost:3000/_next/static/chunks/1ldn_next_dist_06gedf1._.js:776
[   73559ms] [LOG] [Fast Refresh] done in 8011ms @ http://localhost:3000/_next/static/chunks/1ldn_next_dist_06gedf1._.js:776
[   73638ms] [LOG] [Fast Refresh] done in 8011ms @ http://localhost:3000/_next/static/chunks/1ldn_next_dist_06gedf1._.js:776
[   73716ms] [LOG] [Fast Refresh] done in 8011ms @ http://localhost:3000/_next/static/chunks/1ldn_next_dist_06gedf1._.js:776
[   73793ms] [LOG] [Fast Refresh] done in 8011ms @ http://localhost:3000/_next/static/chunks/1ldn_next_dist_06gedf1._.js:776
[   73856ms] [LOG] [Fast Refresh] done in 8011ms @ http://localhost:3000/_next/static/chunks/1ldn_next_dist_06gedf1._.js:776
[   73918ms] [LOG] [Fast Refresh] done in 8011ms @ http://localhost:3000/_next/static/chunks/1ldn_next_dist_06gedf1._.js:776
[   73981ms] [LOG] [Fast Refresh] done in 8011ms @ http://localhost:3000/_next/static/chunks/1ldn_next_dist_06gedf1._.js:776
[   74043ms] [LOG] [Fast Refresh] done in 8011ms @ http://localhost:3000/_next/static/chunks/1ldn_next_dist_06gedf1._.js:776
[   74106ms] [LOG] [Fast Refresh] done in 8011ms @ http://localhost:3000/_next/static/chunks/1ldn_next_dist_06gedf1._.js:776
[   74167ms] [LOG] [Fast Refresh] done in 8011ms @ http://localhost:3000/_next/static/chunks/1ldn_next_dist_06gedf1._.js:776
[   74245ms] [LOG] [Fast Refresh] done in 8011ms @ http://localhost:3000/_next/static/chunks/1ldn_next_dist_06gedf1._.js:776
[   74307ms] [LOG] [Fast Refresh] done in 8011ms @ http://localhost:3000/_next/static/chunks/1ldn_next_dist_06gedf1._.js:776
[   74369ms] [LOG] [Fast Refresh] done in 8011ms @ http://localhost:3000/_next/static/chunks/1ldn_next_dist_06gedf1._.js:776
[   74433ms] [LOG] [Fast Refresh] done in 8011ms @ http://localhost:3000/_next/static/chunks/1ldn_next_dist_06gedf1._.js:776
[   74494ms] [LOG] [Fast Refresh] done in 8011ms @ http://localhost:3000/_next/static/chunks/1ldn_next_dist_06gedf1._.js:776
[   74558ms] [LOG] [Fast Refresh] done in 8011ms @ http://localhost:3000/_next/static/chunks/1ldn_next_dist_06gedf1._.js:776
[   74620ms] [LOG] [Fast Refresh] done in 8011ms @ http://localhost:3000/_next/static/chunks/1ldn_next_dist_06gedf1._.js:776
[   74684ms] [LOG] [Fast Refresh] done in 8011ms @ http://localhost:3000/_next/static/chunks/1ldn_next_dist_06gedf1._.js:776
[   74748ms] [LOG] [Fast Refresh] done in 8011ms @ http://localhost:3000/_next/static/chunks/1ldn_next_dist_06gedf1._.js:776
[   74809ms] [LOG] [Fast Refresh] done in 8011ms @ http://localhost:3000/_next/static/chunks/1ldn_next_dist_06gedf1._.js:776
[   74873ms] [LOG] [Fast Refresh] done in 8011ms @ http://localhost:3000/_next/static/chunks/1ldn_next_dist_06gedf1._.js:776
[   74936ms] [LOG] [Fast Refresh] done in 8011ms @ http://localhost:3000/_next/static/chunks/1ldn_next_dist_06gedf1._.js:776
[   74999ms] [LOG] [Fast Refresh] done in 8011ms @ http://localhost:3000/_next/static/chunks/1ldn_next_dist_06gedf1._.js:776
[   75059ms] [LOG] [Fast Refresh] done in 8011ms @ http://localhost:3000/_next/static/chunks/1ldn_next_dist_06gedf1._.js:776
[   75122ms] [LOG] [Fast Refresh] done in 8011ms @ http://localhost:3000/_next/static/chunks/1ldn_next_dist_06gedf1._.js:776
[   75184ms] [LOG] [Fast Refresh] done in 8011ms @ http://localhost:3000/_next/static/chunks/1ldn_next_dist_06gedf1._.js:776
[   75251ms] [LOG] [Fast Refresh] done in 8011ms @ http://localhost:3000/_next/static/chunks/1ldn_next_dist_06gedf1._.js:776
[   75325ms] [LOG] [Fast Refresh] done in 8011ms @ http://localhost:3000/_next/static/chunks/1ldn_next_dist_06gedf1._.js:776
[   75404ms] [LOG] [Fast Refresh] done in 8011ms @ http://localhost:3000/_next/static/chunks/1ldn_next_dist_06gedf1._.js:776
[   75483ms] [LOG] [Fast Refresh] done in 8011ms @ http://localhost:3000/_next/static/chunks/1ldn_next_dist_06gedf1._.js:776
[   75544ms] [LOG] [Fast Refresh] done in 8011ms @ http://localhost:3000/_next/static/chunks/1ldn_next_dist_06gedf1._.js:776
[   75604ms] [LOG] [Fast Refresh] done in 8011ms @ http://localhost:3000/_next/static/chunks/1ldn_next_dist_06gedf1._.js:776
[   75667ms] [LOG] [Fast Refresh] done in 8011ms @ http://localhost:3000/_next/static/chunks/1ldn_next_dist_06gedf1._.js:776
[   75730ms] [LOG] [Fast Refresh] done in 8011ms @ http://localhost:3000/_next/static/chunks/1ldn_next_dist_06gedf1._.js:776
[   75792ms] [LOG] [Fast Refresh] done in 8011ms @ http://localhost:3000/_next/static/chunks/1ldn_next_dist_06gedf1._.js:776
[   75853ms] [LOG] [Fast Refresh] done in 8011ms @ http://localhost:3000/_next/static/chunks/1ldn_next_dist_06gedf1._.js:776
[   75917ms] [LOG] [Fast Refresh] done in 8011ms @ http://localhost:3000/_next/static/chunks/1ldn_next_dist_06gedf1._.js:776
[   75980ms] [LOG] [Fast Refresh] done in 8011ms @ http://localhost:3000/_next/static/chunks/1ldn_next_dist_06gedf1._.js:776
[   76041ms] [LOG] [Fast Refresh] done in 8011ms @ http://localhost:3000/_next/static/chunks/1ldn_next_dist_06gedf1._.js:776
[   76102ms] [LOG] [Fast Refresh] done in 8011ms @ http://localhost:3000/_next/static/chunks/1ldn_next_dist_06gedf1._.js:776
[   76163ms] [LOG] [Fast Refresh] done in 8011ms @ http://localhost:3000/_next/static/chunks/1ldn_next_dist_06gedf1._.js:776
[   76226ms] [LOG] [Fast Refresh] done in 8011ms @ http://localhost:3000/_next/static/chunks/1ldn_next_dist_06gedf1._.js:776
[   76289ms] [LOG] [Fast Refresh] done in 8011ms @ http://localhost:3000/_next/static/chunks/1ldn_next_dist_06gedf1._.js:776
[   76350ms] [LOG] [Fast Refresh] done in 8011ms @ http://localhost:3000/_next/static/chunks/1ldn_next_dist_06gedf1._.js:776
[   76415ms] [LOG] [Fast Refresh] done in 8011ms @ http://localhost:3000/_next/static/chunks/1ldn_next_dist_06gedf1._.js:776
[   76475ms] [LOG] [Fast Refresh] done in 8011ms @ http://localhost:3000/_next/static/chunks/1ldn_next_dist_06gedf1._.js:776
[   76539ms] [LOG] [Fast Refresh] done in 8011ms @ http://localhost:3000/_next/static/chunks/1ldn_next_dist_06gedf1._.js:776
[   76597ms] [LOG] [Fast Refresh] done in 8011ms @ http://localhost:3000/_next/static/chunks/1ldn_next_dist_06gedf1._.js:776
[   76657ms] [LOG] [Fast Refresh] done in 8011ms @ http://localhost:3000/_next/static/chunks/1ldn_next_dist_06gedf1._.js:776
[   76720ms] [LOG] [Fast Refresh] done in 8011ms @ http://localhost:3000/_next/static/chunks/1ldn_next_dist_06gedf1._.js:776
[   76791ms] [LOG] [Fast Refresh] done in 8011ms @ http://localhost:3000/_next/static/chunks/1ldn_next_dist_06gedf1._.js:776
[   76855ms] [LOG] [Fast Refresh] done in 8011ms @ http://localhost:3000/_next/static/chunks/1ldn_next_dist_06gedf1._.js:776
[   76921ms] [LOG] [Fast Refresh] done in 8011ms @ http://localhost:3000/_next/static/chunks/1ldn_next_dist_06gedf1._.js:776
[   76980ms] [LOG] [Fast Refresh] done in 8011ms @ http://localhost:3000/_next/static/chunks/1ldn_next_dist_06gedf1._.js:776
[   77057ms] [LOG] [Fast Refresh] done in 8011ms @ http://localhost:3000/_next/static/chunks/1ldn_next_dist_06gedf1._.js:776
[   77120ms] [LOG] [Fast Refresh] done in 8011ms @ http://localhost:3000/_next/static/chunks/1ldn_next_dist_06gedf1._.js:776
[   77182ms] [LOG] [Fast Refresh] done in 8011ms @ http://localhost:3000/_next/static/chunks/1ldn_next_dist_06gedf1._.js:776
[   77247ms] [LOG] [Fast Refresh] done in 8011ms @ http://localhost:3000/_next/static/chunks/1ldn_next_dist_06gedf1._.js:776
[   77308ms] [LOG] [Fast Refresh] done in 8011ms @ http://localhost:3000/_next/static/chunks/1ldn_next_dist_06gedf1._.js:776
[   77368ms] [LOG] [Fast Refresh] done in 8011ms @ http://localhost:3000/_next/static/chunks/1ldn_next_dist_06gedf1._.js:776
[   77432ms] [LOG] [Fast Refresh] done in 8011ms @ http://localhost:3000/_next/static/chunks/1ldn_next_dist_06gedf1._.js:776
[   77494ms] [LOG] [Fast Refresh] done in 8011ms @ http://localhost:3000/_next/static/chunks/1ldn_next_dist_06gedf1._.js:776
[   77556ms] [LOG] [Fast Refresh] done in 8011ms @ http://localhost:3000/_next/static/chunks/1ldn_next_dist_06gedf1._.js:776
[   77617ms] [LOG] [Fast Refresh] done in 8011ms @ http://localhost:3000/_next/static/chunks/1ldn_next_dist_06gedf1._.js:776
[   77680ms] [LOG] [Fast Refresh] done in 8011ms @ http://localhost:3000/_next/static/chunks/1ldn_next_dist_06gedf1._.js:776
[   77744ms] [LOG] [Fast Refresh] done in 8011ms @ http://localhost:3000/_next/static/chunks/1ldn_next_dist_06gedf1._.js:776
[   77806ms] [LOG] [Fast Refresh] done in 8011ms @ http://localhost:3000/_next/static/chunks/1ldn_next_dist_06gedf1._.js:776
[   77869ms] [LOG] [Fast Refresh] done in 8011ms @ http://localhost:3000/_next/static/chunks/1ldn_next_dist_06gedf1._.js:776
[   77930ms] [LOG] [Fast Refresh] done in 8011ms @ http://localhost:3000/_next/static/chunks/1ldn_next_dist_06gedf1._.js:776
[   77994ms] [LOG] [Fast Refresh] done in 8011ms @ http://localhost:3000/_next/static/chunks/1ldn_next_dist_06gedf1._.js:776
[   78055ms] [LOG] [Fast Refresh] done in 8011ms @ http://localhost:3000/_next/static/chunks/1ldn_next_dist_06gedf1._.js:776
[   78119ms] [LOG] [Fast Refresh] done in 8011ms @ http://localhost:3000/_next/static/chunks/1ldn_next_dist_06gedf1._.js:776
[   78180ms] [LOG] [Fast Refresh] done in 8011ms @ http://localhost:3000/_next/static/chunks/1ldn_next_dist_06gedf1._.js:776
[   78242ms] [LOG] [Fast Refresh] done in 8011ms @ http://localhost:3000/_next/static/chunks/1ldn_next_dist_06gedf1._.js:776
[   78304ms] [LOG] [Fast Refresh] done in 8011ms @ http://localhost:3000/_next/static/chunks/1ldn_next_dist_06gedf1._.js:776
[   78366ms] [LOG] [Fast Refresh] done in 8011ms @ http://localhost:3000/_next/static/chunks/1ldn_next_dist_06gedf1._.js:776
[   78429ms] [LOG] [Fast Refresh] done in 8011ms @ http://localhost:3000/_next/static/chunks/1ldn_next_dist_06gedf1._.js:776
[   78491ms] [LOG] [Fast Refresh] done in 8011ms @ http://localhost:3000/_next/static/chunks/1ldn_next_dist_06gedf1._.js:776
[   78554ms] [LOG] [Fast Refresh] done in 8011ms @ http://localhost:3000/_next/static/chunks/1ldn_next_dist_06gedf1._.js:776
[   78618ms] [LOG] [Fast Refresh] done in 8011ms @ http://localhost:3000/_next/static/chunks/1ldn_next_dist_06gedf1._.js:776
[   78680ms] [LOG] [Fast Refresh] done in 8011ms @ http://localhost:3000/_next/static/chunks/1ldn_next_dist_06gedf1._.js:776
[   78741ms] [LOG] [Fast Refresh] done in 8011ms @ http://localhost:3000/_next/static/chunks/1ldn_next_dist_06gedf1._.js:776
[   78804ms] [LOG] [Fast Refresh] done in 8011ms @ http://localhost:3000/_next/static/chunks/1ldn_next_dist_06gedf1._.js:776
[   78865ms] [LOG] [Fast Refresh] done in 8011ms @ http://localhost:3000/_next/static/chunks/1ldn_next_dist_06gedf1._.js:776
[   78934ms] [LOG] [Fast Refresh] done in 8011ms @ http://localhost:3000/_next/static/chunks/1ldn_next_dist_06gedf1._.js:776
[   78996ms] [LOG] [Fast Refresh] done in 8011ms @ http://localhost:3000/_next/static/chunks/1ldn_next_dist_06gedf1._.js:776
[   79058ms] [LOG] [Fast Refresh] done in 8011ms @ http://localhost:3000/_next/static/chunks/1ldn_next_dist_06gedf1._.js:776
[   79129ms] [LOG] [Fast Refresh] done in 8011ms @ http://localhost:3000/_next/static/chunks/1ldn_next_dist_06gedf1._.js:776
[   79190ms] [LOG] [Fast Refresh] done in 8011ms @ http://localhost:3000/_next/static/chunks/1ldn_next_dist_06gedf1._.js:776
[   79258ms] [LOG] [Fast Refresh] done in 8011ms @ http://localhost:3000/_next/static/chunks/1ldn_next_dist_06gedf1._.js:776
[   79321ms] [LOG] [Fast Refresh] done in 8011ms @ http://localhost:3000/_next/static/chunks/1ldn_next_dist_06gedf1._.js:776
[   79383ms] [LOG] [Fast Refresh] done in 8011ms @ http://localhost:3000/_next/static/chunks/1ldn_next_dist_06gedf1._.js:776
[   79445ms] [LOG] [Fast Refresh] done in 8011ms @ http://localhost:3000/_next/static/chunks/1ldn_next_dist_06gedf1._.js:776
[   79523ms] [LOG] [Fast Refresh] done in 8011ms @ http://localhost:3000/_next/static/chunks/1ldn_next_dist_06gedf1._.js:776
[   79587ms] [LOG] [Fast Refresh] done in 8011ms @ http://localhost:3000/_next/static/chunks/1ldn_next_dist_06gedf1._.js:776
[   79649ms] [LOG] [Fast Refresh] done in 8011ms @ http://localhost:3000/_next/static/chunks/1ldn_next_dist_06gedf1._.js:776
[   79712ms] [LOG] [Fast Refresh] done in 8011ms @ http://localhost:3000/_next/static/chunks/1ldn_next_dist_06gedf1._.js:776
[   79774ms] [LOG] [Fast Refresh] done in 8011ms @ http://localhost:3000/_next/static/chunks/1ldn_next_dist_06gedf1._.js:776
[   79836ms] [LOG] [Fast Refresh] done in 8011ms @ http://localhost:3000/_next/static/chunks/1ldn_next_dist_06gedf1._.js:776
[   79899ms] [LOG] [Fast Refresh] done in 8011ms @ http://localhost:3000/_next/static/chunks/1ldn_next_dist_06gedf1._.js:776
[   79962ms] [LOG] [Fast Refresh] done in 8011ms @ http://localhost:3000/_next/static/chunks/1ldn_next_dist_06gedf1._.js:776
[   80026ms] [LOG] [Fast Refresh] done in 8011ms @ http://localhost:3000/_next/static/chunks/1ldn_next_dist_06gedf1._.js:776
[   80102ms] [LOG] [Fast Refresh] done in 8011ms @ http://localhost:3000/_next/static/chunks/1ldn_next_dist_06gedf1._.js:776
[   80170ms] [LOG] [Fast Refresh] done in 8011ms @ http://localhost:3000/_next/static/chunks/1ldn_next_dist_06gedf1._.js:776
[   80232ms] [LOG] [Fast Refresh] done in 8011ms @ http://localhost:3000/_next/static/chunks/1ldn_next_dist_06gedf1._.js:776
[   80294ms] [LOG] [Fast Refresh] done in 8011ms @ http://localhost:3000/_next/static/chunks/1ldn_next_dist_06gedf1._.js:776
[   80357ms] [LOG] [Fast Refresh] done in 8011ms @ http://localhost:3000/_next/static/chunks/1ldn_next_dist_06gedf1._.js:776
[   80419ms] [LOG] [Fast Refresh] done in 8011ms @ http://localhost:3000/_next/static/chunks/1ldn_next_dist_06gedf1._.js:776
[   80482ms] [LOG] [Fast Refresh] done in 8011ms @ http://localhost:3000/_next/static/chunks/1ldn_next_dist_06gedf1._.js:776
[   80543ms] [LOG] [Fast Refresh] done in 8011ms @ http://localhost:3000/_next/static/chunks/1ldn_next_dist_06gedf1._.js:776
[   80605ms] [LOG] [Fast Refresh] done in 8011ms @ http://localhost:3000/_next/static/chunks/1ldn_next_dist_06gedf1._.js:776
[   80669ms] [LOG] [Fast Refresh] done in 8011ms @ http://localhost:3000/_next/static/chunks/1ldn_next_dist_06gedf1._.js:776
[   80731ms] [LOG] [Fast Refresh] done in 8011ms @ http://localhost:3000/_next/static/chunks/1ldn_next_dist_06gedf1._.js:776
[   80794ms] [LOG] [Fast Refresh] done in 8011ms @ http://localhost:3000/_next/static/chunks/1ldn_next_dist_06gedf1._.js:776
[   80860ms] [LOG] [Fast Refresh] done in 8011ms @ http://localhost:3000/_next/static/chunks/1ldn_next_dist_06gedf1._.js:776
[   80921ms] [LOG] [Fast Refresh] done in 8011ms @ http://localhost:3000/_next/static/chunks/1ldn_next_dist_06gedf1._.js:776
[   80985ms] [LOG] [Fast Refresh] done in 8011ms @ http://localhost:3000/_next/static/chunks/1ldn_next_dist_06gedf1._.js:776
[   81047ms] [LOG] [Fast Refresh] done in 8011ms @ http://localhost:3000/_next/static/chunks/1ldn_next_dist_06gedf1._.js:776
[   81110ms] [LOG] [Fast Refresh] done in 8011ms @ http://localhost:3000/_next/static/chunks/1ldn_next_dist_06gedf1._.js:776
[   81175ms] [LOG] [Fast Refresh] done in 8011ms @ http://localhost:3000/_next/static/chunks/1ldn_next_dist_06gedf1._.js:776
[   81237ms] [LOG] [Fast Refresh] done in 8011ms @ http://localhost:3000/_next/static/chunks/1ldn_next_dist_06gedf1._.js:776
[   81299ms] [LOG] [Fast Refresh] done in 8011ms @ http://localhost:3000/_next/static/chunks/1ldn_next_dist_06gedf1._.js:776
[   81363ms] [LOG] [Fast Refresh] done in 8011ms @ http://localhost:3000/_next/static/chunks/1ldn_next_dist_06gedf1._.js:776
[   81422ms] [LOG] [Fast Refresh] done in 8011ms @ http://localhost:3000/_next/static/chunks/1ldn_next_dist_06gedf1._.js:776
[   81485ms] [LOG] [Fast Refresh] done in 8011ms @ http://localhost:3000/_next/static/chunks/1ldn_next_dist_06gedf1._.js:776
[   81563ms] [LOG] [Fast Refresh] done in 8011ms @ http://localhost:3000/_next/static/chunks/1ldn_next_dist_06gedf1._.js:776
[   81640ms] [LOG] [Fast Refresh] done in 8011ms @ http://localhost:3000/_next/static/chunks/1ldn_next_dist_06gedf1._.js:776
[   81719ms] [LOG] [Fast Refresh] done in 8011ms @ http://localhost:3000/_next/static/chunks/1ldn_next_dist_06gedf1._.js:776
[   81780ms] [LOG] [Fast Refresh] done in 8011ms @ http://localhost:3000/_next/static/chunks/1ldn_next_dist_06gedf1._.js:776
[   81843ms] [LOG] [Fast Refresh] done in 8011ms @ http://localhost:3000/_next/static/chunks/1ldn_next_dist_06gedf1._.js:776
[   81905ms] [LOG] [Fast Refresh] done in 8011ms @ http://localhost:3000/_next/static/chunks/1ldn_next_dist_06gedf1._.js:776
[   81967ms] [LOG] [Fast Refresh] done in 8011ms @ http://localhost:3000/_next/static/chunks/1ldn_next_dist_06gedf1._.js:776
[   82028ms] [LOG] [Fast Refresh] done in 8011ms @ http://localhost:3000/_next/static/chunks/1ldn_next_dist_06gedf1._.js:776
[   82091ms] [LOG] [Fast Refresh] done in 8011ms @ http://localhost:3000/_next/static/chunks/1ldn_next_dist_06gedf1._.js:776
[   82153ms] [LOG] [Fast Refresh] done in 8011ms @ http://localhost:3000/_next/static/chunks/1ldn_next_dist_06gedf1._.js:776
[   82216ms] [LOG] [Fast Refresh] done in 8011ms @ http://localhost:3000/_next/static/chunks/1ldn_next_dist_06gedf1._.js:776
[   82277ms] [LOG] [Fast Refresh] done in 8011ms @ http://localhost:3000/_next/static/chunks/1ldn_next_dist_06gedf1._.js:776
[   82340ms] [LOG] [Fast Refresh] done in 8011ms @ http://localhost:3000/_next/static/chunks/1ldn_next_dist_06gedf1._.js:776
[   82403ms] [LOG] [Fast Refresh] done in 8011ms @ http://localhost:3000/_next/static/chunks/1ldn_next_dist_06gedf1._.js:776
[   82480ms] [LOG] [Fast Refresh] done in 8011ms @ http://localhost:3000/_next/static/chunks/1ldn_next_dist_06gedf1._.js:776
[   82543ms] [LOG] [Fast Refresh] done in 8011ms @ http://localhost:3000/_next/static/chunks/1ldn_next_dist_06gedf1._.js:776
[   82604ms] [LOG] [Fast Refresh] done in 8011ms @ http://localhost:3000/_next/static/chunks/1ldn_next_dist_06gedf1._.js:776
[   82673ms] [LOG] [Fast Refresh] done in 8011ms @ http://localhost:3000/_next/static/chunks/1ldn_next_dist_06gedf1._.js:776
[   82734ms] [LOG] [Fast Refresh] done in 8011ms @ http://localhost:3000/_next/static/chunks/1ldn_next_dist_06gedf1._.js:776
[   82797ms] [LOG] [Fast Refresh] done in 8011ms @ http://localhost:3000/_next/static/chunks/1ldn_next_dist_06gedf1._.js:776
[   82858ms] [LOG] [Fast Refresh] done in 8011ms @ http://localhost:3000/_next/static/chunks/1ldn_next_dist_06gedf1._.js:776
[   82923ms] [LOG] [Fast Refresh] done in 8011ms @ http://localhost:3000/_next/static/chunks/1ldn_next_dist_06gedf1._.js:776
[   82982ms] [LOG] [Fast Refresh] done in 8011ms @ http://localhost:3000/_next/static/chunks/1ldn_next_dist_06gedf1._.js:776
[   83045ms] [LOG] [Fast Refresh] done in 8011ms @ http://localhost:3000/_next/static/chunks/1ldn_next_dist_06gedf1._.js:776
[   83106ms] [LOG] [Fast Refresh] done in 8011ms @ http://localhost:3000/_next/static/chunks/1ldn_next_dist_06gedf1._.js:776
[   83167ms] [LOG] [Fast Refresh] done in 8011ms @ http://localhost:3000/_next/static/chunks/1ldn_next_dist_06gedf1._.js:776
[   83229ms] [LOG] [Fast Refresh] done in 8011ms @ http://localhost:3000/_next/static/chunks/1ldn_next_dist_06gedf1._.js:776
[   83291ms] [LOG] [Fast Refresh] done in 8011ms @ http://localhost:3000/_next/static/chunks/1ldn_next_dist_06gedf1._.js:776
[   83356ms] [LOG] [Fast Refresh] done in 8011ms @ http://localhost:3000/_next/static/chunks/1ldn_next_dist_06gedf1._.js:776
[   83417ms] [LOG] [Fast Refresh] done in 8011ms @ http://localhost:3000/_next/static/chunks/1ldn_next_dist_06gedf1._.js:776
[   83479ms] [LOG] [Fast Refresh] done in 8011ms @ http://localhost:3000/_next/static/chunks/1ldn_next_dist_06gedf1._.js:776
[   83542ms] [LOG] [Fast Refresh] done in 8011ms @ http://localhost:3000/_next/static/chunks/1ldn_next_dist_06gedf1._.js:776
[   83606ms] [LOG] [Fast Refresh] done in 8011ms @ http://localhost:3000/_next/static/chunks/1ldn_next_dist_06gedf1._.js:776
[   83666ms] [LOG] [Fast Refresh] done in 8011ms @ http://localhost:3000/_next/static/chunks/1ldn_next_dist_06gedf1._.js:776
[   83729ms] [LOG] [Fast Refresh] done in 8011ms @ http://localhost:3000/_next/static/chunks/1ldn_next_dist_06gedf1._.js:776
[   83790ms] [LOG] [Fast Refresh] done in 8011ms @ http://localhost:3000/_next/static/chunks/1ldn_next_dist_06gedf1._.js:776
[   83852ms] [LOG] [Fast Refresh] done in 8011ms @ http://localhost:3000/_next/static/chunks/1ldn_next_dist_06gedf1._.js:776
[   83915ms] [LOG] [Fast Refresh] done in 8011ms @ http://localhost:3000/_next/static/chunks/1ldn_next_dist_06gedf1._.js:776
[   83976ms] [LOG] [Fast Refresh] done in 8011ms @ http://localhost:3000/_next/static/chunks/1ldn_next_dist_06gedf1._.js:776
[   84039ms] [LOG] [Fast Refresh] done in 8011ms @ http://localhost:3000/_next/static/chunks/1ldn_next_dist_06gedf1._.js:776
[   84101ms] [LOG] [Fast Refresh] done in 8011ms @ http://localhost:3000/_next/static/chunks/1ldn_next_dist_06gedf1._.js:776
[   84163ms] [LOG] [Fast Refresh] done in 8011ms @ http://localhost:3000/_next/static/chunks/1ldn_next_dist_06gedf1._.js:776
[   84226ms] [LOG] [Fast Refresh] done in 8011ms @ http://localhost:3000/_next/static/chunks/1ldn_next_dist_06gedf1._.js:776
[   84289ms] [LOG] [Fast Refresh] done in 8011ms @ http://localhost:3000/_next/static/chunks/1ldn_next_dist_06gedf1._.js:776
[   84352ms] [LOG] [Fast Refresh] done in 8011ms @ http://localhost:3000/_next/static/chunks/1ldn_next_dist_06gedf1._.js:776
[   84414ms] [LOG] [Fast Refresh] done in 8011ms @ http://localhost:3000/_next/static/chunks/1ldn_next_dist_06gedf1._.js:776
[   84476ms] [LOG] [Fast Refresh] done in 8011ms @ http://localhost:3000/_next/static/chunks/1ldn_next_dist_06gedf1._.js:776
[   84539ms] [LOG] [Fast Refresh] done in 8011ms @ http://localhost:3000/_next/static/chunks/1ldn_next_dist_06gedf1._.js:776
[   84602ms] [LOG] [Fast Refresh] done in 8011ms @ http://localhost:3000/_next/static/chunks/1ldn_next_dist_06gedf1._.js:776
[   84664ms] [LOG] [Fast Refresh] done in 8011ms @ http://localhost:3000/_next/static/chunks/1ldn_next_dist_06gedf1._.js:776
[   84727ms] [LOG] [Fast Refresh] done in 8011ms @ http://localhost:3000/_next/static/chunks/1ldn_next_dist_06gedf1._.js:776
[   84789ms] [LOG] [Fast Refresh] done in 8011ms @ http://localhost:3000/_next/static/chunks/1ldn_next_dist_06gedf1._.js:776
[   84851ms] [LOG] [Fast Refresh] done in 8011ms @ http://localhost:3000/_next/static/chunks/1ldn_next_dist_06gedf1._.js:776
[   84929ms] [LOG] [Fast Refresh] done in 8011ms @ http://localhost:3000/_next/static/chunks/1ldn_next_dist_06gedf1._.js:776
[   84991ms] [LOG] [Fast Refresh] done in 8011ms @ http://localhost:3000/_next/static/chunks/1ldn_next_dist_06gedf1._.js:776
[   85056ms] [LOG] [Fast Refresh] done in 8011ms @ http://localhost:3000/_next/static/chunks/1ldn_next_dist_06gedf1._.js:776
[   85117ms] [LOG] [Fast Refresh] done in 8011ms @ http://localhost:3000/_next/static/chunks/1ldn_next_dist_06gedf1._.js:776
[   85180ms] [LOG] [Fast Refresh] done in 8011ms @ http://localhost:3000/_next/static/chunks/1ldn_next_dist_06gedf1._.js:776
[   85243ms] [LOG] [Fast Refresh] done in 8011ms @ http://localhost:3000/_next/static/chunks/1ldn_next_dist_06gedf1._.js:776
[   85304ms] [LOG] [Fast Refresh] done in 8011ms @ http://localhost:3000/_next/static/chunks/1ldn_next_dist_06gedf1._.js:776
[   85379ms] [LOG] [Fast Refresh] done in 8011ms @ http://localhost:3000/_next/static/chunks/1ldn_next_dist_06gedf1._.js:776
[   85442ms] [LOG] [Fast Refresh] done in 8011ms @ http://localhost:3000/_next/static/chunks/1ldn_next_dist_06gedf1._.js:776
[   85505ms] [LOG] [Fast Refresh] done in 8011ms @ http://localhost:3000/_next/static/chunks/1ldn_next_dist_06gedf1._.js:776
[   85581ms] [LOG] [Fast Refresh] done in 8011ms @ http://localhost:3000/_next/static/chunks/1ldn_next_dist_06gedf1._.js:776
[   85644ms] [LOG] [Fast Refresh] done in 8011ms @ http://localhost:3000/_next/static/chunks/1ldn_next_dist_06gedf1._.js:776
[   85705ms] [LOG] [Fast Refresh] done in 8011ms @ http://localhost:3000/_next/static/chunks/1ldn_next_dist_06gedf1._.js:776
[   85770ms] [LOG] [Fast Refresh] done in 8011ms @ http://localhost:3000/_next/static/chunks/1ldn_next_dist_06gedf1._.js:776
[   85830ms] [LOG] [Fast Refresh] done in 8011ms @ http://localhost:3000/_next/static/chunks/1ldn_next_dist_06gedf1._.js:776
[   85892ms] [LOG] [Fast Refresh] done in 8011ms @ http://localhost:3000/_next/static/chunks/1ldn_next_dist_06gedf1._.js:776
[   85955ms] [LOG] [Fast Refresh] done in 8011ms @ http://localhost:3000/_next/static/chunks/1ldn_next_dist_06gedf1._.js:776
[   86018ms] [LOG] [Fast Refresh] done in 8011ms @ http://localhost:3000/_next/static/chunks/1ldn_next_dist_06gedf1._.js:776
[   86081ms] [LOG] [Fast Refresh] done in 8011ms @ http://localhost:3000/_next/static/chunks/1ldn_next_dist_06gedf1._.js:776
[   86142ms] [LOG] [Fast Refresh] done in 8011ms @ http://localhost:3000/_next/static/chunks/1ldn_next_dist_06gedf1._.js:776
[   86206ms] [LOG] [Fast Refresh] done in 8011ms @ http://localhost:3000/_next/static/chunks/1ldn_next_dist_06gedf1._.js:776
[   86268ms] [LOG] [Fast Refresh] done in 8011ms @ http://localhost:3000/_next/static/chunks/1ldn_next_dist_06gedf1._.js:776
[   86327ms] [LOG] [Fast Refresh] done in 8011ms @ http://localhost:3000/_next/static/chunks/1ldn_next_dist_06gedf1._.js:776
[   86391ms] [LOG] [Fast Refresh] done in 8011ms @ http://localhost:3000/_next/static/chunks/1ldn_next_dist_06gedf1._.js:776
[   86470ms] [LOG] [Fast Refresh] done in 8011ms @ http://localhost:3000/_next/static/chunks/1ldn_next_dist_06gedf1._.js:776
[   86533ms] [LOG] [Fast Refresh] done in 8011ms @ http://localhost:3000/_next/static/chunks/1ldn_next_dist_06gedf1._.js:776
[   86595ms] [LOG] [Fast Refresh] done in 8011ms @ http://localhost:3000/_next/static/chunks/1ldn_next_dist_06gedf1._.js:776
[   86657ms] [LOG] [Fast Refresh] done in 8011ms @ http://localhost:3000/_next/static/chunks/1ldn_next_dist_06gedf1._.js:776
[   86721ms] [LOG] [Fast Refresh] done in 8011ms @ http://localhost:3000/_next/static/chunks/1ldn_next_dist_06gedf1._.js:776
[   86779ms] [LOG] [Fast Refresh] done in 8011ms @ http://localhost:3000/_next/static/chunks/1ldn_next_dist_06gedf1._.js:776
[   86842ms] [LOG] [Fast Refresh] done in 8011ms @ http://localhost:3000/_next/static/chunks/1ldn_next_dist_06gedf1._.js:776
[   86904ms] [LOG] [Fast Refresh] done in 8011ms @ http://localhost:3000/_next/static/chunks/1ldn_next_dist_06gedf1._.js:776
[   86966ms] [LOG] [Fast Refresh] done in 8011ms @ http://localhost:3000/_next/static/chunks/1ldn_next_dist_06gedf1._.js:776
[   87029ms] [LOG] [Fast Refresh] done in 8011ms @ http://localhost:3000/_next/static/chunks/1ldn_next_dist_06gedf1._.js:776
[   87092ms] [LOG] [Fast Refresh] done in 8011ms @ http://localhost:3000/_next/static/chunks/1ldn_next_dist_06gedf1._.js:776
[   87155ms] [LOG] [Fast Refresh] done in 8011ms @ http://localhost:3000/_next/static/chunks/1ldn_next_dist_06gedf1._.js:776
[   87217ms] [LOG] [Fast Refresh] done in 8011ms @ http://localhost:3000/_next/static/chunks/1ldn_next_dist_06gedf1._.js:776
[   87280ms] [LOG] [Fast Refresh] done in 8011ms @ http://localhost:3000/_next/static/chunks/1ldn_next_dist_06gedf1._.js:776
[   87359ms] [LOG] [Fast Refresh] done in 8011ms @ http://localhost:3000/_next/static/chunks/1ldn_next_dist_06gedf1._.js:776
[   87420ms] [LOG] [Fast Refresh] done in 8011ms @ http://localhost:3000/_next/static/chunks/1ldn_next_dist_06gedf1._.js:776
[   87483ms] [LOG] [Fast Refresh] done in 8011ms @ http://localhost:3000/_next/static/chunks/1ldn_next_dist_06gedf1._.js:776
[   87546ms] [LOG] [Fast Refresh] done in 8011ms @ http://localhost:3000/_next/static/chunks/1ldn_next_dist_06gedf1._.js:776
[   87608ms] [LOG] [Fast Refresh] done in 8011ms @ http://localhost:3000/_next/static/chunks/1ldn_next_dist_06gedf1._.js:776
[   87672ms] [LOG] [Fast Refresh] done in 8011ms @ http://localhost:3000/_next/static/chunks/1ldn_next_dist_06gedf1._.js:776
[   87733ms] [LOG] [Fast Refresh] done in 8011ms @ http://localhost:3000/_next/static/chunks/1ldn_next_dist_06gedf1._.js:776
[   87811ms] [LOG] [Fast Refresh] done in 8011ms @ http://localhost:3000/_next/static/chunks/1ldn_next_dist_06gedf1._.js:776
[   87873ms] [LOG] [Fast Refresh] done in 8011ms @ http://localhost:3000/_next/static/chunks/1ldn_next_dist_06gedf1._.js:776
[   87936ms] [LOG] [Fast Refresh] done in 8011ms @ http://localhost:3000/_next/static/chunks/1ldn_next_dist_06gedf1._.js:776
[   87998ms] [LOG] [Fast Refresh] done in 8011ms @ http://localhost:3000/_next/static/chunks/1ldn_next_dist_06gedf1._.js:776
[   88060ms] [LOG] [Fast Refresh] done in 8011ms @ http://localhost:3000/_next/static/chunks/1ldn_next_dist_06gedf1._.js:776
[   88125ms] [LOG] [Fast Refresh] done in 8011ms @ http://localhost:3000/_next/static/chunks/1ldn_next_dist_06gedf1._.js:776
[   88187ms] [LOG] [Fast Refresh] done in 8011ms @ http://localhost:3000/_next/static/chunks/1ldn_next_dist_06gedf1._.js:776
[   88262ms] [LOG] [Fast Refresh] done in 8011ms @ http://localhost:3000/_next/static/chunks/1ldn_next_dist_06gedf1._.js:776
[   88325ms] [LOG] [Fast Refresh] done in 8011ms @ http://localhost:3000/_next/static/chunks/1ldn_next_dist_06gedf1._.js:776
[   88385ms] [LOG] [Fast Refresh] done in 8011ms @ http://localhost:3000/_next/static/chunks/1ldn_next_dist_06gedf1._.js:776
[   88456ms] [LOG] [Fast Refresh] done in 8011ms @ http://localhost:3000/_next/static/chunks/1ldn_next_dist_06gedf1._.js:776
[   88521ms] [LOG] [Fast Refresh] done in 8011ms @ http://localhost:3000/_next/static/chunks/1ldn_next_dist_06gedf1._.js:776
[   88581ms] [LOG] [Fast Refresh] done in 8011ms @ http://localhost:3000/_next/static/chunks/1ldn_next_dist_06gedf1._.js:776
[   88644ms] [LOG] [Fast Refresh] done in 8011ms @ http://localhost:3000/_next/static/chunks/1ldn_next_dist_06gedf1._.js:776
[   88707ms] [LOG] [Fast Refresh] done in 8011ms @ http://localhost:3000/_next/static/chunks/1ldn_next_dist_06gedf1._.js:776
[   88769ms] [LOG] [Fast Refresh] done in 8011ms @ http://localhost:3000/_next/static/chunks/1ldn_next_dist_06gedf1._.js:776
[   88832ms] [LOG] [Fast Refresh] done in 8011ms @ http://localhost:3000/_next/static/chunks/1ldn_next_dist_06gedf1._.js:776
[   88894ms] [LOG] [Fast Refresh] done in 8011ms @ http://localhost:3000/_next/static/chunks/1ldn_next_dist_06gedf1._.js:776
[   88956ms] [LOG] [Fast Refresh] done in 8011ms @ http://localhost:3000/_next/static/chunks/1ldn_next_dist_06gedf1._.js:776
[   89019ms] [LOG] [Fast Refresh] done in 8011ms @ http://localhost:3000/_next/static/chunks/1ldn_next_dist_06gedf1._.js:776
[   89084ms] [LOG] [Fast Refresh] done in 8011ms @ http://localhost:3000/_next/static/chunks/1ldn_next_dist_06gedf1._.js:776
[   89144ms] [LOG] [Fast Refresh] done in 8011ms @ http://localhost:3000/_next/static/chunks/1ldn_next_dist_06gedf1._.js:776
[   89207ms] [LOG] [Fast Refresh] done in 8011ms @ http://localhost:3000/_next/static/chunks/1ldn_next_dist_06gedf1._.js:776
[   89269ms] [LOG] [Fast Refresh] done in 8011ms @ http://localhost:3000/_next/static/chunks/1ldn_next_dist_06gedf1._.js:776
[   89331ms] [LOG] [Fast Refresh] done in 8011ms @ http://localhost:3000/_next/static/chunks/1ldn_next_dist_06gedf1._.js:776
[   89406ms] [LOG] [Fast Refresh] done in 8011ms @ http://localhost:3000/_next/static/chunks/1ldn_next_dist_06gedf1._.js:776
[   89471ms] [LOG] [Fast Refresh] done in 8011ms @ http://localhost:3000/_next/static/chunks/1ldn_next_dist_06gedf1._.js:776
[   89537ms] [LOG] [Fast Refresh] done in 8011ms @ http://localhost:3000/_next/static/chunks/1ldn_next_dist_06gedf1._.js:776
[   89594ms] [LOG] [Fast Refresh] done in 8011ms @ http://localhost:3000/_next/static/chunks/1ldn_next_dist_06gedf1._.js:776
[   89657ms] [LOG] [Fast Refresh] done in 8011ms @ http://localhost:3000/_next/static/chunks/1ldn_next_dist_06gedf1._.js:776
[   89724ms] [LOG] [Fast Refresh] done in 8011ms @ http://localhost:3000/_next/static/chunks/1ldn_next_dist_06gedf1._.js:776
[   89788ms] [LOG] [Fast Refresh] done in 8011ms @ http://localhost:3000/_next/static/chunks/1ldn_next_dist_06gedf1._.js:776
[   89864ms] [LOG] [Fast Refresh] done in 8011ms @ http://localhost:3000/_next/static/chunks/1ldn_next_dist_06gedf1._.js:776
[   89940ms] [LOG] [Fast Refresh] done in 8011ms @ http://localhost:3000/_next/static/chunks/1ldn_next_dist_06gedf1._.js:776
[   90003ms] [LOG] [Fast Refresh] done in 8011ms @ http://localhost:3000/_next/static/chunks/1ldn_next_dist_06gedf1._.js:776
[   90063ms] [LOG] [Fast Refresh] done in 8011ms @ http://localhost:3000/_next/static/chunks/1ldn_next_dist_06gedf1._.js:776
[   90126ms] [LOG] [Fast Refresh] done in 8011ms @ http://localhost:3000/_next/static/chunks/1ldn_next_dist_06gedf1._.js:776
[   90205ms] [LOG] [Fast Refresh] done in 8011ms @ http://localhost:3000/_next/static/chunks/1ldn_next_dist_06gedf1._.js:776
[   90270ms] [LOG] [Fast Refresh] done in 8011ms @ http://localhost:3000/_next/static/chunks/1ldn_next_dist_06gedf1._.js:776
[   90341ms] [LOG] [Fast Refresh] done in 8011ms @ http://localhost:3000/_next/static/chunks/1ldn_next_dist_06gedf1._.js:776
[   90403ms] [LOG] [Fast Refresh] done in 8011ms @ http://localhost:3000/_next/static/chunks/1ldn_next_dist_06gedf1._.js:776
[   90465ms] [LOG] [Fast Refresh] done in 8011ms @ http://localhost:3000/_next/static/chunks/1ldn_next_dist_06gedf1._.js:776
[   90527ms] [LOG] [Fast Refresh] done in 8011ms @ http://localhost:3000/_next/static/chunks/1ldn_next_dist_06gedf1._.js:776
[   90605ms] [LOG] [Fast Refresh] done in 8011ms @ http://localhost:3000/_next/static/chunks/1ldn_next_dist_06gedf1._.js:776
[   90669ms] [LOG] [Fast Refresh] done in 8011ms @ http://localhost:3000/_next/static/chunks/1ldn_next_dist_06gedf1._.js:776
[   90734ms] [LOG] [Fast Refresh] done in 8011ms @ http://localhost:3000/_next/static/chunks/1ldn_next_dist_06gedf1._.js:776
[   90806ms] [LOG] [Fast Refresh] done in 8011ms @ http://localhost:3000/_next/static/chunks/1ldn_next_dist_06gedf1._.js:776
[   90870ms] [LOG] [Fast Refresh] done in 8011ms @ http://localhost:3000/_next/static/chunks/1ldn_next_dist_06gedf1._.js:776
[   90932ms] [LOG] [Fast Refresh] done in 8011ms @ http://localhost:3000/_next/static/chunks/1ldn_next_dist_06gedf1._.js:776
[   90994ms] [LOG] [Fast Refresh] done in 8011ms @ http://localhost:3000/_next/static/chunks/1ldn_next_dist_06gedf1._.js:776
[   91054ms] [LOG] [Fast Refresh] done in 8011ms @ http://localhost:3000/_next/static/chunks/1ldn_next_dist_06gedf1._.js:776
[   91118ms] [LOG] [Fast Refresh] done in 8011ms @ http://localhost:3000/_next/static/chunks/1ldn_next_dist_06gedf1._.js:776
[   91178ms] [LOG] [Fast Refresh] done in 8011ms @ http://localhost:3000/_next/static/chunks/1ldn_next_dist_06gedf1._.js:776
[   91254ms] [LOG] [Fast Refresh] done in 8011ms @ http://localhost:3000/_next/static/chunks/1ldn_next_dist_06gedf1._.js:776
[   91319ms] [LOG] [Fast Refresh] done in 8011ms @ http://localhost:3000/_next/static/chunks/1ldn_next_dist_06gedf1._.js:776
[   91378ms] [LOG] [Fast Refresh] done in 8011ms @ http://localhost:3000/_next/static/chunks/1ldn_next_dist_06gedf1._.js:776
[   91456ms] [LOG] [Fast Refresh] done in 8011ms @ http://localhost:3000/_next/static/chunks/1ldn_next_dist_06gedf1._.js:776
[   91521ms] [LOG] [Fast Refresh] done in 8011ms @ http://localhost:3000/_next/static/chunks/1ldn_next_dist_06gedf1._.js:776
[   91580ms] [LOG] [Fast Refresh] done in 8011ms @ http://localhost:3000/_next/static/chunks/1ldn_next_dist_06gedf1._.js:776
[   91658ms] [LOG] [Fast Refresh] done in 8011ms @ http://localhost:3000/_next/static/chunks/1ldn_next_dist_06gedf1._.js:776
[   91721ms] [LOG] [Fast Refresh] done in 8011ms @ http://localhost:3000/_next/static/chunks/1ldn_next_dist_06gedf1._.js:776
[   91792ms] [LOG] [Fast Refresh] done in 8011ms @ http://localhost:3000/_next/static/chunks/1ldn_next_dist_06gedf1._.js:776
[   91854ms] [LOG] [Fast Refresh] done in 8011ms @ http://localhost:3000/_next/static/chunks/1ldn_next_dist_06gedf1._.js:776
[   91918ms] [LOG] [Fast Refresh] done in 8011ms @ http://localhost:3000/_next/static/chunks/1ldn_next_dist_06gedf1._.js:776
[   91979ms] [LOG] [Fast Refresh] done in 8011ms @ http://localhost:3000/_next/static/chunks/1ldn_next_dist_06gedf1._.js:776
[   92041ms] [LOG] [Fast Refresh] done in 8011ms @ http://localhost:3000/_next/static/chunks/1ldn_next_dist_06gedf1._.js:776
[   92105ms] [LOG] [Fast Refresh] done in 8011ms @ http://localhost:3000/_next/static/chunks/1ldn_next_dist_06gedf1._.js:776
[   92183ms] [LOG] [Fast Refresh] done in 8011ms @ http://localhost:3000/_next/static/chunks/1ldn_next_dist_06gedf1._.js:776
[   92244ms] [LOG] [Fast Refresh] done in 8011ms @ http://localhost:3000/_next/static/chunks/1ldn_next_dist_06gedf1._.js:776
[   92307ms] [LOG] [Fast Refresh] done in 8011ms @ http://localhost:3000/_next/static/chunks/1ldn_next_dist_06gedf1._.js:776
[   92377ms] [LOG] [Fast Refresh] done in 8011ms @ http://localhost:3000/_next/static/chunks/1ldn_next_dist_06gedf1._.js:776
[   92440ms] [LOG] [Fast Refresh] done in 8011ms @ http://localhost:3000/_next/static/chunks/1ldn_next_dist_06gedf1._.js:776
[   92518ms] [LOG] [Fast Refresh] done in 8011ms @ http://localhost:3000/_next/static/chunks/1ldn_next_dist_06gedf1._.js:776
[   92582ms] [LOG] [Fast Refresh] done in 8011ms @ http://localhost:3000/_next/static/chunks/1ldn_next_dist_06gedf1._.js:776
[   92659ms] [LOG] [Fast Refresh] done in 8011ms @ http://localhost:3000/_next/static/chunks/1ldn_next_dist_06gedf1._.js:776
[   92723ms] [LOG] [Fast Refresh] done in 8011ms @ http://localhost:3000/_next/static/chunks/1ldn_next_dist_06gedf1._.js:776
[   92785ms] [LOG] [Fast Refresh] done in 8011ms @ http://localhost:3000/_next/static/chunks/1ldn_next_dist_06gedf1._.js:776
[   92848ms] [LOG] [Fast Refresh] done in 8011ms @ http://localhost:3000/_next/static/chunks/1ldn_next_dist_06gedf1._.js:776
[   92918ms] [LOG] [Fast Refresh] done in 8011ms @ http://localhost:3000/_next/static/chunks/1ldn_next_dist_06gedf1._.js:776
[   93006ms] [LOG] [Fast Refresh] done in 8011ms @ http://localhost:3000/_next/static/chunks/1ldn_next_dist_06gedf1._.js:776
[   93070ms] [LOG] [Fast Refresh] done in 8011ms @ http://localhost:3000/_next/static/chunks/1ldn_next_dist_06gedf1._.js:776
[   93132ms] [LOG] [Fast Refresh] done in 8011ms @ http://localhost:3000/_next/static/chunks/1ldn_next_dist_06gedf1._.js:776
[   93198ms] [LOG] [Fast Refresh] done in 8011ms @ http://localhost:3000/_next/static/chunks/1ldn_next_dist_06gedf1._.js:776
[   93258ms] [LOG] [Fast Refresh] done in 8011ms @ http://localhost:3000/_next/static/chunks/1ldn_next_dist_06gedf1._.js:776
[   93322ms] [LOG] [Fast Refresh] done in 8011ms @ http://localhost:3000/_next/static/chunks/1ldn_next_dist_06gedf1._.js:776
[   93382ms] [LOG] [Fast Refresh] done in 8011ms @ http://localhost:3000/_next/static/chunks/1ldn_next_dist_06gedf1._.js:776
[   93447ms] [LOG] [Fast Refresh] done in 8011ms @ http://localhost:3000/_next/static/chunks/1ldn_next_dist_06gedf1._.js:776
[   93523ms] [LOG] [Fast Refresh] done in 8011ms @ http://localhost:3000/_next/static/chunks/1ldn_next_dist_06gedf1._.js:776
[   93584ms] [LOG] [Fast Refresh] done in 8011ms @ http://localhost:3000/_next/static/chunks/1ldn_next_dist_06gedf1._.js:776
[   93647ms] [LOG] [Fast Refresh] done in 8011ms @ http://localhost:3000/_next/static/chunks/1ldn_next_dist_06gedf1._.js:776
[   93709ms] [LOG] [Fast Refresh] done in 8011ms @ http://localhost:3000/_next/static/chunks/1ldn_next_dist_06gedf1._.js:776
[   93772ms] [LOG] [Fast Refresh] done in 8011ms @ http://localhost:3000/_next/static/chunks/1ldn_next_dist_06gedf1._.js:776
[   93834ms] [LOG] [Fast Refresh] done in 8011ms @ http://localhost:3000/_next/static/chunks/1ldn_next_dist_06gedf1._.js:776
[   93901ms] [LOG] [Fast Refresh] done in 8011ms @ http://localhost:3000/_next/static/chunks/1ldn_next_dist_06gedf1._.js:776
[   93964ms] [LOG] [Fast Refresh] done in 8011ms @ http://localhost:3000/_next/static/chunks/1ldn_next_dist_06gedf1._.js:776
[   94026ms] [LOG] [Fast Refresh] done in 8011ms @ http://localhost:3000/_next/static/chunks/1ldn_next_dist_06gedf1._.js:776
[   94088ms] [LOG] [Fast Refresh] done in 8011ms @ http://localhost:3000/_next/static/chunks/1ldn_next_dist_06gedf1._.js:776
[   94150ms] [LOG] [Fast Refresh] done in 8011ms @ http://localhost:3000/_next/static/chunks/1ldn_next_dist_06gedf1._.js:776
[   94213ms] [LOG] [Fast Refresh] done in 8011ms @ http://localhost:3000/_next/static/chunks/1ldn_next_dist_06gedf1._.js:776
[   94276ms] [LOG] [Fast Refresh] done in 8011ms @ http://localhost:3000/_next/static/chunks/1ldn_next_dist_06gedf1._.js:776
[   94338ms] [LOG] [Fast Refresh] done in 8011ms @ http://localhost:3000/_next/static/chunks/1ldn_next_dist_06gedf1._.js:776
[   94400ms] [LOG] [Fast Refresh] done in 8011ms @ http://localhost:3000/_next/static/chunks/1ldn_next_dist_06gedf1._.js:776
[   94458ms] [LOG] [Fast Refresh] done in 8011ms @ http://localhost:3000/_next/static/chunks/1ldn_next_dist_06gedf1._.js:776
[   94522ms] [LOG] [Fast Refresh] done in 8011ms @ http://localhost:3000/_next/static/chunks/1ldn_next_dist_06gedf1._.js:776
[   94583ms] [LOG] [Fast Refresh] done in 8011ms @ http://localhost:3000/_next/static/chunks/1ldn_next_dist_06gedf1._.js:776
[   94646ms] [LOG] [Fast Refresh] done in 8011ms @ http://localhost:3000/_next/static/chunks/1ldn_next_dist_06gedf1._.js:776
[   94710ms] [LOG] [Fast Refresh] done in 8011ms @ http://localhost:3000/_next/static/chunks/1ldn_next_dist_06gedf1._.js:776
[   94772ms] [LOG] [Fast Refresh] done in 8011ms @ http://localhost:3000/_next/static/chunks/1ldn_next_dist_06gedf1._.js:776
[   94835ms] [LOG] [Fast Refresh] done in 8011ms @ http://localhost:3000/_next/static/chunks/1ldn_next_dist_06gedf1._.js:776
[   94897ms] [LOG] [Fast Refresh] done in 8011ms @ http://localhost:3000/_next/static/chunks/1ldn_next_dist_06gedf1._.js:776
[   94963ms] [LOG] [Fast Refresh] done in 8011ms @ http://localhost:3000/_next/static/chunks/1ldn_next_dist_06gedf1._.js:776
[   95025ms] [LOG] [Fast Refresh] done in 8011ms @ http://localhost:3000/_next/static/chunks/1ldn_next_dist_06gedf1._.js:776
[   95086ms] [LOG] [Fast Refresh] done in 8011ms @ http://localhost:3000/_next/static/chunks/1ldn_next_dist_06gedf1._.js:776
[   95155ms] [LOG] [Fast Refresh] done in 8011ms @ http://localhost:3000/_next/static/chunks/1ldn_next_dist_06gedf1._.js:776
[   95217ms] [LOG] [Fast Refresh] done in 8011ms @ http://localhost:3000/_next/static/chunks/1ldn_next_dist_06gedf1._.js:776
[   95280ms] [LOG] [Fast Refresh] done in 8011ms @ http://localhost:3000/_next/static/chunks/1ldn_next_dist_06gedf1._.js:776
[   95342ms] [LOG] [Fast Refresh] done in 8011ms @ http://localhost:3000/_next/static/chunks/1ldn_next_dist_06gedf1._.js:776
[   95403ms] [LOG] [Fast Refresh] done in 8011ms @ http://localhost:3000/_next/static/chunks/1ldn_next_dist_06gedf1._.js:776
[   95466ms] [LOG] [Fast Refresh] done in 8011ms @ http://localhost:3000/_next/static/chunks/1ldn_next_dist_06gedf1._.js:776
[   95529ms] [LOG] [Fast Refresh] done in 8011ms @ http://localhost:3000/_next/static/chunks/1ldn_next_dist_06gedf1._.js:776
[   95591ms] [LOG] [Fast Refresh] done in 8011ms @ http://localhost:3000/_next/static/chunks/1ldn_next_dist_06gedf1._.js:776
[   95653ms] [LOG] [Fast Refresh] done in 8011ms @ http://localhost:3000/_next/static/chunks/1ldn_next_dist_06gedf1._.js:776
[   95715ms] [LOG] [Fast Refresh] done in 8011ms @ http://localhost:3000/_next/static/chunks/1ldn_next_dist_06gedf1._.js:776
[   95779ms] [LOG] [Fast Refresh] done in 8011ms @ http://localhost:3000/_next/static/chunks/1ldn_next_dist_06gedf1._.js:776
[   95841ms] [LOG] [Fast Refresh] done in 8011ms @ http://localhost:3000/_next/static/chunks/1ldn_next_dist_06gedf1._.js:776
[   95919ms] [LOG] [Fast Refresh] done in 8011ms @ http://localhost:3000/_next/static/chunks/1ldn_next_dist_06gedf1._.js:776
[   95982ms] [LOG] [Fast Refresh] done in 8011ms @ http://localhost:3000/_next/static/chunks/1ldn_next_dist_06gedf1._.js:776
[   96045ms] [LOG] [Fast Refresh] done in 8011ms @ http://localhost:3000/_next/static/chunks/1ldn_next_dist_06gedf1._.js:776
[   96106ms] [LOG] [Fast Refresh] done in 8011ms @ http://localhost:3000/_next/static/chunks/1ldn_next_dist_06gedf1._.js:776
[   96169ms] [LOG] [Fast Refresh] done in 8011ms @ http://localhost:3000/_next/static/chunks/1ldn_next_dist_06gedf1._.js:776
[   96246ms] [LOG] [Fast Refresh] done in 8011ms @ http://localhost:3000/_next/static/chunks/1ldn_next_dist_06gedf1._.js:776
[   96317ms] [LOG] [Fast Refresh] done in 8011ms @ http://localhost:3000/_next/static/chunks/1ldn_next_dist_06gedf1._.js:776
[   96378ms] [LOG] [Fast Refresh] done in 8011ms @ http://localhost:3000/_next/static/chunks/1ldn_next_dist_06gedf1._.js:776
[   96443ms] [LOG] [Fast Refresh] done in 8011ms @ http://localhost:3000/_next/static/chunks/1ldn_next_dist_06gedf1._.js:776
[   96506ms] [LOG] [Fast Refresh] done in 8011ms @ http://localhost:3000/_next/static/chunks/1ldn_next_dist_06gedf1._.js:776
[   96568ms] [LOG] [Fast Refresh] done in 8011ms @ http://localhost:3000/_next/static/chunks/1ldn_next_dist_06gedf1._.js:776
[   96631ms] [LOG] [Fast Refresh] done in 8011ms @ http://localhost:3000/_next/static/chunks/1ldn_next_dist_06gedf1._.js:776
[   96701ms] [LOG] [Fast Refresh] done in 8011ms @ http://localhost:3000/_next/static/chunks/1ldn_next_dist_06gedf1._.js:776
[   96763ms] [LOG] [Fast Refresh] done in 8011ms @ http://localhost:3000/_next/static/chunks/1ldn_next_dist_06gedf1._.js:776
[   96828ms] [LOG] [Fast Refresh] done in 8011ms @ http://localhost:3000/_next/static/chunks/1ldn_next_dist_06gedf1._.js:776
[   96888ms] [LOG] [Fast Refresh] done in 8011ms @ http://localhost:3000/_next/static/chunks/1ldn_next_dist_06gedf1._.js:776
[   96950ms] [LOG] [Fast Refresh] done in 8011ms @ http://localhost:3000/_next/static/chunks/1ldn_next_dist_06gedf1._.js:776
[   97011ms] [LOG] [Fast Refresh] done in 8011ms @ http://localhost:3000/_next/static/chunks/1ldn_next_dist_06gedf1._.js:776
[   97073ms] [LOG] [Fast Refresh] done in 8011ms @ http://localhost:3000/_next/static/chunks/1ldn_next_dist_06gedf1._.js:776
[   97135ms] [LOG] [Fast Refresh] done in 8011ms @ http://localhost:3000/_next/static/chunks/1ldn_next_dist_06gedf1._.js:776
[   97199ms] [LOG] [Fast Refresh] done in 8011ms @ http://localhost:3000/_next/static/chunks/1ldn_next_dist_06gedf1._.js:776
[   97261ms] [LOG] [Fast Refresh] done in 8011ms @ http://localhost:3000/_next/static/chunks/1ldn_next_dist_06gedf1._.js:776
[   97331ms] [LOG] [Fast Refresh] done in 8011ms @ http://localhost:3000/_next/static/chunks/1ldn_next_dist_06gedf1._.js:776
[   97395ms] [LOG] [Fast Refresh] done in 8011ms @ http://localhost:3000/_next/static/chunks/1ldn_next_dist_06gedf1._.js:776
[   97462ms] [LOG] [Fast Refresh] done in 8011ms @ http://localhost:3000/_next/static/chunks/1ldn_next_dist_06gedf1._.js:776
[   97517ms] [LOG] [Fast Refresh] done in 8011ms @ http://localhost:3000/_next/static/chunks/1ldn_next_dist_06gedf1._.js:776
[   97579ms] [LOG] [Fast Refresh] done in 8011ms @ http://localhost:3000/_next/static/chunks/1ldn_next_dist_06gedf1._.js:776
[   97641ms] [LOG] [Fast Refresh] done in 8011ms @ http://localhost:3000/_next/static/chunks/1ldn_next_dist_06gedf1._.js:776
[   97710ms] [LOG] [Fast Refresh] done in 8011ms @ http://localhost:3000/_next/static/chunks/1ldn_next_dist_06gedf1._.js:776
[   97773ms] [LOG] [Fast Refresh] done in 8011ms @ http://localhost:3000/_next/static/chunks/1ldn_next_dist_06gedf1._.js:776
[   97834ms] [LOG] [Fast Refresh] done in 8011ms @ http://localhost:3000/_next/static/chunks/1ldn_next_dist_06gedf1._.js:776
[   97896ms] [LOG] [Fast Refresh] done in 8011ms @ http://localhost:3000/_next/static/chunks/1ldn_next_dist_06gedf1._.js:776
[   97960ms] [LOG] [Fast Refresh] done in 8011ms @ http://localhost:3000/_next/static/chunks/1ldn_next_dist_06gedf1._.js:776
[   98021ms] [LOG] [Fast Refresh] done in 8011ms @ http://localhost:3000/_next/static/chunks/1ldn_next_dist_06gedf1._.js:776
[   98084ms] [LOG] [Fast Refresh] done in 8011ms @ http://localhost:3000/_next/static/chunks/1ldn_next_dist_06gedf1._.js:776
[   98146ms] [LOG] [Fast Refresh] done in 8011ms @ http://localhost:3000/_next/static/chunks/1ldn_next_dist_06gedf1._.js:776
[   98209ms] [LOG] [Fast Refresh] done in 8011ms @ http://localhost:3000/_next/static/chunks/1ldn_next_dist_06gedf1._.js:776
[   98270ms] [LOG] [Fast Refresh] done in 8011ms @ http://localhost:3000/_next/static/chunks/1ldn_next_dist_06gedf1._.js:776
[   98348ms] [LOG] [Fast Refresh] done in 8011ms @ http://localhost:3000/_next/static/chunks/1ldn_next_dist_06gedf1._.js:776
[   98415ms] [LOG] [Fast Refresh] done in 8011ms @ http://localhost:3000/_next/static/chunks/1ldn_next_dist_06gedf1._.js:776
[   98472ms] [LOG] [Fast Refresh] done in 8011ms @ http://localhost:3000/_next/static/chunks/1ldn_next_dist_06gedf1._.js:776
[   98550ms] [LOG] [Fast Refresh] done in 8011ms @ http://localhost:3000/_next/static/chunks/1ldn_next_dist_06gedf1._.js:776
[   98614ms] [LOG] [Fast Refresh] done in 8011ms @ http://localhost:3000/_next/static/chunks/1ldn_next_dist_06gedf1._.js:776
[   98676ms] [LOG] [Fast Refresh] done in 8011ms @ http://localhost:3000/_next/static/chunks/1ldn_next_dist_06gedf1._.js:776
[   98736ms] [LOG] [Fast Refresh] done in 8011ms @ http://localhost:3000/_next/static/chunks/1ldn_next_dist_06gedf1._.js:776
[   98799ms] [LOG] [Fast Refresh] done in 8011ms @ http://localhost:3000/_next/static/chunks/1ldn_next_dist_06gedf1._.js:776
[   98862ms] [LOG] [Fast Refresh] done in 8011ms @ http://localhost:3000/_next/static/chunks/1ldn_next_dist_06gedf1._.js:776
[   98926ms] [LOG] [Fast Refresh] done in 8011ms @ http://localhost:3000/_next/static/chunks/1ldn_next_dist_06gedf1._.js:776
[   99001ms] [LOG] [Fast Refresh] done in 8011ms @ http://localhost:3000/_next/static/chunks/1ldn_next_dist_06gedf1._.js:776
[   99064ms] [LOG] [Fast Refresh] done in 8011ms @ http://localhost:3000/_next/static/chunks/1ldn_next_dist_06gedf1._.js:776
[   99126ms] [LOG] [Fast Refresh] done in 8011ms @ http://localhost:3000/_next/static/chunks/1ldn_next_dist_06gedf1._.js:776
[   99188ms] [LOG] [Fast Refresh] done in 8011ms @ http://localhost:3000/_next/static/chunks/1ldn_next_dist_06gedf1._.js:776
[   99250ms] [LOG] [Fast Refresh] done in 8011ms @ http://localhost:3000/_next/static/chunks/1ldn_next_dist_06gedf1._.js:776
[   99315ms] [LOG] [Fast Refresh] done in 8011ms @ http://localhost:3000/_next/static/chunks/1ldn_next_dist_06gedf1._.js:776
[   99380ms] [LOG] [Fast Refresh] done in 8011ms @ http://localhost:3000/_next/static/chunks/1ldn_next_dist_06gedf1._.js:776
[   99442ms] [LOG] [Fast Refresh] done in 8011ms @ http://localhost:3000/_next/static/chunks/1ldn_next_dist_06gedf1._.js:776
[   99503ms] [LOG] [Fast Refresh] done in 8011ms @ http://localhost:3000/_next/static/chunks/1ldn_next_dist_06gedf1._.js:776
[   99566ms] [LOG] [Fast Refresh] done in 8011ms @ http://localhost:3000/_next/static/chunks/1ldn_next_dist_06gedf1._.js:776
[   99627ms] [LOG] [Fast Refresh] done in 8011ms @ http://localhost:3000/_next/static/chunks/1ldn_next_dist_06gedf1._.js:776
[   99691ms] [LOG] [Fast Refresh] done in 8011ms @ http://localhost:3000/_next/static/chunks/1ldn_next_dist_06gedf1._.js:776
[   99753ms] [LOG] [Fast Refresh] done in 8011ms @ http://localhost:3000/_next/static/chunks/1ldn_next_dist_06gedf1._.js:776
[   99814ms] [LOG] [Fast Refresh] done in 8011ms @ http://localhost:3000/_next/static/chunks/1ldn_next_dist_06gedf1._.js:776
[   99877ms] [LOG] [Fast Refresh] done in 8011ms @ http://localhost:3000/_next/static/chunks/1ldn_next_dist_06gedf1._.js:776
[   99940ms] [LOG] [Fast Refresh] done in 8011ms @ http://localhost:3000/_next/static/chunks/1ldn_next_dist_06gedf1._.js:776
[  100003ms] [LOG] [Fast Refresh] done in 8011ms @ http://localhost:3000/_next/static/chunks/1ldn_next_dist_06gedf1._.js:776
[  100079ms] [LOG] [Fast Refresh] done in 8011ms @ http://localhost:3000/_next/static/chunks/1ldn_next_dist_06gedf1._.js:776
[  100145ms] [LOG] [Fast Refresh] done in 8011ms @ http://localhost:3000/_next/static/chunks/1ldn_next_dist_06gedf1._.js:776
[  100204ms] [LOG] [Fast Refresh] done in 8011ms @ http://localhost:3000/_next/static/chunks/1ldn_next_dist_06gedf1._.js:776
[  100265ms] [LOG] [Fast Refresh] done in 8011ms @ http://localhost:3000/_next/static/chunks/1ldn_next_dist_06gedf1._.js:776
[  100327ms] [LOG] [Fast Refresh] done in 8011ms @ http://localhost:3000/_next/static/chunks/1ldn_next_dist_06gedf1._.js:776
[  100391ms] [LOG] [Fast Refresh] done in 8011ms @ http://localhost:3000/_next/static/chunks/1ldn_next_dist_06gedf1._.js:776
[  100461ms] [LOG] [Fast Refresh] done in 8011ms @ http://localhost:3000/_next/static/chunks/1ldn_next_dist_06gedf1._.js:776
[  100524ms] [LOG] [Fast Refresh] done in 8011ms @ http://localhost:3000/_next/static/chunks/1ldn_next_dist_06gedf1._.js:776
[  100587ms] [LOG] [Fast Refresh] done in 8011ms @ http://localhost:3000/_next/static/chunks/1ldn_next_dist_06gedf1._.js:776
[  100664ms] [LOG] [Fast Refresh] done in 8011ms @ http://localhost:3000/_next/static/chunks/1ldn_next_dist_06gedf1._.js:776
[  100725ms] [LOG] [Fast Refresh] done in 8011ms @ http://localhost:3000/_next/static/chunks/1ldn_next_dist_06gedf1._.js:776
[  100790ms] [LOG] [Fast Refresh] done in 8011ms @ http://localhost:3000/_next/static/chunks/1ldn_next_dist_06gedf1._.js:776
[  100851ms] [LOG] [Fast Refresh] done in 8011ms @ http://localhost:3000/_next/static/chunks/1ldn_next_dist_06gedf1._.js:776
[  100914ms] [LOG] [Fast Refresh] done in 8011ms @ http://localhost:3000/_next/static/chunks/1ldn_next_dist_06gedf1._.js:776
[  100976ms] [LOG] [Fast Refresh] done in 8011ms @ http://localhost:3000/_next/static/chunks/1ldn_next_dist_06gedf1._.js:776
[  101039ms] [LOG] [Fast Refresh] done in 8011ms @ http://localhost:3000/_next/static/chunks/1ldn_next_dist_06gedf1._.js:776
[  101102ms] [LOG] [Fast Refresh] done in 8011ms @ http://localhost:3000/_next/static/chunks/1ldn_next_dist_06gedf1._.js:776
[  101165ms] [LOG] [Fast Refresh] done in 8011ms @ http://localhost:3000/_next/static/chunks/1ldn_next_dist_06gedf1._.js:776
[  101226ms] [LOG] [Fast Refresh] done in 8011ms @ http://localhost:3000/_next/static/chunks/1ldn_next_dist_06gedf1._.js:776
[  101290ms] [LOG] [Fast Refresh] done in 8011ms @ http://localhost:3000/_next/static/chunks/1ldn_next_dist_06gedf1._.js:776
[  101353ms] [LOG] [Fast Refresh] done in 8011ms @ http://localhost:3000/_next/static/chunks/1ldn_next_dist_06gedf1._.js:776
[  101415ms] [LOG] [Fast Refresh] done in 8011ms @ http://localhost:3000/_next/static/chunks/1ldn_next_dist_06gedf1._.js:776
[  101477ms] [LOG] [Fast Refresh] done in 8011ms @ http://localhost:3000/_next/static/chunks/1ldn_next_dist_06gedf1._.js:776
[  101543ms] [LOG] [Fast Refresh] done in 8011ms @ http://localhost:3000/_next/static/chunks/1ldn_next_dist_06gedf1._.js:776
[  101610ms] [LOG] [Fast Refresh] done in 8011ms @ http://localhost:3000/_next/static/chunks/1ldn_next_dist_06gedf1._.js:776
[  101674ms] [LOG] [Fast Refresh] done in 8011ms @ http://localhost:3000/_next/static/chunks/1ldn_next_dist_06gedf1._.js:776
[  101750ms] [LOG] [Fast Refresh] done in 8011ms @ http://localhost:3000/_next/static/chunks/1ldn_next_dist_06gedf1._.js:776
[  101827ms] [LOG] [Fast Refresh] done in 8011ms @ http://localhost:3000/_next/static/chunks/1ldn_next_dist_06gedf1._.js:776
[  101891ms] [LOG] [Fast Refresh] done in 8011ms @ http://localhost:3000/_next/static/chunks/1ldn_next_dist_06gedf1._.js:776
[  101954ms] [LOG] [Fast Refresh] done in 8011ms @ http://localhost:3000/_next/static/chunks/1ldn_next_dist_06gedf1._.js:776
[  102016ms] [LOG] [Fast Refresh] done in 8011ms @ http://localhost:3000/_next/static/chunks/1ldn_next_dist_06gedf1._.js:776
[  102079ms] [LOG] [Fast Refresh] done in 8011ms @ http://localhost:3000/_next/static/chunks/1ldn_next_dist_06gedf1._.js:776
[  102144ms] [LOG] [Fast Refresh] done in 8011ms @ http://localhost:3000/_next/static/chunks/1ldn_next_dist_06gedf1._.js:776
[  102203ms] [LOG] [Fast Refresh] done in 8011ms @ http://localhost:3000/_next/static/chunks/1ldn_next_dist_06gedf1._.js:776
[  102264ms] [LOG] [Fast Refresh] done in 8011ms @ http://localhost:3000/_next/static/chunks/1ldn_next_dist_06gedf1._.js:776
[  102325ms] [LOG] [Fast Refresh] done in 8011ms @ http://localhost:3000/_next/static/chunks/1ldn_next_dist_06gedf1._.js:776
[  102390ms] [LOG] [Fast Refresh] done in 8011ms @ http://localhost:3000/_next/static/chunks/1ldn_next_dist_06gedf1._.js:776
[  102455ms] [LOG] [Fast Refresh] done in 8011ms @ http://localhost:3000/_next/static/chunks/1ldn_next_dist_06gedf1._.js:776
[  102516ms] [LOG] [Fast Refresh] done in 8011ms @ http://localhost:3000/_next/static/chunks/1ldn_next_dist_06gedf1._.js:776
[  102580ms] [LOG] [Fast Refresh] done in 8011ms @ http://localhost:3000/_next/static/chunks/1ldn_next_dist_06gedf1._.js:776
[  102641ms] [LOG] [Fast Refresh] done in 8011ms @ http://localhost:3000/_next/static/chunks/1ldn_next_dist_06gedf1._.js:776
[  102705ms] [LOG] [Fast Refresh] done in 8011ms @ http://localhost:3000/_next/static/chunks/1ldn_next_dist_06gedf1._.js:776
[  102768ms] [LOG] [Fast Refresh] done in 8011ms @ http://localhost:3000/_next/static/chunks/1ldn_next_dist_06gedf1._.js:776
[  102829ms] [LOG] [Fast Refresh] done in 8011ms @ http://localhost:3000/_next/static/chunks/1ldn_next_dist_06gedf1._.js:776
[  102891ms] [LOG] [Fast Refresh] done in 8011ms @ http://localhost:3000/_next/static/chunks/1ldn_next_dist_06gedf1._.js:776
[  102954ms] [LOG] [Fast Refresh] done in 8011ms @ http://localhost:3000/_next/static/chunks/1ldn_next_dist_06gedf1._.js:776
[  103030ms] [LOG] [Fast Refresh] done in 8011ms @ http://localhost:3000/_next/static/chunks/1ldn_next_dist_06gedf1._.js:776
[  103092ms] [LOG] [Fast Refresh] done in 8011ms @ http://localhost:3000/_next/static/chunks/1ldn_next_dist_06gedf1._.js:776
[  103155ms] [LOG] [Fast Refresh] done in 8011ms @ http://localhost:3000/_next/static/chunks/1ldn_next_dist_06gedf1._.js:776
[  103226ms] [LOG] [Fast Refresh] done in 8011ms @ http://localhost:3000/_next/static/chunks/1ldn_next_dist_06gedf1._.js:776
[  103290ms] [LOG] [Fast Refresh] done in 8011ms @ http://localhost:3000/_next/static/chunks/1ldn_next_dist_06gedf1._.js:776
[  103350ms] [LOG] [Fast Refresh] done in 8011ms @ http://localhost:3000/_next/static/chunks/1ldn_next_dist_06gedf1._.js:776
[  103413ms] [LOG] [Fast Refresh] done in 8011ms @ http://localhost:3000/_next/static/chunks/1ldn_next_dist_06gedf1._.js:776
[  103474ms] [LOG] [Fast Refresh] done in 8011ms @ http://localhost:3000/_next/static/chunks/1ldn_next_dist_06gedf1._.js:776
[  103538ms] [LOG] [Fast Refresh] done in 8011ms @ http://localhost:3000/_next/static/chunks/1ldn_next_dist_06gedf1._.js:776
[  103599ms] [LOG] [Fast Refresh] done in 8011ms @ http://localhost:3000/_next/static/chunks/1ldn_next_dist_06gedf1._.js:776
[  103661ms] [LOG] [Fast Refresh] done in 8011ms @ http://localhost:3000/_next/static/chunks/1ldn_next_dist_06gedf1._.js:776
[  103723ms] [LOG] [Fast Refresh] done in 8011ms @ http://localhost:3000/_next/static/chunks/1ldn_next_dist_06gedf1._.js:776
[  103788ms] [LOG] [Fast Refresh] done in 8011ms @ http://localhost:3000/_next/static/chunks/1ldn_next_dist_06gedf1._.js:776
[  103848ms] [LOG] [Fast Refresh] done in 8011ms @ http://localhost:3000/_next/static/chunks/1ldn_next_dist_06gedf1._.js:776
[  103912ms] [LOG] [Fast Refresh] done in 8011ms @ http://localhost:3000/_next/static/chunks/1ldn_next_dist_06gedf1._.js:776
[  103974ms] [LOG] [Fast Refresh] done in 8011ms @ http://localhost:3000/_next/static/chunks/1ldn_next_dist_06gedf1._.js:776
[  104039ms] [LOG] [Fast Refresh] done in 8011ms @ http://localhost:3000/_next/static/chunks/1ldn_next_dist_06gedf1._.js:776
[  104114ms] [LOG] [Fast Refresh] done in 8011ms @ http://localhost:3000/_next/static/chunks/1ldn_next_dist_06gedf1._.js:776
[  104175ms] [LOG] [Fast Refresh] done in 8011ms @ http://localhost:3000/_next/static/chunks/1ldn_next_dist_06gedf1._.js:776
[  104238ms] [LOG] [Fast Refresh] done in 8011ms @ http://localhost:3000/_next/static/chunks/1ldn_next_dist_06gedf1._.js:776
[  104302ms] [LOG] [Fast Refresh] done in 8011ms @ http://localhost:3000/_next/static/chunks/1ldn_next_dist_06gedf1._.js:776
[  104361ms] [LOG] [Fast Refresh] done in 8011ms @ http://localhost:3000/_next/static/chunks/1ldn_next_dist_06gedf1._.js:776
[  104424ms] [LOG] [Fast Refresh] done in 8011ms @ http://localhost:3000/_next/static/chunks/1ldn_next_dist_06gedf1._.js:776
[  104489ms] [LOG] [Fast Refresh] done in 8011ms @ http://localhost:3000/_next/static/chunks/1ldn_next_dist_06gedf1._.js:776
[  104548ms] [LOG] [Fast Refresh] done in 8011ms @ http://localhost:3000/_next/static/chunks/1ldn_next_dist_06gedf1._.js:776
[  104610ms] [LOG] [Fast Refresh] done in 8011ms @ http://localhost:3000/_next/static/chunks/1ldn_next_dist_06gedf1._.js:776
[  104673ms] [LOG] [Fast Refresh] done in 8011ms @ http://localhost:3000/_next/static/chunks/1ldn_next_dist_06gedf1._.js:776
[  104737ms] [LOG] [Fast Refresh] done in 8011ms @ http://localhost:3000/_next/static/chunks/1ldn_next_dist_06gedf1._.js:776
[  104808ms] [LOG] [Fast Refresh] done in 8011ms @ http://localhost:3000/_next/static/chunks/1ldn_next_dist_06gedf1._.js:776
[  104886ms] [LOG] [Fast Refresh] done in 8011ms @ http://localhost:3000/_next/static/chunks/1ldn_next_dist_06gedf1._.js:776
[  104947ms] [LOG] [Fast Refresh] done in 8011ms @ http://localhost:3000/_next/static/chunks/1ldn_next_dist_06gedf1._.js:776
[  105009ms] [LOG] [Fast Refresh] done in 8011ms @ http://localhost:3000/_next/static/chunks/1ldn_next_dist_06gedf1._.js:776
[  105071ms] [LOG] [Fast Refresh] done in 8011ms @ http://localhost:3000/_next/static/chunks/1ldn_next_dist_06gedf1._.js:776
[  105152ms] [LOG] [Fast Refresh] done in 8011ms @ http://localhost:3000/_next/static/chunks/1ldn_next_dist_06gedf1._.js:776
[  105212ms] [LOG] [Fast Refresh] done in 8011ms @ http://localhost:3000/_next/static/chunks/1ldn_next_dist_06gedf1._.js:776
[  105282ms] [LOG] [Fast Refresh] done in 8011ms @ http://localhost:3000/_next/static/chunks/1ldn_next_dist_06gedf1._.js:776
[  105346ms] [LOG] [Fast Refresh] done in 8011ms @ http://localhost:3000/_next/static/chunks/1ldn_next_dist_06gedf1._.js:776
[  105405ms] [LOG] [Fast Refresh] done in 8011ms @ http://localhost:3000/_next/static/chunks/1ldn_next_dist_06gedf1._.js:776
[  105469ms] [LOG] [Fast Refresh] done in 8011ms @ http://localhost:3000/_next/static/chunks/1ldn_next_dist_06gedf1._.js:776
[  105531ms] [LOG] [Fast Refresh] done in 8011ms @ http://localhost:3000/_next/static/chunks/1ldn_next_dist_06gedf1._.js:776
[  105593ms] [LOG] [Fast Refresh] done in 8011ms @ http://localhost:3000/_next/static/chunks/1ldn_next_dist_06gedf1._.js:776
[  105658ms] [LOG] [Fast Refresh] done in 8011ms @ http://localhost:3000/_next/static/chunks/1ldn_next_dist_06gedf1._.js:776
[  105719ms] [LOG] [Fast Refresh] done in 8011ms @ http://localhost:3000/_next/static/chunks/1ldn_next_dist_06gedf1._.js:776
[  105781ms] [LOG] [Fast Refresh] done in 8011ms @ http://localhost:3000/_next/static/chunks/1ldn_next_dist_06gedf1._.js:776
[  105858ms] [LOG] [Fast Refresh] done in 8011ms @ http://localhost:3000/_next/static/chunks/1ldn_next_dist_06gedf1._.js:776
[  105920ms] [LOG] [Fast Refresh] done in 8011ms @ http://localhost:3000/_next/static/chunks/1ldn_next_dist_06gedf1._.js:776
[  105986ms] [LOG] [Fast Refresh] done in 8011ms @ http://localhost:3000/_next/static/chunks/1ldn_next_dist_06gedf1._.js:776
[  106045ms] [LOG] [Fast Refresh] done in 8011ms @ http://localhost:3000/_next/static/chunks/1ldn_next_dist_06gedf1._.js:776
[  106106ms] [LOG] [Fast Refresh] done in 8011ms @ http://localhost:3000/_next/static/chunks/1ldn_next_dist_06gedf1._.js:776
[  106171ms] [LOG] [Fast Refresh] done in 8011ms @ http://localhost:3000/_next/static/chunks/1ldn_next_dist_06gedf1._.js:776
[  106240ms] [LOG] [Fast Refresh] done in 8011ms @ http://localhost:3000/_next/static/chunks/1ldn_next_dist_06gedf1._.js:776
[  106302ms] [LOG] [Fast Refresh] done in 8011ms @ http://localhost:3000/_next/static/chunks/1ldn_next_dist_06gedf1._.js:776
[  106370ms] [LOG] [Fast Refresh] done in 8011ms @ http://localhost:3000/_next/static/chunks/1ldn_next_dist_06gedf1._.js:776
[  106441ms] [LOG] [Fast Refresh] done in 8011ms @ http://localhost:3000/_next/static/chunks/1ldn_next_dist_06gedf1._.js:776
[  106503ms] [LOG] [Fast Refresh] done in 8011ms @ http://localhost:3000/_next/static/chunks/1ldn_next_dist_06gedf1._.js:776
[  106569ms] [LOG] [Fast Refresh] done in 8011ms @ http://localhost:3000/_next/static/chunks/1ldn_next_dist_06gedf1._.js:776
[  106629ms] [LOG] [Fast Refresh] done in 8011ms @ http://localhost:3000/_next/static/chunks/1ldn_next_dist_06gedf1._.js:776
[  106692ms] [LOG] [Fast Refresh] done in 8011ms @ http://localhost:3000/_next/static/chunks/1ldn_next_dist_06gedf1._.js:776
[  106753ms] [LOG] [Fast Refresh] done in 8011ms @ http://localhost:3000/_next/static/chunks/1ldn_next_dist_06gedf1._.js:776
[  106817ms] [LOG] [Fast Refresh] done in 8011ms @ http://localhost:3000/_next/static/chunks/1ldn_next_dist_06gedf1._.js:776
[  106878ms] [LOG] [Fast Refresh] done in 8011ms @ http://localhost:3000/_next/static/chunks/1ldn_next_dist_06gedf1._.js:776
[  106941ms] [LOG] [Fast Refresh] done in 8011ms @ http://localhost:3000/_next/static/chunks/1ldn_next_dist_06gedf1._.js:776
[  107003ms] [LOG] [Fast Refresh] done in 8011ms @ http://localhost:3000/_next/static/chunks/1ldn_next_dist_06gedf1._.js:776
[  107069ms] [LOG] [Fast Refresh] done in 8011ms @ http://localhost:3000/_next/static/chunks/1ldn_next_dist_06gedf1._.js:776
[  107145ms] [LOG] [Fast Refresh] done in 8011ms @ http://localhost:3000/_next/static/chunks/1ldn_next_dist_06gedf1._.js:776
[  107206ms] [LOG] [Fast Refresh] done in 8011ms @ http://localhost:3000/_next/static/chunks/1ldn_next_dist_06gedf1._.js:776
[  107269ms] [LOG] [Fast Refresh] done in 8011ms @ http://localhost:3000/_next/static/chunks/1ldn_next_dist_06gedf1._.js:776
[  107335ms] [LOG] [Fast Refresh] done in 8011ms @ http://localhost:3000/_next/static/chunks/1ldn_next_dist_06gedf1._.js:776
[  107393ms] [LOG] [Fast Refresh] done in 8011ms @ http://localhost:3000/_next/static/chunks/1ldn_next_dist_06gedf1._.js:776
[  107456ms] [LOG] [Fast Refresh] done in 8011ms @ http://localhost:3000/_next/static/chunks/1ldn_next_dist_06gedf1._.js:776
[  107516ms] [LOG] [Fast Refresh] done in 8011ms @ http://localhost:3000/_next/static/chunks/1ldn_next_dist_06gedf1._.js:776
[  107583ms] [LOG] [Fast Refresh] done in 8011ms @ http://localhost:3000/_next/static/chunks/1ldn_next_dist_06gedf1._.js:776
[  107643ms] [LOG] [Fast Refresh] done in 8011ms @ http://localhost:3000/_next/static/chunks/1ldn_next_dist_06gedf1._.js:776
[  107705ms] [LOG] [Fast Refresh] done in 8011ms @ http://localhost:3000/_next/static/chunks/1ldn_next_dist_06gedf1._.js:776
[  107768ms] [LOG] [Fast Refresh] done in 8011ms @ http://localhost:3000/_next/static/chunks/1ldn_next_dist_06gedf1._.js:776
[  107832ms] [LOG] [Fast Refresh] done in 8011ms @ http://localhost:3000/_next/static/chunks/1ldn_next_dist_06gedf1._.js:776
[  107894ms] [LOG] [Fast Refresh] done in 8011ms @ http://localhost:3000/_next/static/chunks/1ldn_next_dist_06gedf1._.js:776
[  107957ms] [LOG] [Fast Refresh] done in 8011ms @ http://localhost:3000/_next/static/chunks/1ldn_next_dist_06gedf1._.js:776
[  108019ms] [LOG] [Fast Refresh] done in 8011ms @ http://localhost:3000/_next/static/chunks/1ldn_next_dist_06gedf1._.js:776
[  108084ms] [LOG] [Fast Refresh] done in 8011ms @ http://localhost:3000/_next/static/chunks/1ldn_next_dist_06gedf1._.js:776
[  108144ms] [LOG] [Fast Refresh] done in 8011ms @ http://localhost:3000/_next/static/chunks/1ldn_next_dist_06gedf1._.js:776
[  108206ms] [LOG] [Fast Refresh] done in 8011ms @ http://localhost:3000/_next/static/chunks/1ldn_next_dist_06gedf1._.js:776
[  108268ms] [LOG] [Fast Refresh] done in 8011ms @ http://localhost:3000/_next/static/chunks/1ldn_next_dist_06gedf1._.js:776
[  108332ms] [LOG] [Fast Refresh] done in 8011ms @ http://localhost:3000/_next/static/chunks/1ldn_next_dist_06gedf1._.js:776
[  108400ms] [LOG] [Fast Refresh] done in 8011ms @ http://localhost:3000/_next/static/chunks/1ldn_next_dist_06gedf1._.js:776
[  108463ms] [LOG] [Fast Refresh] done in 8011ms @ http://localhost:3000/_next/static/chunks/1ldn_next_dist_06gedf1._.js:776
[  108525ms] [LOG] [Fast Refresh] done in 8011ms @ http://localhost:3000/_next/static/chunks/1ldn_next_dist_06gedf1._.js:776
[  108588ms] [LOG] [Fast Refresh] done in 8011ms @ http://localhost:3000/_next/static/chunks/1ldn_next_dist_06gedf1._.js:776
[  108667ms] [LOG] [Fast Refresh] done in 8011ms @ http://localhost:3000/_next/static/chunks/1ldn_next_dist_06gedf1._.js:776
[  108728ms] [LOG] [Fast Refresh] done in 8011ms @ http://localhost:3000/_next/static/chunks/1ldn_next_dist_06gedf1._.js:776
[  108790ms] [LOG] [Fast Refresh] done in 8011ms @ http://localhost:3000/_next/static/chunks/1ldn_next_dist_06gedf1._.js:776
[  108853ms] [LOG] [Fast Refresh] done in 8011ms @ http://localhost:3000/_next/static/chunks/1ldn_next_dist_06gedf1._.js:776
[  108915ms] [LOG] [Fast Refresh] done in 8011ms @ http://localhost:3000/_next/static/chunks/1ldn_next_dist_06gedf1._.js:776
[  108992ms] [LOG] [Fast Refresh] done in 8011ms @ http://localhost:3000/_next/static/chunks/1ldn_next_dist_06gedf1._.js:776
[  109055ms] [LOG] [Fast Refresh] done in 8011ms @ http://localhost:3000/_next/static/chunks/1ldn_next_dist_06gedf1._.js:776
[  109123ms] [LOG] [Fast Refresh] done in 8011ms @ http://localhost:3000/_next/static/chunks/1ldn_next_dist_06gedf1._.js:776
[  109184ms] [LOG] [Fast Refresh] done in 8011ms @ http://localhost:3000/_next/static/chunks/1ldn_next_dist_06gedf1._.js:776
[  109251ms] [LOG] [Fast Refresh] done in 8011ms @ http://localhost:3000/_next/static/chunks/1ldn_next_dist_06gedf1._.js:776
[  109311ms] [LOG] [Fast Refresh] done in 8011ms @ http://localhost:3000/_next/static/chunks/1ldn_next_dist_06gedf1._.js:776
[  109373ms] [LOG] [Fast Refresh] done in 8011ms @ http://localhost:3000/_next/static/chunks/1ldn_next_dist_06gedf1._.js:776
[  109433ms] [LOG] [Fast Refresh] done in 8011ms @ http://localhost:3000/_next/static/chunks/1ldn_next_dist_06gedf1._.js:776
[  109505ms] [LOG] [Fast Refresh] done in 8011ms @ http://localhost:3000/_next/static/chunks/1ldn_next_dist_06gedf1._.js:776
[  109568ms] [LOG] [Fast Refresh] done in 8011ms @ http://localhost:3000/_next/static/chunks/1ldn_next_dist_06gedf1._.js:776
[  109631ms] [LOG] [Fast Refresh] done in 8011ms @ http://localhost:3000/_next/static/chunks/1ldn_next_dist_06gedf1._.js:776
[  109693ms] [LOG] [Fast Refresh] done in 8011ms @ http://localhost:3000/_next/static/chunks/1ldn_next_dist_06gedf1._.js:776
[  109755ms] [LOG] [Fast Refresh] done in 8011ms @ http://localhost:3000/_next/static/chunks/1ldn_next_dist_06gedf1._.js:776
[  109818ms] [LOG] [Fast Refresh] done in 8011ms @ http://localhost:3000/_next/static/chunks/1ldn_next_dist_06gedf1._.js:776
[  109882ms] [LOG] [Fast Refresh] done in 8011ms @ http://localhost:3000/_next/static/chunks/1ldn_next_dist_06gedf1._.js:776
[  109958ms] [LOG] [Fast Refresh] done in 8011ms @ http://localhost:3000/_next/static/chunks/1ldn_next_dist_06gedf1._.js:776
[  110020ms] [LOG] [Fast Refresh] done in 8011ms @ http://localhost:3000/_next/static/chunks/1ldn_next_dist_06gedf1._.js:776
[  110086ms] [LOG] [Fast Refresh] done in 8011ms @ http://localhost:3000/_next/static/chunks/1ldn_next_dist_06gedf1._.js:776
[  110153ms] [LOG] [Fast Refresh] done in 8011ms @ http://localhost:3000/_next/static/chunks/1ldn_next_dist_06gedf1._.js:776
[  110214ms] [LOG] [Fast Refresh] done in 8011ms @ http://localhost:3000/_next/static/chunks/1ldn_next_dist_06gedf1._.js:776
[  110274ms] [LOG] [Fast Refresh] done in 8011ms @ http://localhost:3000/_next/static/chunks/1ldn_next_dist_06gedf1._.js:776
[  110337ms] [LOG] [Fast Refresh] done in 8011ms @ http://localhost:3000/_next/static/chunks/1ldn_next_dist_06gedf1._.js:776
[  110399ms] [LOG] [Fast Refresh] done in 8011ms @ http://localhost:3000/_next/static/chunks/1ldn_next_dist_06gedf1._.js:776
[  110464ms] [LOG] [Fast Refresh] done in 8011ms @ http://localhost:3000/_next/static/chunks/1ldn_next_dist_06gedf1._.js:776
[  110525ms] [LOG] [Fast Refresh] done in 8011ms @ http://localhost:3000/_next/static/chunks/1ldn_next_dist_06gedf1._.js:776
[  110589ms] [LOG] [Fast Refresh] done in 8011ms @ http://localhost:3000/_next/static/chunks/1ldn_next_dist_06gedf1._.js:776
[  110651ms] [LOG] [Fast Refresh] done in 8011ms @ http://localhost:3000/_next/static/chunks/1ldn_next_dist_06gedf1._.js:776
[  110716ms] [LOG] [Fast Refresh] done in 8011ms @ http://localhost:3000/_next/static/chunks/1ldn_next_dist_06gedf1._.js:776
[  110779ms] [LOG] [Fast Refresh] done in 8011ms @ http://localhost:3000/_next/static/chunks/1ldn_next_dist_06gedf1._.js:776
[  110839ms] [LOG] [Fast Refresh] done in 8011ms @ http://localhost:3000/_next/static/chunks/1ldn_next_dist_06gedf1._.js:776
[  110901ms] [LOG] [Fast Refresh] done in 8011ms @ http://localhost:3000/_next/static/chunks/1ldn_next_dist_06gedf1._.js:776
[  110963ms] [LOG] [Fast Refresh] done in 8011ms @ http://localhost:3000/_next/static/chunks/1ldn_next_dist_06gedf1._.js:776
[  111027ms] [LOG] [Fast Refresh] done in 8011ms @ http://localhost:3000/_next/static/chunks/1ldn_next_dist_06gedf1._.js:776
[  111089ms] [LOG] [Fast Refresh] done in 8011ms @ http://localhost:3000/_next/static/chunks/1ldn_next_dist_06gedf1._.js:776
[  111153ms] [LOG] [Fast Refresh] done in 8011ms @ http://localhost:3000/_next/static/chunks/1ldn_next_dist_06gedf1._.js:776
[  111213ms] [LOG] [Fast Refresh] done in 8011ms @ http://localhost:3000/_next/static/chunks/1ldn_next_dist_06gedf1._.js:776
[  111277ms] [LOG] [Fast Refresh] done in 8011ms @ http://localhost:3000/_next/static/chunks/1ldn_next_dist_06gedf1._.js:776
[  111339ms] [LOG] [Fast Refresh] done in 8011ms @ http://localhost:3000/_next/static/chunks/1ldn_next_dist_06gedf1._.js:776
[  111401ms] [LOG] [Fast Refresh] done in 8011ms @ http://localhost:3000/_next/static/chunks/1ldn_next_dist_06gedf1._.js:776
[  111466ms] [LOG] [Fast Refresh] done in 8011ms @ http://localhost:3000/_next/static/chunks/1ldn_next_dist_06gedf1._.js:776
[  111530ms] [LOG] [Fast Refresh] done in 8011ms @ http://localhost:3000/_next/static/chunks/1ldn_next_dist_06gedf1._.js:776
[  111591ms] [LOG] [Fast Refresh] done in 8011ms @ http://localhost:3000/_next/static/chunks/1ldn_next_dist_06gedf1._.js:776
[  111654ms] [LOG] [Fast Refresh] done in 8011ms @ http://localhost:3000/_next/static/chunks/1ldn_next_dist_06gedf1._.js:776
[  111715ms] [LOG] [Fast Refresh] done in 8011ms @ http://localhost:3000/_next/static/chunks/1ldn_next_dist_06gedf1._.js:776
[  111780ms] [LOG] [Fast Refresh] done in 8011ms @ http://localhost:3000/_next/static/chunks/1ldn_next_dist_06gedf1._.js:776
[  111841ms] [LOG] [Fast Refresh] done in 8011ms @ http://localhost:3000/_next/static/chunks/1ldn_next_dist_06gedf1._.js:776
[  111904ms] [LOG] [Fast Refresh] done in 8011ms @ http://localhost:3000/_next/static/chunks/1ldn_next_dist_06gedf1._.js:776
[  111965ms] [LOG] [Fast Refresh] done in 8011ms @ http://localhost:3000/_next/static/chunks/1ldn_next_dist_06gedf1._.js:776
[  112029ms] [LOG] [Fast Refresh] done in 8011ms @ http://localhost:3000/_next/static/chunks/1ldn_next_dist_06gedf1._.js:776
[  112090ms] [LOG] [Fast Refresh] done in 8011ms @ http://localhost:3000/_next/static/chunks/1ldn_next_dist_06gedf1._.js:776
[  112156ms] [LOG] [Fast Refresh] done in 8011ms @ http://localhost:3000/_next/static/chunks/1ldn_next_dist_06gedf1._.js:776
[  112217ms] [LOG] [Fast Refresh] done in 8011ms @ http://localhost:3000/_next/static/chunks/1ldn_next_dist_06gedf1._.js:776
[  112281ms] [LOG] [Fast Refresh] done in 8011ms @ http://localhost:3000/_next/static/chunks/1ldn_next_dist_06gedf1._.js:776
[  112344ms] [LOG] [Fast Refresh] done in 8011ms @ http://localhost:3000/_next/static/chunks/1ldn_next_dist_06gedf1._.js:776
[  112405ms] [LOG] [Fast Refresh] done in 8011ms @ http://localhost:3000/_next/static/chunks/1ldn_next_dist_06gedf1._.js:776
[  112467ms] [LOG] [Fast Refresh] done in 8011ms @ http://localhost:3000/_next/static/chunks/1ldn_next_dist_06gedf1._.js:776
[  112530ms] [LOG] [Fast Refresh] done in 8011ms @ http://localhost:3000/_next/static/chunks/1ldn_next_dist_06gedf1._.js:776
[  112607ms] [LOG] [Fast Refresh] done in 8011ms @ http://localhost:3000/_next/static/chunks/1ldn_next_dist_06gedf1._.js:776
[  112669ms] [LOG] [Fast Refresh] done in 8011ms @ http://localhost:3000/_next/static/chunks/1ldn_next_dist_06gedf1._.js:776
[  112732ms] [LOG] [Fast Refresh] done in 8011ms @ http://localhost:3000/_next/static/chunks/1ldn_next_dist_06gedf1._.js:776
[  112795ms] [LOG] [Fast Refresh] done in 8011ms @ http://localhost:3000/_next/static/chunks/1ldn_next_dist_06gedf1._.js:776
[  112858ms] [LOG] [Fast Refresh] done in 8011ms @ http://localhost:3000/_next/static/chunks/1ldn_next_dist_06gedf1._.js:776
[  112919ms] [LOG] [Fast Refresh] done in 8011ms @ http://localhost:3000/_next/static/chunks/1ldn_next_dist_06gedf1._.js:776
[  112982ms] [LOG] [Fast Refresh] done in 8011ms @ http://localhost:3000/_next/static/chunks/1ldn_next_dist_06gedf1._.js:776
[  113045ms] [LOG] [Fast Refresh] done in 8011ms @ http://localhost:3000/_next/static/chunks/1ldn_next_dist_06gedf1._.js:776
[  113106ms] [LOG] [Fast Refresh] done in 8011ms @ http://localhost:3000/_next/static/chunks/1ldn_next_dist_06gedf1._.js:776
[  113169ms] [LOG] [Fast Refresh] done in 8011ms @ http://localhost:3000/_next/static/chunks/1ldn_next_dist_06gedf1._.js:776
[  113230ms] [LOG] [Fast Refresh] done in 8011ms @ http://localhost:3000/_next/static/chunks/1ldn_next_dist_06gedf1._.js:776
[  113295ms] [LOG] [Fast Refresh] done in 8011ms @ http://localhost:3000/_next/static/chunks/1ldn_next_dist_06gedf1._.js:776
[  113356ms] [LOG] [Fast Refresh] done in 8011ms @ http://localhost:3000/_next/static/chunks/1ldn_next_dist_06gedf1._.js:776
[  113417ms] [LOG] [Fast Refresh] done in 8011ms @ http://localhost:3000/_next/static/chunks/1ldn_next_dist_06gedf1._.js:776
[  113481ms] [LOG] [Fast Refresh] done in 8011ms @ http://localhost:3000/_next/static/chunks/1ldn_next_dist_06gedf1._.js:776
[  113543ms] [LOG] [Fast Refresh] done in 8011ms @ http://localhost:3000/_next/static/chunks/1ldn_next_dist_06gedf1._.js:776
[  113605ms] [LOG] [Fast Refresh] done in 8011ms @ http://localhost:3000/_next/static/chunks/1ldn_next_dist_06gedf1._.js:776
[  113666ms] [LOG] [Fast Refresh] done in 8011ms @ http://localhost:3000/_next/static/chunks/1ldn_next_dist_06gedf1._.js:776
[  113778ms] [LOG] [Fast Refresh] done in 8011ms @ http://localhost:3000/_next/static/chunks/1ldn_next_dist_06gedf1._.js:776
[  113837ms] [LOG] [Fast Refresh] done in 8011ms @ http://localhost:3000/_next/static/chunks/1ldn_next_dist_06gedf1._.js:776
[  113899ms] [LOG] [Fast Refresh] done in 8011ms @ http://localhost:3000/_next/static/chunks/1ldn_next_dist_06gedf1._.js:776
[  113962ms] [LOG] [Fast Refresh] done in 8011ms @ http://localhost:3000/_next/static/chunks/1ldn_next_dist_06gedf1._.js:776
[  114024ms] [LOG] [Fast Refresh] done in 8011ms @ http://localhost:3000/_next/static/chunks/1ldn_next_dist_06gedf1._.js:776
[  114088ms] [LOG] [Fast Refresh] done in 8011ms @ http://localhost:3000/_next/static/chunks/1ldn_next_dist_06gedf1._.js:776
[  114149ms] [LOG] [Fast Refresh] done in 8011ms @ http://localhost:3000/_next/static/chunks/1ldn_next_dist_06gedf1._.js:776
[  114211ms] [LOG] [Fast Refresh] done in 8011ms @ http://localhost:3000/_next/static/chunks/1ldn_next_dist_06gedf1._.js:776
[  114271ms] [LOG] [Fast Refresh] done in 8011ms @ http://localhost:3000/_next/static/chunks/1ldn_next_dist_06gedf1._.js:776
[  114334ms] [LOG] [Fast Refresh] done in 8011ms @ http://localhost:3000/_next/static/chunks/1ldn_next_dist_06gedf1._.js:776
[  114395ms] [LOG] [Fast Refresh] done in 8011ms @ http://localhost:3000/_next/static/chunks/1ldn_next_dist_06gedf1._.js:776
[  114474ms] [LOG] [Fast Refresh] done in 8011ms @ http://localhost:3000/_next/static/chunks/1ldn_next_dist_06gedf1._.js:776
[  114537ms] [LOG] [Fast Refresh] done in 8011ms @ http://localhost:3000/_next/static/chunks/1ldn_next_dist_06gedf1._.js:776
[  114599ms] [LOG] [Fast Refresh] done in 8011ms @ http://localhost:3000/_next/static/chunks/1ldn_next_dist_06gedf1._.js:776
[  114661ms] [LOG] [Fast Refresh] done in 8011ms @ http://localhost:3000/_next/static/chunks/1ldn_next_dist_06gedf1._.js:776
[  114727ms] [LOG] [Fast Refresh] done in 8011ms @ http://localhost:3000/_next/static/chunks/1ldn_next_dist_06gedf1._.js:776
[  114786ms] [LOG] [Fast Refresh] done in 8011ms @ http://localhost:3000/_next/static/chunks/1ldn_next_dist_06gedf1._.js:776
[  114848ms] [LOG] [Fast Refresh] done in 8011ms @ http://localhost:3000/_next/static/chunks/1ldn_next_dist_06gedf1._.js:776
[  114926ms] [LOG] [Fast Refresh] done in 8011ms @ http://localhost:3000/_next/static/chunks/1ldn_next_dist_06gedf1._.js:776
[  114986ms] [LOG] [Fast Refresh] done in 8011ms @ http://localhost:3000/_next/static/chunks/1ldn_next_dist_06gedf1._.js:776
[  115048ms] [LOG] [Fast Refresh] done in 8011ms @ http://localhost:3000/_next/static/chunks/1ldn_next_dist_06gedf1._.js:776
[  115110ms] [LOG] [Fast Refresh] done in 8011ms @ http://localhost:3000/_next/static/chunks/1ldn_next_dist_06gedf1._.js:776
[  115172ms] [LOG] [Fast Refresh] done in 8011ms @ http://localhost:3000/_next/static/chunks/1ldn_next_dist_06gedf1._.js:776
[  115236ms] [LOG] [Fast Refresh] done in 8011ms @ http://localhost:3000/_next/static/chunks/1ldn_next_dist_06gedf1._.js:776
[  115298ms] [LOG] [Fast Refresh] done in 8011ms @ http://localhost:3000/_next/static/chunks/1ldn_next_dist_06gedf1._.js:776
[  115360ms] [LOG] [Fast Refresh] done in 8011ms @ http://localhost:3000/_next/static/chunks/1ldn_next_dist_06gedf1._.js:776
[  115425ms] [LOG] [Fast Refresh] done in 8011ms @ http://localhost:3000/_next/static/chunks/1ldn_next_dist_06gedf1._.js:776
[  115486ms] [LOG] [Fast Refresh] done in 8011ms @ http://localhost:3000/_next/static/chunks/1ldn_next_dist_06gedf1._.js:776
[  115550ms] [LOG] [Fast Refresh] done in 8011ms @ http://localhost:3000/_next/static/chunks/1ldn_next_dist_06gedf1._.js:776
[  115611ms] [LOG] [Fast Refresh] done in 8011ms @ http://localhost:3000/_next/static/chunks/1ldn_next_dist_06gedf1._.js:776
[  115676ms] [LOG] [Fast Refresh] done in 8011ms @ http://localhost:3000/_next/static/chunks/1ldn_next_dist_06gedf1._.js:776
[  115736ms] [LOG] [Fast Refresh] done in 8011ms @ http://localhost:3000/_next/static/chunks/1ldn_next_dist_06gedf1._.js:776
[  115798ms] [LOG] [Fast Refresh] done in 8011ms @ http://localhost:3000/_next/static/chunks/1ldn_next_dist_06gedf1._.js:776
[  115861ms] [LOG] [Fast Refresh] done in 8011ms @ http://localhost:3000/_next/static/chunks/1ldn_next_dist_06gedf1._.js:776
[  115922ms] [LOG] [Fast Refresh] done in 8011ms @ http://localhost:3000/_next/static/chunks/1ldn_next_dist_06gedf1._.js:776
[  115986ms] [LOG] [Fast Refresh] done in 8011ms @ http://localhost:3000/_next/static/chunks/1ldn_next_dist_06gedf1._.js:776
[  116045ms] [LOG] [Fast Refresh] done in 8011ms @ http://localhost:3000/_next/static/chunks/1ldn_next_dist_06gedf1._.js:776
[  116109ms] [LOG] [Fast Refresh] done in 8011ms @ http://localhost:3000/_next/static/chunks/1ldn_next_dist_06gedf1._.js:776
[  116169ms] [LOG] [Fast Refresh] done in 8011ms @ http://localhost:3000/_next/static/chunks/1ldn_next_dist_06gedf1._.js:776
[  116231ms] [LOG] [Fast Refresh] done in 8011ms @ http://localhost:3000/_next/static/chunks/1ldn_next_dist_06gedf1._.js:776
[  116293ms] [LOG] [Fast Refresh] done in 8011ms @ http://localhost:3000/_next/static/chunks/1ldn_next_dist_06gedf1._.js:776
[  116358ms] [LOG] [Fast Refresh] done in 8011ms @ http://localhost:3000/_next/static/chunks/1ldn_next_dist_06gedf1._.js:776
[  116435ms] [LOG] [Fast Refresh] done in 8011ms @ http://localhost:3000/_next/static/chunks/1ldn_next_dist_06gedf1._.js:776
[  116496ms] [LOG] [Fast Refresh] done in 8011ms @ http://localhost:3000/_next/static/chunks/1ldn_next_dist_06gedf1._.js:776
[  116562ms] [LOG] [Fast Refresh] done in 8011ms @ http://localhost:3000/_next/static/chunks/1ldn_next_dist_06gedf1._.js:776
[  116625ms] [LOG] [Fast Refresh] done in 8011ms @ http://localhost:3000/_next/static/chunks/1ldn_next_dist_06gedf1._.js:776
[  116688ms] [LOG] [Fast Refresh] done in 8011ms @ http://localhost:3000/_next/static/chunks/1ldn_next_dist_06gedf1._.js:776
[  116749ms] [LOG] [Fast Refresh] done in 8011ms @ http://localhost:3000/_next/static/chunks/1ldn_next_dist_06gedf1._.js:776
[  116812ms] [LOG] [Fast Refresh] done in 8011ms @ http://localhost:3000/_next/static/chunks/1ldn_next_dist_06gedf1._.js:776
[  116875ms] [LOG] [Fast Refresh] done in 8011ms @ http://localhost:3000/_next/static/chunks/1ldn_next_dist_06gedf1._.js:776
[  116951ms] [LOG] [Fast Refresh] done in 8011ms @ http://localhost:3000/_next/static/chunks/1ldn_next_dist_06gedf1._.js:776
[  117013ms] [LOG] [Fast Refresh] done in 8011ms @ http://localhost:3000/_next/static/chunks/1ldn_next_dist_06gedf1._.js:776
[  117075ms] [LOG] [Fast Refresh] done in 8011ms @ http://localhost:3000/_next/static/chunks/1ldn_next_dist_06gedf1._.js:776
[  117153ms] [LOG] [Fast Refresh] done in 8011ms @ http://localhost:3000/_next/static/chunks/1ldn_next_dist_06gedf1._.js:776
[  117215ms] [LOG] [Fast Refresh] done in 8011ms @ http://localhost:3000/_next/static/chunks/1ldn_next_dist_06gedf1._.js:776
[  117276ms] [LOG] [Fast Refresh] done in 8011ms @ http://localhost:3000/_next/static/chunks/1ldn_next_dist_06gedf1._.js:776
[  117341ms] [LOG] [Fast Refresh] done in 8011ms @ http://localhost:3000/_next/static/chunks/1ldn_next_dist_06gedf1._.js:776
[  117402ms] [LOG] [Fast Refresh] done in 8011ms @ http://localhost:3000/_next/static/chunks/1ldn_next_dist_06gedf1._.js:776
[  117465ms] [LOG] [Fast Refresh] done in 8011ms @ http://localhost:3000/_next/static/chunks/1ldn_next_dist_06gedf1._.js:776
[  117529ms] [LOG] [Fast Refresh] done in 8011ms @ http://localhost:3000/_next/static/chunks/1ldn_next_dist_06gedf1._.js:776
[  117591ms] [LOG] [Fast Refresh] done in 8011ms @ http://localhost:3000/_next/static/chunks/1ldn_next_dist_06gedf1._.js:776
[  117669ms] [LOG] [Fast Refresh] done in 8011ms @ http://localhost:3000/_next/static/chunks/1ldn_next_dist_06gedf1._.js:776
[  117733ms] [LOG] [Fast Refresh] done in 8011ms @ http://localhost:3000/_next/static/chunks/1ldn_next_dist_06gedf1._.js:776
[  117796ms] [LOG] [Fast Refresh] done in 8011ms @ http://localhost:3000/_next/static/chunks/1ldn_next_dist_06gedf1._.js:776
[  117861ms] [LOG] [Fast Refresh] done in 8011ms @ http://localhost:3000/_next/static/chunks/1ldn_next_dist_06gedf1._.js:776
[  117924ms] [LOG] [Fast Refresh] done in 8011ms @ http://localhost:3000/_next/static/chunks/1ldn_next_dist_06gedf1._.js:776
[  117985ms] [LOG] [Fast Refresh] done in 8011ms @ http://localhost:3000/_next/static/chunks/1ldn_next_dist_06gedf1._.js:776
[  118061ms] [LOG] [Fast Refresh] done in 8011ms @ http://localhost:3000/_next/static/chunks/1ldn_next_dist_06gedf1._.js:776
[  118126ms] [LOG] [Fast Refresh] done in 8011ms @ http://localhost:3000/_next/static/chunks/1ldn_next_dist_06gedf1._.js:776
[  118187ms] [LOG] [Fast Refresh] done in 8011ms @ http://localhost:3000/_next/static/chunks/1ldn_next_dist_06gedf1._.js:776
[  118248ms] [LOG] [Fast Refresh] done in 8011ms @ http://localhost:3000/_next/static/chunks/1ldn_next_dist_06gedf1._.js:776
[  118311ms] [LOG] [Fast Refresh] done in 8011ms @ http://localhost:3000/_next/static/chunks/1ldn_next_dist_06gedf1._.js:776
[  118376ms] [LOG] [Fast Refresh] done in 8011ms @ http://localhost:3000/_next/static/chunks/1ldn_next_dist_06gedf1._.js:776
[  118438ms] [LOG] [Fast Refresh] done in 8011ms @ http://localhost:3000/_next/static/chunks/1ldn_next_dist_06gedf1._.js:776
[  118499ms] [LOG] [Fast Refresh] done in 8011ms @ http://localhost:3000/_next/static/chunks/1ldn_next_dist_06gedf1._.js:776
[  118561ms] [LOG] [Fast Refresh] done in 8011ms @ http://localhost:3000/_next/static/chunks/1ldn_next_dist_06gedf1._.js:776
[  118624ms] [LOG] [Fast Refresh] done in 8011ms @ http://localhost:3000/_next/static/chunks/1ldn_next_dist_06gedf1._.js:776
[  118686ms] [LOG] [Fast Refresh] done in 8011ms @ http://localhost:3000/_next/static/chunks/1ldn_next_dist_06gedf1._.js:776
[  118747ms] [LOG] [Fast Refresh] done in 8011ms @ http://localhost:3000/_next/static/chunks/1ldn_next_dist_06gedf1._.js:776
[  118810ms] [LOG] [Fast Refresh] done in 8011ms @ http://localhost:3000/_next/static/chunks/1ldn_next_dist_06gedf1._.js:776
[  118872ms] [LOG] [Fast Refresh] done in 8011ms @ http://localhost:3000/_next/static/chunks/1ldn_next_dist_06gedf1._.js:776
[  118949ms] [LOG] [Fast Refresh] done in 8011ms @ http://localhost:3000/_next/static/chunks/1ldn_next_dist_06gedf1._.js:776
[  119027ms] [LOG] [Fast Refresh] done in 8011ms @ http://localhost:3000/_next/static/chunks/1ldn_next_dist_06gedf1._.js:776
[  119091ms] [LOG] [Fast Refresh] done in 8011ms @ http://localhost:3000/_next/static/chunks/1ldn_next_dist_06gedf1._.js:776
[  119154ms] [LOG] [Fast Refresh] done in 8011ms @ http://localhost:3000/_next/static/chunks/1ldn_next_dist_06gedf1._.js:776
[  119214ms] [LOG] [Fast Refresh] done in 8011ms @ http://localhost:3000/_next/static/chunks/1ldn_next_dist_06gedf1._.js:776
[  119276ms] [LOG] [Fast Refresh] done in 8011ms @ http://localhost:3000/_next/static/chunks/1ldn_next_dist_06gedf1._.js:776
[  119343ms] [LOG] [Fast Refresh] done in 8011ms @ http://localhost:3000/_next/static/chunks/1ldn_next_dist_06gedf1._.js:776
[  119400ms] [LOG] [Fast Refresh] done in 8011ms @ http://localhost:3000/_next/static/chunks/1ldn_next_dist_06gedf1._.js:776
[  119459ms] [LOG] [Fast Refresh] done in 8011ms @ http://localhost:3000/_next/static/chunks/1ldn_next_dist_06gedf1._.js:776
[  119524ms] [LOG] [Fast Refresh] done in 8011ms @ http://localhost:3000/_next/static/chunks/1ldn_next_dist_06gedf1._.js:776
[  119585ms] [LOG] [Fast Refresh] done in 8011ms @ http://localhost:3000/_next/static/chunks/1ldn_next_dist_06gedf1._.js:776
[  119647ms] [LOG] [Fast Refresh] done in 8011ms @ http://localhost:3000/_next/static/chunks/1ldn_next_dist_06gedf1._.js:776
[  119709ms] [LOG] [Fast Refresh] done in 8011ms @ http://localhost:3000/_next/static/chunks/1ldn_next_dist_06gedf1._.js:776
[  119773ms] [LOG] [Fast Refresh] done in 8011ms @ http://localhost:3000/_next/static/chunks/1ldn_next_dist_06gedf1._.js:776
[  119835ms] [LOG] [Fast Refresh] done in 8011ms @ http://localhost:3000/_next/static/chunks/1ldn_next_dist_06gedf1._.js:776
[  119896ms] [LOG] [Fast Refresh] done in 8011ms @ http://localhost:3000/_next/static/chunks/1ldn_next_dist_06gedf1._.js:776
[  119972ms] [LOG] [Fast Refresh] done in 8011ms @ http://localhost:3000/_next/static/chunks/1ldn_next_dist_06gedf1._.js:776
[  120049ms] [LOG] [Fast Refresh] done in 8011ms @ http://localhost:3000/_next/static/chunks/1ldn_next_dist_06gedf1._.js:776
[  120138ms] [LOG] [Fast Refresh] done in 8011ms @ http://localhost:3000/_next/static/chunks/1ldn_next_dist_06gedf1._.js:776
[  120199ms] [LOG] [Fast Refresh] done in 8011ms @ http://localhost:3000/_next/static/chunks/1ldn_next_dist_06gedf1._.js:776
[  120261ms] [LOG] [Fast Refresh] done in 8011ms @ http://localhost:3000/_next/static/chunks/1ldn_next_dist_06gedf1._.js:776
[  120323ms] [LOG] [Fast Refresh] done in 8011ms @ http://localhost:3000/_next/static/chunks/1ldn_next_dist_06gedf1._.js:776
[  120387ms] [LOG] [Fast Refresh] done in 8011ms @ http://localhost:3000/_next/static/chunks/1ldn_next_dist_06gedf1._.js:776
[  120449ms] [LOG] [Fast Refresh] done in 8011ms @ http://localhost:3000/_next/static/chunks/1ldn_next_dist_06gedf1._.js:776
[  120513ms] [LOG] [Fast Refresh] done in 8011ms @ http://localhost:3000/_next/static/chunks/1ldn_next_dist_06gedf1._.js:776
[  120598ms] [LOG] [Fast Refresh] done in 8011ms @ http://localhost:3000/_next/static/chunks/1ldn_next_dist_06gedf1._.js:776
[  120661ms] [LOG] [Fast Refresh] done in 8011ms @ http://localhost:3000/_next/static/chunks/1ldn_next_dist_06gedf1._.js:776
[  120724ms] [LOG] [Fast Refresh] done in 8011ms @ http://localhost:3000/_next/static/chunks/1ldn_next_dist_06gedf1._.js:776
[  120787ms] [LOG] [Fast Refresh] done in 8011ms @ http://localhost:3000/_next/static/chunks/1ldn_next_dist_06gedf1._.js:776
[  120848ms] [LOG] [Fast Refresh] done in 8011ms @ http://localhost:3000/_next/static/chunks/1ldn_next_dist_06gedf1._.js:776
[  120908ms] [LOG] [Fast Refresh] done in 8011ms @ http://localhost:3000/_next/static/chunks/1ldn_next_dist_06gedf1._.js:776
[  120974ms] [LOG] [Fast Refresh] done in 8011ms @ http://localhost:3000/_next/static/chunks/1ldn_next_dist_06gedf1._.js:776
[  121033ms] [LOG] [Fast Refresh] done in 8011ms @ http://localhost:3000/_next/static/chunks/1ldn_next_dist_06gedf1._.js:776
[  121096ms] [LOG] [Fast Refresh] done in 8011ms @ http://localhost:3000/_next/static/chunks/1ldn_next_dist_06gedf1._.js:776
[  121158ms] [LOG] [Fast Refresh] done in 8011ms @ http://localhost:3000/_next/static/chunks/1ldn_next_dist_06gedf1._.js:776
[  121216ms] [LOG] [Fast Refresh] done in 8011ms @ http://localhost:3000/_next/static/chunks/1ldn_next_dist_06gedf1._.js:776
[  121278ms] [LOG] [Fast Refresh] done in 8011ms @ http://localhost:3000/_next/static/chunks/1ldn_next_dist_06gedf1._.js:776
[  121345ms] [LOG] [Fast Refresh] done in 8011ms @ http://localhost:3000/_next/static/chunks/1ldn_next_dist_06gedf1._.js:776
[  121406ms] [LOG] [Fast Refresh] done in 8011ms @ http://localhost:3000/_next/static/chunks/1ldn_next_dist_06gedf1._.js:776
[  121469ms] [LOG] [Fast Refresh] done in 8011ms @ http://localhost:3000/_next/static/chunks/1ldn_next_dist_06gedf1._.js:776
[  121529ms] [LOG] [Fast Refresh] done in 8011ms @ http://localhost:3000/_next/static/chunks/1ldn_next_dist_06gedf1._.js:776
[  121592ms] [LOG] [Fast Refresh] done in 8011ms @ http://localhost:3000/_next/static/chunks/1ldn_next_dist_06gedf1._.js:776
[  121655ms] [LOG] [Fast Refresh] done in 8011ms @ http://localhost:3000/_next/static/chunks/1ldn_next_dist_06gedf1._.js:776
[  121722ms] [LOG] [Fast Refresh] done in 8011ms @ http://localhost:3000/_next/static/chunks/1ldn_next_dist_06gedf1._.js:776
[  121786ms] [LOG] [Fast Refresh] done in 8011ms @ http://localhost:3000/_next/static/chunks/1ldn_next_dist_06gedf1._.js:776
[  121847ms] [LOG] [Fast Refresh] done in 8011ms @ http://localhost:3000/_next/static/chunks/1ldn_next_dist_06gedf1._.js:776
[  121909ms] [LOG] [Fast Refresh] done in 8011ms @ http://localhost:3000/_next/static/chunks/1ldn_next_dist_06gedf1._.js:776
[  121973ms] [LOG] [Fast Refresh] done in 8011ms @ http://localhost:3000/_next/static/chunks/1ldn_next_dist_06gedf1._.js:776
[  122036ms] [LOG] [Fast Refresh] done in 8011ms @ http://localhost:3000/_next/static/chunks/1ldn_next_dist_06gedf1._.js:776
[  122097ms] [LOG] [Fast Refresh] done in 8011ms @ http://localhost:3000/_next/static/chunks/1ldn_next_dist_06gedf1._.js:776
[  122160ms] [LOG] [Fast Refresh] done in 8011ms @ http://localhost:3000/_next/static/chunks/1ldn_next_dist_06gedf1._.js:776
[  122221ms] [LOG] [Fast Refresh] done in 8011ms @ http://localhost:3000/_next/static/chunks/1ldn_next_dist_06gedf1._.js:776
[  122289ms] [LOG] [Fast Refresh] done in 8011ms @ http://localhost:3000/_next/static/chunks/1ldn_next_dist_06gedf1._.js:776
[  122346ms] [LOG] [Fast Refresh] done in 8011ms @ http://localhost:3000/_next/static/chunks/1ldn_next_dist_06gedf1._.js:776
[  122408ms] [LOG] [Fast Refresh] done in 8011ms @ http://localhost:3000/_next/static/chunks/1ldn_next_dist_06gedf1._.js:776
[  122471ms] [LOG] [Fast Refresh] done in 8011ms @ http://localhost:3000/_next/static/chunks/1ldn_next_dist_06gedf1._.js:776
[  122535ms] [LOG] [Fast Refresh] done in 8011ms @ http://localhost:3000/_next/static/chunks/1ldn_next_dist_06gedf1._.js:776
[  122595ms] [LOG] [Fast Refresh] done in 8011ms @ http://localhost:3000/_next/static/chunks/1ldn_next_dist_06gedf1._.js:776
[  122659ms] [LOG] [Fast Refresh] done in 8011ms @ http://localhost:3000/_next/static/chunks/1ldn_next_dist_06gedf1._.js:776
[  122721ms] [LOG] [Fast Refresh] done in 8011ms @ http://localhost:3000/_next/static/chunks/1ldn_next_dist_06gedf1._.js:776
[  122786ms] [LOG] [Fast Refresh] done in 8011ms @ http://localhost:3000/_next/static/chunks/1ldn_next_dist_06gedf1._.js:776
[  122864ms] [LOG] [Fast Refresh] done in 8011ms @ http://localhost:3000/_next/static/chunks/1ldn_next_dist_06gedf1._.js:776
[  122926ms] [LOG] [Fast Refresh] done in 8011ms @ http://localhost:3000/_next/static/chunks/1ldn_next_dist_06gedf1._.js:776
[  122987ms] [LOG] [Fast Refresh] done in 8011ms @ http://localhost:3000/_next/static/chunks/1ldn_next_dist_06gedf1._.js:776
[  123051ms] [LOG] [Fast Refresh] done in 8011ms @ http://localhost:3000/_next/static/chunks/1ldn_next_dist_06gedf1._.js:776
[  123112ms] [LOG] [Fast Refresh] done in 8011ms @ http://localhost:3000/_next/static/chunks/1ldn_next_dist_06gedf1._.js:776
[  123205ms] [LOG] [Fast Refresh] done in 8011ms @ http://localhost:3000/_next/static/chunks/1ldn_next_dist_06gedf1._.js:776
[  123267ms] [LOG] [Fast Refresh] done in 8011ms @ http://localhost:3000/_next/static/chunks/1ldn_next_dist_06gedf1._.js:776
[  123330ms] [LOG] [Fast Refresh] done in 8011ms @ http://localhost:3000/_next/static/chunks/1ldn_next_dist_06gedf1._.js:776
[  123394ms] [LOG] [Fast Refresh] done in 8011ms @ http://localhost:3000/_next/static/chunks/1ldn_next_dist_06gedf1._.js:776
[  123457ms] [LOG] [Fast Refresh] done in 8011ms @ http://localhost:3000/_next/static/chunks/1ldn_next_dist_06gedf1._.js:776
[  123519ms] [LOG] [Fast Refresh] done in 8011ms @ http://localhost:3000/_next/static/chunks/1ldn_next_dist_06gedf1._.js:776
[  123584ms] [LOG] [Fast Refresh] done in 8011ms @ http://localhost:3000/_next/static/chunks/1ldn_next_dist_06gedf1._.js:776
[  123644ms] [LOG] [Fast Refresh] done in 8011ms @ http://localhost:3000/_next/static/chunks/1ldn_next_dist_06gedf1._.js:776
[  123708ms] [LOG] [Fast Refresh] done in 8011ms @ http://localhost:3000/_next/static/chunks/1ldn_next_dist_06gedf1._.js:776
[  123771ms] [LOG] [Fast Refresh] done in 8011ms @ http://localhost:3000/_next/static/chunks/1ldn_next_dist_06gedf1._.js:776
[  123834ms] [LOG] [Fast Refresh] done in 8011ms @ http://localhost:3000/_next/static/chunks/1ldn_next_dist_06gedf1._.js:776
[  123895ms] [LOG] [Fast Refresh] done in 8011ms @ http://localhost:3000/_next/static/chunks/1ldn_next_dist_06gedf1._.js:776
[  123956ms] [LOG] [Fast Refresh] done in 8011ms @ http://localhost:3000/_next/static/chunks/1ldn_next_dist_06gedf1._.js:776
[  124020ms] [LOG] [Fast Refresh] done in 8011ms @ http://localhost:3000/_next/static/chunks/1ldn_next_dist_06gedf1._.js:776
[  124085ms] [LOG] [Fast Refresh] done in 8011ms @ http://localhost:3000/_next/static/chunks/1ldn_next_dist_06gedf1._.js:776
[  124144ms] [LOG] [Fast Refresh] done in 8011ms @ http://localhost:3000/_next/static/chunks/1ldn_next_dist_06gedf1._.js:776
[  124222ms] [LOG] [Fast Refresh] done in 8011ms @ http://localhost:3000/_next/static/chunks/1ldn_next_dist_06gedf1._.js:776
[  124285ms] [LOG] [Fast Refresh] done in 8011ms @ http://localhost:3000/_next/static/chunks/1ldn_next_dist_06gedf1._.js:776
[  124350ms] [LOG] [Fast Refresh] done in 8011ms @ http://localhost:3000/_next/static/chunks/1ldn_next_dist_06gedf1._.js:776
[  124411ms] [LOG] [Fast Refresh] done in 8011ms @ http://localhost:3000/_next/static/chunks/1ldn_next_dist_06gedf1._.js:776
[  124473ms] [LOG] [Fast Refresh] done in 8011ms @ http://localhost:3000/_next/static/chunks/1ldn_next_dist_06gedf1._.js:776
[  124538ms] [LOG] [Fast Refresh] done in 8011ms @ http://localhost:3000/_next/static/chunks/1ldn_next_dist_06gedf1._.js:776
[  124601ms] [LOG] [Fast Refresh] done in 8011ms @ http://localhost:3000/_next/static/chunks/1ldn_next_dist_06gedf1._.js:776
[  124660ms] [LOG] [Fast Refresh] done in 8011ms @ http://localhost:3000/_next/static/chunks/1ldn_next_dist_06gedf1._.js:776
[  124723ms] [LOG] [Fast Refresh] done in 8011ms @ http://localhost:3000/_next/static/chunks/1ldn_next_dist_06gedf1._.js:776
[  124784ms] [LOG] [Fast Refresh] done in 8011ms @ http://localhost:3000/_next/static/chunks/1ldn_next_dist_06gedf1._.js:776
[  124849ms] [LOG] [Fast Refresh] done in 8011ms @ http://localhost:3000/_next/static/chunks/1ldn_next_dist_06gedf1._.js:776
[  124922ms] [LOG] [Fast Refresh] done in 8011ms @ http://localhost:3000/_next/static/chunks/1ldn_next_dist_06gedf1._.js:776
[  124999ms] [LOG] [Fast Refresh] done in 8011ms @ http://localhost:3000/_next/static/chunks/1ldn_next_dist_06gedf1._.js:776
[  125062ms] [LOG] [Fast Refresh] done in 8011ms @ http://localhost:3000/_next/static/chunks/1ldn_next_dist_06gedf1._.js:776
[  125138ms] [LOG] [Fast Refresh] done in 8011ms @ http://localhost:3000/_next/static/chunks/1ldn_next_dist_06gedf1._.js:776
[  125201ms] [LOG] [Fast Refresh] done in 8011ms @ http://localhost:3000/_next/static/chunks/1ldn_next_dist_06gedf1._.js:776
[  125263ms] [LOG] [Fast Refresh] done in 8011ms @ http://localhost:3000/_next/static/chunks/1ldn_next_dist_06gedf1._.js:776
[  125336ms] [LOG] [Fast Refresh] done in 8011ms @ http://localhost:3000/_next/static/chunks/1ldn_next_dist_06gedf1._.js:776
[  125406ms] [LOG] [Fast Refresh] done in 8011ms @ http://localhost:3000/_next/static/chunks/1ldn_next_dist_06gedf1._.js:776
[  125471ms] [LOG] [Fast Refresh] done in 8011ms @ http://localhost:3000/_next/static/chunks/1ldn_next_dist_06gedf1._.js:776
[  125535ms] [LOG] [Fast Refresh] done in 8011ms @ http://localhost:3000/_next/static/chunks/1ldn_next_dist_06gedf1._.js:776
[  125601ms] [LOG] [Fast Refresh] done in 8011ms @ http://localhost:3000/_next/static/chunks/1ldn_next_dist_06gedf1._.js:776
[  125659ms] [LOG] [Fast Refresh] done in 8011ms @ http://localhost:3000/_next/static/chunks/1ldn_next_dist_06gedf1._.js:776
[  125721ms] [LOG] [Fast Refresh] done in 8011ms @ http://localhost:3000/_next/static/chunks/1ldn_next_dist_06gedf1._.js:776
[  125784ms] [LOG] [Fast Refresh] done in 8011ms @ http://localhost:3000/_next/static/chunks/1ldn_next_dist_06gedf1._.js:776
[  125848ms] [LOG] [Fast Refresh] done in 8011ms @ http://localhost:3000/_next/static/chunks/1ldn_next_dist_06gedf1._.js:776
[  125910ms] [LOG] [Fast Refresh] done in 8011ms @ http://localhost:3000/_next/static/chunks/1ldn_next_dist_06gedf1._.js:776
[  125972ms] [LOG] [Fast Refresh] done in 8011ms @ http://localhost:3000/_next/static/chunks/1ldn_next_dist_06gedf1._.js:776
[  126033ms] [LOG] [Fast Refresh] done in 8011ms @ http://localhost:3000/_next/static/chunks/1ldn_next_dist_06gedf1._.js:776
[  126112ms] [LOG] [Fast Refresh] done in 8011ms @ http://localhost:3000/_next/static/chunks/1ldn_next_dist_06gedf1._.js:776
[  126191ms] [LOG] [Fast Refresh] done in 8011ms @ http://localhost:3000/_next/static/chunks/1ldn_next_dist_06gedf1._.js:776
[  126253ms] [LOG] [Fast Refresh] done in 8011ms @ http://localhost:3000/_next/static/chunks/1ldn_next_dist_06gedf1._.js:776
[  126317ms] [LOG] [Fast Refresh] done in 8011ms @ http://localhost:3000/_next/static/chunks/1ldn_next_dist_06gedf1._.js:776
[  126393ms] [LOG] [Fast Refresh] done in 8011ms @ http://localhost:3000/_next/static/chunks/1ldn_next_dist_06gedf1._.js:776
[  126456ms] [LOG] [Fast Refresh] done in 8011ms @ http://localhost:3000/_next/static/chunks/1ldn_next_dist_06gedf1._.js:776
[  126518ms] [LOG] [Fast Refresh] done in 8011ms @ http://localhost:3000/_next/static/chunks/1ldn_next_dist_06gedf1._.js:776
[  126581ms] [LOG] [Fast Refresh] done in 8011ms @ http://localhost:3000/_next/static/chunks/1ldn_next_dist_06gedf1._.js:776
[  126642ms] [LOG] [Fast Refresh] done in 8011ms @ http://localhost:3000/_next/static/chunks/1ldn_next_dist_06gedf1._.js:776
[  126705ms] [LOG] [Fast Refresh] done in 8011ms @ http://localhost:3000/_next/static/chunks/1ldn_next_dist_06gedf1._.js:776
[  126767ms] [LOG] [Fast Refresh] done in 8011ms @ http://localhost:3000/_next/static/chunks/1ldn_next_dist_06gedf1._.js:776
[  126830ms] [LOG] [Fast Refresh] done in 8011ms @ http://localhost:3000/_next/static/chunks/1ldn_next_dist_06gedf1._.js:776
[  126892ms] [LOG] [Fast Refresh] done in 8011ms @ http://localhost:3000/_next/static/chunks/1ldn_next_dist_06gedf1._.js:776
[  126955ms] [LOG] [Fast Refresh] done in 8011ms @ http://localhost:3000/_next/static/chunks/1ldn_next_dist_06gedf1._.js:776
[  127018ms] [LOG] [Fast Refresh] done in 8011ms @ http://localhost:3000/_next/static/chunks/1ldn_next_dist_06gedf1._.js:776
[  127088ms] [LOG] [Fast Refresh] done in 8011ms @ http://localhost:3000/_next/static/chunks/1ldn_next_dist_06gedf1._.js:776
[  127157ms] [LOG] [Fast Refresh] done in 8011ms @ http://localhost:3000/_next/static/chunks/1ldn_next_dist_06gedf1._.js:776
[  127218ms] [LOG] [Fast Refresh] done in 8011ms @ http://localhost:3000/_next/static/chunks/1ldn_next_dist_06gedf1._.js:776
[  127282ms] [LOG] [Fast Refresh] done in 8011ms @ http://localhost:3000/_next/static/chunks/1ldn_next_dist_06gedf1._.js:776
[  127349ms] [LOG] [Fast Refresh] done in 8011ms @ http://localhost:3000/_next/static/chunks/1ldn_next_dist_06gedf1._.js:776
[  127406ms] [LOG] [Fast Refresh] done in 8011ms @ http://localhost:3000/_next/static/chunks/1ldn_next_dist_06gedf1._.js:776
[  127469ms] [LOG] [Fast Refresh] done in 8011ms @ http://localhost:3000/_next/static/chunks/1ldn_next_dist_06gedf1._.js:776
[  127532ms] [LOG] [Fast Refresh] done in 8011ms @ http://localhost:3000/_next/static/chunks/1ldn_next_dist_06gedf1._.js:776
[  127597ms] [LOG] [Fast Refresh] done in 8011ms @ http://localhost:3000/_next/static/chunks/1ldn_next_dist_06gedf1._.js:776
[  127658ms] [LOG] [Fast Refresh] done in 8011ms @ http://localhost:3000/_next/static/chunks/1ldn_next_dist_06gedf1._.js:776
[  127721ms] [LOG] [Fast Refresh] done in 8011ms @ http://localhost:3000/_next/static/chunks/1ldn_next_dist_06gedf1._.js:776
[  127785ms] [LOG] [Fast Refresh] done in 8011ms @ http://localhost:3000/_next/static/chunks/1ldn_next_dist_06gedf1._.js:776
[  127846ms] [LOG] [Fast Refresh] done in 8011ms @ http://localhost:3000/_next/static/chunks/1ldn_next_dist_06gedf1._.js:776
[  127909ms] [LOG] [Fast Refresh] done in 8011ms @ http://localhost:3000/_next/static/chunks/1ldn_next_dist_06gedf1._.js:776
[  127971ms] [LOG] [Fast Refresh] done in 8011ms @ http://localhost:3000/_next/static/chunks/1ldn_next_dist_06gedf1._.js:776
[  128034ms] [LOG] [Fast Refresh] done in 8011ms @ http://localhost:3000/_next/static/chunks/1ldn_next_dist_06gedf1._.js:776
[  128097ms] [LOG] [Fast Refresh] done in 8011ms @ http://localhost:3000/_next/static/chunks/1ldn_next_dist_06gedf1._.js:776
[  128157ms] [LOG] [Fast Refresh] done in 8011ms @ http://localhost:3000/_next/static/chunks/1ldn_next_dist_06gedf1._.js:776
[  128218ms] [LOG] [Fast Refresh] done in 8011ms @ http://localhost:3000/_next/static/chunks/1ldn_next_dist_06gedf1._.js:776
[  128282ms] [LOG] [Fast Refresh] done in 8011ms @ http://localhost:3000/_next/static/chunks/1ldn_next_dist_06gedf1._.js:776
[  128343ms] [LOG] [Fast Refresh] done in 8011ms @ http://localhost:3000/_next/static/chunks/1ldn_next_dist_06gedf1._.js:776
[  128406ms] [LOG] [Fast Refresh] done in 8011ms @ http://localhost:3000/_next/static/chunks/1ldn_next_dist_06gedf1._.js:776
[  128468ms] [LOG] [Fast Refresh] done in 8011ms @ http://localhost:3000/_next/static/chunks/1ldn_next_dist_06gedf1._.js:776
[  128531ms] [LOG] [Fast Refresh] done in 8011ms @ http://localhost:3000/_next/static/chunks/1ldn_next_dist_06gedf1._.js:776
[  128607ms] [LOG] [Fast Refresh] done in 8011ms @ http://localhost:3000/_next/static/chunks/1ldn_next_dist_06gedf1._.js:776
[  128669ms] [LOG] [Fast Refresh] done in 8011ms @ http://localhost:3000/_next/static/chunks/1ldn_next_dist_06gedf1._.js:776
[  128731ms] [LOG] [Fast Refresh] done in 8011ms @ http://localhost:3000/_next/static/chunks/1ldn_next_dist_06gedf1._.js:776
[  128812ms] [LOG] [Fast Refresh] done in 8011ms @ http://localhost:3000/_next/static/chunks/1ldn_next_dist_06gedf1._.js:776
[  128873ms] [LOG] [Fast Refresh] done in 8011ms @ http://localhost:3000/_next/static/chunks/1ldn_next_dist_06gedf1._.js:776
[  128934ms] [LOG] [Fast Refresh] done in 8011ms @ http://localhost:3000/_next/static/chunks/1ldn_next_dist_06gedf1._.js:776
[  128996ms] [LOG] [Fast Refresh] done in 8011ms @ http://localhost:3000/_next/static/chunks/1ldn_next_dist_06gedf1._.js:776
[  129062ms] [LOG] [Fast Refresh] done in 8011ms @ http://localhost:3000/_next/static/chunks/1ldn_next_dist_06gedf1._.js:776
[  129122ms] [LOG] [Fast Refresh] done in 8011ms @ http://localhost:3000/_next/static/chunks/1ldn_next_dist_06gedf1._.js:776
[  129198ms] [LOG] [Fast Refresh] done in 8011ms @ http://localhost:3000/_next/static/chunks/1ldn_next_dist_06gedf1._.js:776
[  129264ms] [LOG] [Fast Refresh] done in 8011ms @ http://localhost:3000/_next/static/chunks/1ldn_next_dist_06gedf1._.js:776
[  129323ms] [LOG] [Fast Refresh] done in 8011ms @ http://localhost:3000/_next/static/chunks/1ldn_next_dist_06gedf1._.js:776
[  129386ms] [LOG] [Fast Refresh] done in 8011ms @ http://localhost:3000/_next/static/chunks/1ldn_next_dist_06gedf1._.js:776
[  129448ms] [LOG] [Fast Refresh] done in 8011ms @ http://localhost:3000/_next/static/chunks/1ldn_next_dist_06gedf1._.js:776
[  129528ms] [LOG] [Fast Refresh] done in 8011ms @ http://localhost:3000/_next/static/chunks/1ldn_next_dist_06gedf1._.js:776
[  129587ms] [LOG] [Fast Refresh] done in 8011ms @ http://localhost:3000/_next/static/chunks/1ldn_next_dist_06gedf1._.js:776
[  129650ms] [LOG] [Fast Refresh] done in 8011ms @ http://localhost:3000/_next/static/chunks/1ldn_next_dist_06gedf1._.js:776
[  129713ms] [LOG] [Fast Refresh] done in 8011ms @ http://localhost:3000/_next/static/chunks/1ldn_next_dist_06gedf1._.js:776
[  129777ms] [LOG] [Fast Refresh] done in 8011ms @ http://localhost:3000/_next/static/chunks/1ldn_next_dist_06gedf1._.js:776
[  129838ms] [LOG] [Fast Refresh] done in 8011ms @ http://localhost:3000/_next/static/chunks/1ldn_next_dist_06gedf1._.js:776
[  129902ms] [LOG] [Fast Refresh] done in 8011ms @ http://localhost:3000/_next/static/chunks/1ldn_next_dist_06gedf1._.js:776
[  129962ms] [LOG] [Fast Refresh] done in 8011ms @ http://localhost:3000/_next/static/chunks/1ldn_next_dist_06gedf1._.js:776
[  130028ms] [LOG] [Fast Refresh] done in 8011ms @ http://localhost:3000/_next/static/chunks/1ldn_next_dist_06gedf1._.js:776
[  130089ms] [LOG] [Fast Refresh] done in 8011ms @ http://localhost:3000/_next/static/chunks/1ldn_next_dist_06gedf1._.js:776
[  130151ms] [LOG] [Fast Refresh] done in 8011ms @ http://localhost:3000/_next/static/chunks/1ldn_next_dist_06gedf1._.js:776
[  130214ms] [LOG] [Fast Refresh] done in 8011ms @ http://localhost:3000/_next/static/chunks/1ldn_next_dist_06gedf1._.js:776
[  130275ms] [LOG] [Fast Refresh] done in 8011ms @ http://localhost:3000/_next/static/chunks/1ldn_next_dist_06gedf1._.js:776
[  130336ms] [LOG] [Fast Refresh] done in 8011ms @ http://localhost:3000/_next/static/chunks/1ldn_next_dist_06gedf1._.js:776
[  130398ms] [LOG] [Fast Refresh] done in 8011ms @ http://localhost:3000/_next/static/chunks/1ldn_next_dist_06gedf1._.js:776
[  130461ms] [LOG] [Fast Refresh] done in 8011ms @ http://localhost:3000/_next/static/chunks/1ldn_next_dist_06gedf1._.js:776
[  130522ms] [LOG] [Fast Refresh] done in 8011ms @ http://localhost:3000/_next/static/chunks/1ldn_next_dist_06gedf1._.js:776
[  130601ms] [LOG] [Fast Refresh] done in 8011ms @ http://localhost:3000/_next/static/chunks/1ldn_next_dist_06gedf1._.js:776
[  130666ms] [LOG] [Fast Refresh] done in 8011ms @ http://localhost:3000/_next/static/chunks/1ldn_next_dist_06gedf1._.js:776
[  130727ms] [LOG] [Fast Refresh] done in 8011ms @ http://localhost:3000/_next/static/chunks/1ldn_next_dist_06gedf1._.js:776
[  130788ms] [LOG] [Fast Refresh] done in 8011ms @ http://localhost:3000/_next/static/chunks/1ldn_next_dist_06gedf1._.js:776
[  130852ms] [LOG] [Fast Refresh] done in 8011ms @ http://localhost:3000/_next/static/chunks/1ldn_next_dist_06gedf1._.js:776
[  130915ms] [LOG] [Fast Refresh] done in 8011ms @ http://localhost:3000/_next/static/chunks/1ldn_next_dist_06gedf1._.js:776
[  130978ms] [LOG] [Fast Refresh] done in 8011ms @ http://localhost:3000/_next/static/chunks/1ldn_next_dist_06gedf1._.js:776
[  131039ms] [LOG] [Fast Refresh] done in 8011ms @ http://localhost:3000/_next/static/chunks/1ldn_next_dist_06gedf1._.js:776
[  131102ms] [LOG] [Fast Refresh] done in 8011ms @ http://localhost:3000/_next/static/chunks/1ldn_next_dist_06gedf1._.js:776
[  131163ms] [LOG] [Fast Refresh] done in 8011ms @ http://localhost:3000/_next/static/chunks/1ldn_next_dist_06gedf1._.js:776
[  131227ms] [LOG] [Fast Refresh] done in 8011ms @ http://localhost:3000/_next/static/chunks/1ldn_next_dist_06gedf1._.js:776
[  131286ms] [LOG] [Fast Refresh] done in 8011ms @ http://localhost:3000/_next/static/chunks/1ldn_next_dist_06gedf1._.js:776
[  131347ms] [LOG] [Fast Refresh] done in 8011ms @ http://localhost:3000/_next/static/chunks/1ldn_next_dist_06gedf1._.js:776
[  131404ms] [LOG] [Fast Refresh] done in 8011ms @ http://localhost:3000/_next/static/chunks/1ldn_next_dist_06gedf1._.js:776
[  131469ms] [LOG] [Fast Refresh] done in 8011ms @ http://localhost:3000/_next/static/chunks/1ldn_next_dist_06gedf1._.js:776
[  131530ms] [LOG] [Fast Refresh] done in 8011ms @ http://localhost:3000/_next/static/chunks/1ldn_next_dist_06gedf1._.js:776
[  131593ms] [LOG] [Fast Refresh] done in 8011ms @ http://localhost:3000/_next/static/chunks/1ldn_next_dist_06gedf1._.js:776
[  131655ms] [LOG] [Fast Refresh] done in 8011ms @ http://localhost:3000/_next/static/chunks/1ldn_next_dist_06gedf1._.js:776
[  131718ms] [LOG] [Fast Refresh] done in 8011ms @ http://localhost:3000/_next/static/chunks/1ldn_next_dist_06gedf1._.js:776
[  131780ms] [LOG] [Fast Refresh] done in 8011ms @ http://localhost:3000/_next/static/chunks/1ldn_next_dist_06gedf1._.js:776
[  131843ms] [LOG] [Fast Refresh] done in 8011ms @ http://localhost:3000/_next/static/chunks/1ldn_next_dist_06gedf1._.js:776
[  131918ms] [LOG] [Fast Refresh] done in 8011ms @ http://localhost:3000/_next/static/chunks/1ldn_next_dist_06gedf1._.js:776
[  131981ms] [LOG] [Fast Refresh] done in 8011ms @ http://localhost:3000/_next/static/chunks/1ldn_next_dist_06gedf1._.js:776
[  132044ms] [LOG] [Fast Refresh] done in 8011ms @ http://localhost:3000/_next/static/chunks/1ldn_next_dist_06gedf1._.js:776
[  132119ms] [LOG] [Fast Refresh] done in 8011ms @ http://localhost:3000/_next/static/chunks/1ldn_next_dist_06gedf1._.js:776
[  132182ms] [LOG] [Fast Refresh] done in 8011ms @ http://localhost:3000/_next/static/chunks/1ldn_next_dist_06gedf1._.js:776
[  132243ms] [LOG] [Fast Refresh] done in 8011ms @ http://localhost:3000/_next/static/chunks/1ldn_next_dist_06gedf1._.js:776
[  132309ms] [LOG] [Fast Refresh] done in 8011ms @ http://localhost:3000/_next/static/chunks/1ldn_next_dist_06gedf1._.js:776
[  132368ms] [LOG] [Fast Refresh] done in 8011ms @ http://localhost:3000/_next/static/chunks/1ldn_next_dist_06gedf1._.js:776
[  132429ms] [LOG] [Fast Refresh] done in 8011ms @ http://localhost:3000/_next/static/chunks/1ldn_next_dist_06gedf1._.js:776
[  132498ms] [LOG] [Fast Refresh] done in 8011ms @ http://localhost:3000/_next/static/chunks/1ldn_next_dist_06gedf1._.js:776
[  132554ms] [LOG] [Fast Refresh] done in 8011ms @ http://localhost:3000/_next/static/chunks/1ldn_next_dist_06gedf1._.js:776
[  132617ms] [LOG] [Fast Refresh] done in 8011ms @ http://localhost:3000/_next/static/chunks/1ldn_next_dist_06gedf1._.js:776
[  132680ms] [LOG] [Fast Refresh] done in 8011ms @ http://localhost:3000/_next/static/chunks/1ldn_next_dist_06gedf1._.js:776
[  132747ms] [LOG] [Fast Refresh] done in 8011ms @ http://localhost:3000/_next/static/chunks/1ldn_next_dist_06gedf1._.js:776
[  132810ms] [LOG] [Fast Refresh] done in 8011ms @ http://localhost:3000/_next/static/chunks/1ldn_next_dist_06gedf1._.js:776
[  132872ms] [LOG] [Fast Refresh] done in 8011ms @ http://localhost:3000/_next/static/chunks/1ldn_next_dist_06gedf1._.js:776
[  132933ms] [LOG] [Fast Refresh] done in 8011ms @ http://localhost:3000/_next/static/chunks/1ldn_next_dist_06gedf1._.js:776
[  132995ms] [LOG] [Fast Refresh] done in 8011ms @ http://localhost:3000/_next/static/chunks/1ldn_next_dist_06gedf1._.js:776
[  133060ms] [LOG] [Fast Refresh] done in 8011ms @ http://localhost:3000/_next/static/chunks/1ldn_next_dist_06gedf1._.js:776
[  133124ms] [LOG] [Fast Refresh] done in 8011ms @ http://localhost:3000/_next/static/chunks/1ldn_next_dist_06gedf1._.js:776
[  133185ms] [LOG] [Fast Refresh] done in 8011ms @ http://localhost:3000/_next/static/chunks/1ldn_next_dist_06gedf1._.js:776
[  133247ms] [LOG] [Fast Refresh] done in 8011ms @ http://localhost:3000/_next/static/chunks/1ldn_next_dist_06gedf1._.js:776
[  133310ms] [LOG] [Fast Refresh] done in 8011ms @ http://localhost:3000/_next/static/chunks/1ldn_next_dist_06gedf1._.js:776
[  133376ms] [LOG] [Fast Refresh] done in 8011ms @ http://localhost:3000/_next/static/chunks/1ldn_next_dist_06gedf1._.js:776
[  133437ms] [LOG] [Fast Refresh] done in 8011ms @ http://localhost:3000/_next/static/chunks/1ldn_next_dist_06gedf1._.js:776
[  133513ms] [LOG] [Fast Refresh] done in 8011ms @ http://localhost:3000/_next/static/chunks/1ldn_next_dist_06gedf1._.js:776
[  133579ms] [LOG] [Fast Refresh] done in 8011ms @ http://localhost:3000/_next/static/chunks/1ldn_next_dist_06gedf1._.js:776
[  133642ms] [LOG] [Fast Refresh] done in 8011ms @ http://localhost:3000/_next/static/chunks/1ldn_next_dist_06gedf1._.js:776
[  133707ms] [LOG] [Fast Refresh] done in 8011ms @ http://localhost:3000/_next/static/chunks/1ldn_next_dist_06gedf1._.js:776
[  133768ms] [LOG] [Fast Refresh] done in 8011ms @ http://localhost:3000/_next/static/chunks/1ldn_next_dist_06gedf1._.js:776
[  133846ms] [LOG] [Fast Refresh] done in 8011ms @ http://localhost:3000/_next/static/chunks/1ldn_next_dist_06gedf1._.js:776
[  133908ms] [LOG] [Fast Refresh] done in 8011ms @ http://localhost:3000/_next/static/chunks/1ldn_next_dist_06gedf1._.js:776
[  133970ms] [LOG] [Fast Refresh] done in 8011ms @ http://localhost:3000/_next/static/chunks/1ldn_next_dist_06gedf1._.js:776
[  134033ms] [LOG] [Fast Refresh] done in 8011ms @ http://localhost:3000/_next/static/chunks/1ldn_next_dist_06gedf1._.js:776
[  134094ms] [LOG] [Fast Refresh] done in 8011ms @ http://localhost:3000/_next/static/chunks/1ldn_next_dist_06gedf1._.js:776
[  134160ms] [LOG] [Fast Refresh] done in 8011ms @ http://localhost:3000/_next/static/chunks/1ldn_next_dist_06gedf1._.js:776
[  134236ms] [LOG] [Fast Refresh] done in 8011ms @ http://localhost:3000/_next/static/chunks/1ldn_next_dist_06gedf1._.js:776
[  134299ms] [LOG] [Fast Refresh] done in 8011ms @ http://localhost:3000/_next/static/chunks/1ldn_next_dist_06gedf1._.js:776
[  134358ms] [LOG] [Fast Refresh] done in 8011ms @ http://localhost:3000/_next/static/chunks/1ldn_next_dist_06gedf1._.js:776
[  134423ms] [LOG] [Fast Refresh] done in 8011ms @ http://localhost:3000/_next/static/chunks/1ldn_next_dist_06gedf1._.js:776
[  134484ms] [LOG] [Fast Refresh] done in 8011ms @ http://localhost:3000/_next/static/chunks/1ldn_next_dist_06gedf1._.js:776
[  134547ms] [LOG] [Fast Refresh] done in 8011ms @ http://localhost:3000/_next/static/chunks/1ldn_next_dist_06gedf1._.js:776
[  134613ms] [LOG] [Fast Refresh] done in 8011ms @ http://localhost:3000/_next/static/chunks/1ldn_next_dist_06gedf1._.js:776
[  134674ms] [LOG] [Fast Refresh] done in 8011ms @ http://localhost:3000/_next/static/chunks/1ldn_next_dist_06gedf1._.js:776
[  134744ms] [LOG] [Fast Refresh] done in 8011ms @ http://localhost:3000/_next/static/chunks/1ldn_next_dist_06gedf1._.js:776
[  134808ms] [LOG] [Fast Refresh] done in 8011ms @ http://localhost:3000/_next/static/chunks/1ldn_next_dist_06gedf1._.js:776
[  134873ms] [LOG] [Fast Refresh] done in 8011ms @ http://localhost:3000/_next/static/chunks/1ldn_next_dist_06gedf1._.js:776
[  134939ms] [LOG] [Fast Refresh] done in 8011ms @ http://localhost:3000/_next/static/chunks/1ldn_next_dist_06gedf1._.js:776
[  135013ms] [LOG] [Fast Refresh] done in 8011ms @ http://localhost:3000/_next/static/chunks/1ldn_next_dist_06gedf1._.js:776
[  135086ms] [LOG] [Fast Refresh] done in 8011ms @ http://localhost:3000/_next/static/chunks/1ldn_next_dist_06gedf1._.js:776
[  135148ms] [LOG] [Fast Refresh] done in 8011ms @ http://localhost:3000/_next/static/chunks/1ldn_next_dist_06gedf1._.js:776
[  135211ms] [LOG] [Fast Refresh] done in 8011ms @ http://localhost:3000/_next/static/chunks/1ldn_next_dist_06gedf1._.js:776
[  135273ms] [LOG] [Fast Refresh] done in 8011ms @ http://localhost:3000/_next/static/chunks/1ldn_next_dist_06gedf1._.js:776
[  135334ms] [LOG] [Fast Refresh] done in 8011ms @ http://localhost:3000/_next/static/chunks/1ldn_next_dist_06gedf1._.js:776
[  135397ms] [LOG] [Fast Refresh] done in 8011ms @ http://localhost:3000/_next/static/chunks/1ldn_next_dist_06gedf1._.js:776
[  135459ms] [LOG] [Fast Refresh] done in 8011ms @ http://localhost:3000/_next/static/chunks/1ldn_next_dist_06gedf1._.js:776
[  135522ms] [LOG] [Fast Refresh] done in 8011ms @ http://localhost:3000/_next/static/chunks/1ldn_next_dist_06gedf1._.js:776
[  135597ms] [LOG] [Fast Refresh] done in 8011ms @ http://localhost:3000/_next/static/chunks/1ldn_next_dist_06gedf1._.js:776
[  135662ms] [LOG] [Fast Refresh] done in 8011ms @ http://localhost:3000/_next/static/chunks/1ldn_next_dist_06gedf1._.js:776
[  135723ms] [LOG] [Fast Refresh] done in 8011ms @ http://localhost:3000/_next/static/chunks/1ldn_next_dist_06gedf1._.js:776
[  135799ms] [LOG] [Fast Refresh] done in 8011ms @ http://localhost:3000/_next/static/chunks/1ldn_next_dist_06gedf1._.js:776
[  135860ms] [LOG] [Fast Refresh] done in 8011ms @ http://localhost:3000/_next/static/chunks/1ldn_next_dist_06gedf1._.js:776
[  135923ms] [LOG] [Fast Refresh] done in 8011ms @ http://localhost:3000/_next/static/chunks/1ldn_next_dist_06gedf1._.js:776
[  135986ms] [LOG] [Fast Refresh] done in 8011ms @ http://localhost:3000/_next/static/chunks/1ldn_next_dist_06gedf1._.js:776
[  136048ms] [LOG] [Fast Refresh] done in 8011ms @ http://localhost:3000/_next/static/chunks/1ldn_next_dist_06gedf1._.js:776
[  136108ms] [LOG] [Fast Refresh] done in 8011ms @ http://localhost:3000/_next/static/chunks/1ldn_next_dist_06gedf1._.js:776
[  136171ms] [LOG] [Fast Refresh] done in 8011ms @ http://localhost:3000/_next/static/chunks/1ldn_next_dist_06gedf1._.js:776
[  136232ms] [LOG] [Fast Refresh] done in 8011ms @ http://localhost:3000/_next/static/chunks/1ldn_next_dist_06gedf1._.js:776
[  136295ms] [LOG] [Fast Refresh] done in 8011ms @ http://localhost:3000/_next/static/chunks/1ldn_next_dist_06gedf1._.js:776
[  136356ms] [LOG] [Fast Refresh] done in 8011ms @ http://localhost:3000/_next/static/chunks/1ldn_next_dist_06gedf1._.js:776
[  136435ms] [LOG] [Fast Refresh] done in 8011ms @ http://localhost:3000/_next/static/chunks/1ldn_next_dist_06gedf1._.js:776
[  136497ms] [LOG] [Fast Refresh] done in 8011ms @ http://localhost:3000/_next/static/chunks/1ldn_next_dist_06gedf1._.js:776
[  136559ms] [LOG] [Fast Refresh] done in 8011ms @ http://localhost:3000/_next/static/chunks/1ldn_next_dist_06gedf1._.js:776
[  136622ms] [LOG] [Fast Refresh] done in 8011ms @ http://localhost:3000/_next/static/chunks/1ldn_next_dist_06gedf1._.js:776
[  136683ms] [LOG] [Fast Refresh] done in 8011ms @ http://localhost:3000/_next/static/chunks/1ldn_next_dist_06gedf1._.js:776
[  136746ms] [LOG] [Fast Refresh] done in 8011ms @ http://localhost:3000/_next/static/chunks/1ldn_next_dist_06gedf1._.js:776
[  136808ms] [LOG] [Fast Refresh] done in 8011ms @ http://localhost:3000/_next/static/chunks/1ldn_next_dist_06gedf1._.js:776
[  136873ms] [LOG] [Fast Refresh] done in 8011ms @ http://localhost:3000/_next/static/chunks/1ldn_next_dist_06gedf1._.js:776
[  136949ms] [LOG] [Fast Refresh] done in 8011ms @ http://localhost:3000/_next/static/chunks/1ldn_next_dist_06gedf1._.js:776
[  137012ms] [LOG] [Fast Refresh] done in 8011ms @ http://localhost:3000/_next/static/chunks/1ldn_next_dist_06gedf1._.js:776
[  137073ms] [LOG] [Fast Refresh] done in 8011ms @ http://localhost:3000/_next/static/chunks/1ldn_next_dist_06gedf1._.js:776
[  137141ms] [LOG] [Fast Refresh] done in 8011ms @ http://localhost:3000/_next/static/chunks/1ldn_next_dist_06gedf1._.js:776
[  137228ms] [LOG] [Fast Refresh] done in 8011ms @ http://localhost:3000/_next/static/chunks/1ldn_next_dist_06gedf1._.js:776
[  137292ms] [LOG] [Fast Refresh] done in 8011ms @ http://localhost:3000/_next/static/chunks/1ldn_next_dist_06gedf1._.js:776
[  137353ms] [LOG] [Fast Refresh] done in 8011ms @ http://localhost:3000/_next/static/chunks/1ldn_next_dist_06gedf1._.js:776
[  137417ms] [LOG] [Fast Refresh] done in 8011ms @ http://localhost:3000/_next/static/chunks/1ldn_next_dist_06gedf1._.js:776
[  137479ms] [LOG] [Fast Refresh] done in 8011ms @ http://localhost:3000/_next/static/chunks/1ldn_next_dist_06gedf1._.js:776
[  137540ms] [LOG] [Fast Refresh] done in 8011ms @ http://localhost:3000/_next/static/chunks/1ldn_next_dist_06gedf1._.js:776
[  137606ms] [LOG] [Fast Refresh] done in 8011ms @ http://localhost:3000/_next/static/chunks/1ldn_next_dist_06gedf1._.js:776
[  137666ms] [LOG] [Fast Refresh] done in 8011ms @ http://localhost:3000/_next/static/chunks/1ldn_next_dist_06gedf1._.js:776
[  137728ms] [LOG] [Fast Refresh] done in 8011ms @ http://localhost:3000/_next/static/chunks/1ldn_next_dist_06gedf1._.js:776
[  137789ms] [LOG] [Fast Refresh] done in 8011ms @ http://localhost:3000/_next/static/chunks/1ldn_next_dist_06gedf1._.js:776
[  137854ms] [LOG] [Fast Refresh] done in 8011ms @ http://localhost:3000/_next/static/chunks/1ldn_next_dist_06gedf1._.js:776
[  137915ms] [LOG] [Fast Refresh] done in 8011ms @ http://localhost:3000/_next/static/chunks/1ldn_next_dist_06gedf1._.js:776
[  137977ms] [LOG] [Fast Refresh] done in 8011ms @ http://localhost:3000/_next/static/chunks/1ldn_next_dist_06gedf1._.js:776
[  138040ms] [LOG] [Fast Refresh] done in 8011ms @ http://localhost:3000/_next/static/chunks/1ldn_next_dist_06gedf1._.js:776
[  138104ms] [LOG] [Fast Refresh] done in 8011ms @ http://localhost:3000/_next/static/chunks/1ldn_next_dist_06gedf1._.js:776
[  138164ms] [LOG] [Fast Refresh] done in 8011ms @ http://localhost:3000/_next/static/chunks/1ldn_next_dist_06gedf1._.js:776
[  138227ms] [LOG] [Fast Refresh] done in 8011ms @ http://localhost:3000/_next/static/chunks/1ldn_next_dist_06gedf1._.js:776
[  138524ms] [LOG] [Fast Refresh] done in 8011ms @ http://localhost:3000/_next/static/chunks/1ldn_next_dist_06gedf1._.js:776
[  138586ms] [LOG] [Fast Refresh] done in 8011ms @ http://localhost:3000/_next/static/chunks/1ldn_next_dist_06gedf1._.js:776
[  138649ms] [LOG] [Fast Refresh] done in 8011ms @ http://localhost:3000/_next/static/chunks/1ldn_next_dist_06gedf1._.js:776
[  138709ms] [LOG] [Fast Refresh] done in 8011ms @ http://localhost:3000/_next/static/chunks/1ldn_next_dist_06gedf1._.js:776
[  138772ms] [LOG] [Fast Refresh] done in 8011ms @ http://localhost:3000/_next/static/chunks/1ldn_next_dist_06gedf1._.js:776
[  138841ms] [LOG] [Fast Refresh] done in 8011ms @ http://localhost:3000/_next/static/chunks/1ldn_next_dist_06gedf1._.js:776
[  139075ms] [LOG] [Fast Refresh] done in 8011ms @ http://localhost:3000/_next/static/chunks/1ldn_next_dist_06gedf1._.js:776
[  139141ms] [LOG] [Fast Refresh] done in 8011ms @ http://localhost:3000/_next/static/chunks/1ldn_next_dist_06gedf1._.js:776
[  139204ms] [LOG] [Fast Refresh] done in 8011ms @ http://localhost:3000/_next/static/chunks/1ldn_next_dist_06gedf1._.js:776
[  139265ms] [LOG] [Fast Refresh] done in 8011ms @ http://localhost:3000/_next/static/chunks/1ldn_next_dist_06gedf1._.js:776
[  139356ms] [LOG] [Fast Refresh] done in 8011ms @ http://localhost:3000/_next/static/chunks/1ldn_next_dist_06gedf1._.js:776
[  139418ms] [LOG] [Fast Refresh] done in 8011ms @ http://localhost:3000/_next/static/chunks/1ldn_next_dist_06gedf1._.js:776
[  139481ms] [LOG] [Fast Refresh] done in 8011ms @ http://localhost:3000/_next/static/chunks/1ldn_next_dist_06gedf1._.js:776
[  139543ms] [LOG] [Fast Refresh] done in 8011ms @ http://localhost:3000/_next/static/chunks/1ldn_next_dist_06gedf1._.js:776
[  139608ms] [LOG] [Fast Refresh] done in 8011ms @ http://localhost:3000/_next/static/chunks/1ldn_next_dist_06gedf1._.js:776
[  139670ms] [LOG] [Fast Refresh] done in 8011ms @ http://localhost:3000/_next/static/chunks/1ldn_next_dist_06gedf1._.js:776
[  139735ms] [LOG] [Fast Refresh] done in 8011ms @ http://localhost:3000/_next/static/chunks/1ldn_next_dist_06gedf1._.js:776
[  139795ms] [LOG] [Fast Refresh] done in 8011ms @ http://localhost:3000/_next/static/chunks/1ldn_next_dist_06gedf1._.js:776
[  139856ms] [LOG] [Fast Refresh] done in 8011ms @ http://localhost:3000/_next/static/chunks/1ldn_next_dist_06gedf1._.js:776
[  139919ms] [LOG] [Fast Refresh] done in 8011ms @ http://localhost:3000/_next/static/chunks/1ldn_next_dist_06gedf1._.js:776
[  139996ms] [LOG] [Fast Refresh] done in 8011ms @ http://localhost:3000/_next/static/chunks/1ldn_next_dist_06gedf1._.js:776
[  140059ms] [LOG] [Fast Refresh] done in 8011ms @ http://localhost:3000/_next/static/chunks/1ldn_next_dist_06gedf1._.js:776
[  140120ms] [LOG] [Fast Refresh] done in 8011ms @ http://localhost:3000/_next/static/chunks/1ldn_next_dist_06gedf1._.js:776
[  140201ms] [LOG] [Fast Refresh] done in 8011ms @ http://localhost:3000/_next/static/chunks/1ldn_next_dist_06gedf1._.js:776
[  140261ms] [LOG] [Fast Refresh] done in 8011ms @ http://localhost:3000/_next/static/chunks/1ldn_next_dist_06gedf1._.js:776
[  140323ms] [LOG] [Fast Refresh] done in 8011ms @ http://localhost:3000/_next/static/chunks/1ldn_next_dist_06gedf1._.js:776
[  140386ms] [LOG] [Fast Refresh] done in 8011ms @ http://localhost:3000/_next/static/chunks/1ldn_next_dist_06gedf1._.js:776
[  140450ms] [LOG] [Fast Refresh] done in 8011ms @ http://localhost:3000/_next/static/chunks/1ldn_next_dist_06gedf1._.js:776
[  140513ms] [LOG] [Fast Refresh] done in 8011ms @ http://localhost:3000/_next/static/chunks/1ldn_next_dist_06gedf1._.js:776
[  140573ms] [LOG] [Fast Refresh] done in 8011ms @ http://localhost:3000/_next/static/chunks/1ldn_next_dist_06gedf1._.js:776
[  140636ms] [LOG] [Fast Refresh] done in 8011ms @ http://localhost:3000/_next/static/chunks/1ldn_next_dist_06gedf1._.js:776
[  140698ms] [LOG] [Fast Refresh] done in 8011ms @ http://localhost:3000/_next/static/chunks/1ldn_next_dist_06gedf1._.js:776
[  140759ms] [LOG] [Fast Refresh] done in 8011ms @ http://localhost:3000/_next/static/chunks/1ldn_next_dist_06gedf1._.js:776
[  140821ms] [LOG] [Fast Refresh] done in 8011ms @ http://localhost:3000/_next/static/chunks/1ldn_next_dist_06gedf1._.js:776
[  140885ms] [LOG] [Fast Refresh] done in 8011ms @ http://localhost:3000/_next/static/chunks/1ldn_next_dist_06gedf1._.js:776
[  140944ms] [LOG] [Fast Refresh] done in 8011ms @ http://localhost:3000/_next/static/chunks/1ldn_next_dist_06gedf1._.js:776
[  141006ms] [LOG] [Fast Refresh] done in 8011ms @ http://localhost:3000/_next/static/chunks/1ldn_next_dist_06gedf1._.js:776
[  141070ms] [LOG] [Fast Refresh] done in 8011ms @ http://localhost:3000/_next/static/chunks/1ldn_next_dist_06gedf1._.js:776
[  141134ms] [LOG] [Fast Refresh] done in 8011ms @ http://localhost:3000/_next/static/chunks/1ldn_next_dist_06gedf1._.js:776
[  141194ms] [LOG] [Fast Refresh] done in 8011ms @ http://localhost:3000/_next/static/chunks/1ldn_next_dist_06gedf1._.js:776
[  141257ms] [LOG] [Fast Refresh] done in 8011ms @ http://localhost:3000/_next/static/chunks/1ldn_next_dist_06gedf1._.js:776
[  141318ms] [LOG] [Fast Refresh] done in 8011ms @ http://localhost:3000/_next/static/chunks/1ldn_next_dist_06gedf1._.js:776
[  141383ms] [LOG] [Fast Refresh] done in 8011ms @ http://localhost:3000/_next/static/chunks/1ldn_next_dist_06gedf1._.js:776
[  141444ms] [LOG] [Fast Refresh] done in 8011ms @ http://localhost:3000/_next/static/chunks/1ldn_next_dist_06gedf1._.js:776
[  141506ms] [LOG] [Fast Refresh] done in 8011ms @ http://localhost:3000/_next/static/chunks/1ldn_next_dist_06gedf1._.js:776
[  141569ms] [LOG] [Fast Refresh] done in 8011ms @ http://localhost:3000/_next/static/chunks/1ldn_next_dist_06gedf1._.js:776
[  141632ms] [LOG] [Fast Refresh] done in 8011ms @ http://localhost:3000/_next/static/chunks/1ldn_next_dist_06gedf1._.js:776
[  141694ms] [LOG] [Fast Refresh] done in 8011ms @ http://localhost:3000/_next/static/chunks/1ldn_next_dist_06gedf1._.js:776
[  141755ms] [LOG] [Fast Refresh] done in 8011ms @ http://localhost:3000/_next/static/chunks/1ldn_next_dist_06gedf1._.js:776
[  141818ms] [LOG] [Fast Refresh] done in 8011ms @ http://localhost:3000/_next/static/chunks/1ldn_next_dist_06gedf1._.js:776
[  141878ms] [LOG] [Fast Refresh] done in 8011ms @ http://localhost:3000/_next/static/chunks/1ldn_next_dist_06gedf1._.js:776
[  141940ms] [LOG] [Fast Refresh] done in 8011ms @ http://localhost:3000/_next/static/chunks/1ldn_next_dist_06gedf1._.js:776
[  142004ms] [LOG] [Fast Refresh] done in 8011ms @ http://localhost:3000/_next/static/chunks/1ldn_next_dist_06gedf1._.js:776
[  142067ms] [LOG] [Fast Refresh] done in 8011ms @ http://localhost:3000/_next/static/chunks/1ldn_next_dist_06gedf1._.js:776
[  142144ms] [LOG] [Fast Refresh] done in 8011ms @ http://localhost:3000/_next/static/chunks/1ldn_next_dist_06gedf1._.js:776
[  142206ms] [LOG] [Fast Refresh] done in 8011ms @ http://localhost:3000/_next/static/chunks/1ldn_next_dist_06gedf1._.js:776
[  142268ms] [LOG] [Fast Refresh] done in 8011ms @ http://localhost:3000/_next/static/chunks/1ldn_next_dist_06gedf1._.js:776
[  142334ms] [LOG] [Fast Refresh] done in 8011ms @ http://localhost:3000/_next/static/chunks/1ldn_next_dist_06gedf1._.js:776
[  142394ms] [LOG] [Fast Refresh] done in 8011ms @ http://localhost:3000/_next/static/chunks/1ldn_next_dist_06gedf1._.js:776
[  142456ms] [LOG] [Fast Refresh] done in 8011ms @ http://localhost:3000/_next/static/chunks/1ldn_next_dist_06gedf1._.js:776
[  142519ms] [LOG] [Fast Refresh] done in 8011ms @ http://localhost:3000/_next/static/chunks/1ldn_next_dist_06gedf1._.js:776
[  142601ms] [LOG] [Fast Refresh] done in 8011ms @ http://localhost:3000/_next/static/chunks/1ldn_next_dist_06gedf1._.js:776
[  142661ms] [LOG] [Fast Refresh] done in 8011ms @ http://localhost:3000/_next/static/chunks/1ldn_next_dist_06gedf1._.js:776
[  142725ms] [LOG] [Fast Refresh] done in 8011ms @ http://localhost:3000/_next/static/chunks/1ldn_next_dist_06gedf1._.js:776
[  142787ms] [LOG] [Fast Refresh] done in 8011ms @ http://localhost:3000/_next/static/chunks/1ldn_next_dist_06gedf1._.js:776
[  142855ms] [LOG] [Fast Refresh] done in 8011ms @ http://localhost:3000/_next/static/chunks/1ldn_next_dist_06gedf1._.js:776
[  142916ms] [LOG] [Fast Refresh] done in 8011ms @ http://localhost:3000/_next/static/chunks/1ldn_next_dist_06gedf1._.js:776
[  142994ms] [LOG] [Fast Refresh] done in 8011ms @ http://localhost:3000/_next/static/chunks/1ldn_next_dist_06gedf1._.js:776
[  143057ms] [LOG] [Fast Refresh] done in 8011ms @ http://localhost:3000/_next/static/chunks/1ldn_next_dist_06gedf1._.js:776
[  143123ms] [LOG] [Fast Refresh] done in 8011ms @ http://localhost:3000/_next/static/chunks/1ldn_next_dist_06gedf1._.js:776
[  143185ms] [LOG] [Fast Refresh] done in 8011ms @ http://localhost:3000/_next/static/chunks/1ldn_next_dist_06gedf1._.js:776
[  143250ms] [LOG] [Fast Refresh] done in 8011ms @ http://localhost:3000/_next/static/chunks/1ldn_next_dist_06gedf1._.js:776
[  143321ms] [LOG] [Fast Refresh] done in 8011ms @ http://localhost:3000/_next/static/chunks/1ldn_next_dist_06gedf1._.js:776
[  143406ms] [LOG] [Fast Refresh] done in 8011ms @ http://localhost:3000/_next/static/chunks/1ldn_next_dist_06gedf1._.js:776
[  143466ms] [LOG] [Fast Refresh] done in 8011ms @ http://localhost:3000/_next/static/chunks/1ldn_next_dist_06gedf1._.js:776
[  143526ms] [LOG] [Fast Refresh] done in 8011ms @ http://localhost:3000/_next/static/chunks/1ldn_next_dist_06gedf1._.js:776
[  143588ms] [LOG] [Fast Refresh] done in 8011ms @ http://localhost:3000/_next/static/chunks/1ldn_next_dist_06gedf1._.js:776
[  143653ms] [LOG] [Fast Refresh] done in 8011ms @ http://localhost:3000/_next/static/chunks/1ldn_next_dist_06gedf1._.js:776
[  143714ms] [LOG] [Fast Refresh] done in 8011ms @ http://localhost:3000/_next/static/chunks/1ldn_next_dist_06gedf1._.js:776
[  143774ms] [LOG] [Fast Refresh] done in 8011ms @ http://localhost:3000/_next/static/chunks/1ldn_next_dist_06gedf1._.js:776
[  143835ms] [LOG] [Fast Refresh] done in 8011ms @ http://localhost:3000/_next/static/chunks/1ldn_next_dist_06gedf1._.js:776
[  143899ms] [LOG] [Fast Refresh] done in 8011ms @ http://localhost:3000/_next/static/chunks/1ldn_next_dist_06gedf1._.js:776
[  143964ms] [LOG] [Fast Refresh] done in 8011ms @ http://localhost:3000/_next/static/chunks/1ldn_next_dist_06gedf1._.js:776
[  144024ms] [LOG] [Fast Refresh] done in 8011ms @ http://localhost:3000/_next/static/chunks/1ldn_next_dist_06gedf1._.js:776
[  144086ms] [LOG] [Fast Refresh] done in 8011ms @ http://localhost:3000/_next/static/chunks/1ldn_next_dist_06gedf1._.js:776
[  144148ms] [LOG] [Fast Refresh] done in 8011ms @ http://localhost:3000/_next/static/chunks/1ldn_next_dist_06gedf1._.js:776
[  144211ms] [LOG] [Fast Refresh] done in 8011ms @ http://localhost:3000/_next/static/chunks/1ldn_next_dist_06gedf1._.js:776
[  144273ms] [LOG] [Fast Refresh] done in 8011ms @ http://localhost:3000/_next/static/chunks/1ldn_next_dist_06gedf1._.js:776
[  144335ms] [LOG] [Fast Refresh] done in 8011ms @ http://localhost:3000/_next/static/chunks/1ldn_next_dist_06gedf1._.js:776
[  144397ms] [LOG] [Fast Refresh] done in 8011ms @ http://localhost:3000/_next/static/chunks/1ldn_next_dist_06gedf1._.js:776
[  144460ms] [LOG] [Fast Refresh] done in 8011ms @ http://localhost:3000/_next/static/chunks/1ldn_next_dist_06gedf1._.js:776
[  144523ms] [LOG] [Fast Refresh] done in 8011ms @ http://localhost:3000/_next/static/chunks/1ldn_next_dist_06gedf1._.js:776
[  144586ms] [LOG] [Fast Refresh] done in 8011ms @ http://localhost:3000/_next/static/chunks/1ldn_next_dist_06gedf1._.js:776
[  144649ms] [LOG] [Fast Refresh] done in 8011ms @ http://localhost:3000/_next/static/chunks/1ldn_next_dist_06gedf1._.js:776
[  144725ms] [LOG] [Fast Refresh] done in 8011ms @ http://localhost:3000/_next/static/chunks/1ldn_next_dist_06gedf1._.js:776
[  144789ms] [LOG] [Fast Refresh] done in 8011ms @ http://localhost:3000/_next/static/chunks/1ldn_next_dist_06gedf1._.js:776
[  144847ms] [LOG] [Fast Refresh] done in 8011ms @ http://localhost:3000/_next/static/chunks/1ldn_next_dist_06gedf1._.js:776
[  144907ms] [LOG] [Fast Refresh] done in 8011ms @ http://localhost:3000/_next/static/chunks/1ldn_next_dist_06gedf1._.js:776
[  144969ms] [LOG] [Fast Refresh] done in 8011ms @ http://localhost:3000/_next/static/chunks/1ldn_next_dist_06gedf1._.js:776
[  145030ms] [LOG] [Fast Refresh] done in 8011ms @ http://localhost:3000/_next/static/chunks/1ldn_next_dist_06gedf1._.js:776
[  145098ms] [LOG] [Fast Refresh] done in 8011ms @ http://localhost:3000/_next/static/chunks/1ldn_next_dist_06gedf1._.js:776
[  145169ms] [LOG] [Fast Refresh] done in 8011ms @ http://localhost:3000/_next/static/chunks/1ldn_next_dist_06gedf1._.js:776
[  145232ms] [LOG] [Fast Refresh] done in 8011ms @ http://localhost:3000/_next/static/chunks/1ldn_next_dist_06gedf1._.js:776
[  145312ms] [LOG] [Fast Refresh] done in 8011ms @ http://localhost:3000/_next/static/chunks/1ldn_next_dist_06gedf1._.js:776
[  145378ms] [LOG] [Fast Refresh] done in 8011ms @ http://localhost:3000/_next/static/chunks/1ldn_next_dist_06gedf1._.js:776
[  145446ms] [LOG] [Fast Refresh] done in 8011ms @ http://localhost:3000/_next/static/chunks/1ldn_next_dist_06gedf1._.js:776
[  145508ms] [LOG] [Fast Refresh] done in 8011ms @ http://localhost:3000/_next/static/chunks/1ldn_next_dist_06gedf1._.js:776
[  145577ms] [LOG] [Fast Refresh] done in 8011ms @ http://localhost:3000/_next/static/chunks/1ldn_next_dist_06gedf1._.js:776
[  145639ms] [LOG] [Fast Refresh] done in 8011ms @ http://localhost:3000/_next/static/chunks/1ldn_next_dist_06gedf1._.js:776
[  145701ms] [LOG] [Fast Refresh] done in 8011ms @ http://localhost:3000/_next/static/chunks/1ldn_next_dist_06gedf1._.js:776
[  145763ms] [LOG] [Fast Refresh] done in 8011ms @ http://localhost:3000/_next/static/chunks/1ldn_next_dist_06gedf1._.js:776
[  145826ms] [LOG] [Fast Refresh] done in 8011ms @ http://localhost:3000/_next/static/chunks/1ldn_next_dist_06gedf1._.js:776
[  145889ms] [LOG] [Fast Refresh] done in 8011ms @ http://localhost:3000/_next/static/chunks/1ldn_next_dist_06gedf1._.js:776
[  145952ms] [LOG] [Fast Refresh] done in 8011ms @ http://localhost:3000/_next/static/chunks/1ldn_next_dist_06gedf1._.js:776
[  146015ms] [LOG] [Fast Refresh] done in 8011ms @ http://localhost:3000/_next/static/chunks/1ldn_next_dist_06gedf1._.js:776
[  146077ms] [LOG] [Fast Refresh] done in 8011ms @ http://localhost:3000/_next/static/chunks/1ldn_next_dist_06gedf1._.js:776
[  146140ms] [LOG] [Fast Refresh] done in 8011ms @ http://localhost:3000/_next/static/chunks/1ldn_next_dist_06gedf1._.js:776
[  146202ms] [LOG] [Fast Refresh] done in 8011ms @ http://localhost:3000/_next/static/chunks/1ldn_next_dist_06gedf1._.js:776
[  146266ms] [LOG] [Fast Refresh] done in 8011ms @ http://localhost:3000/_next/static/chunks/1ldn_next_dist_06gedf1._.js:776
[  146329ms] [LOG] [Fast Refresh] done in 8011ms @ http://localhost:3000/_next/static/chunks/1ldn_next_dist_06gedf1._.js:776
[  146389ms] [LOG] [Fast Refresh] done in 8011ms @ http://localhost:3000/_next/static/chunks/1ldn_next_dist_06gedf1._.js:776
[  146465ms] [LOG] [Fast Refresh] done in 8011ms @ http://localhost:3000/_next/static/chunks/1ldn_next_dist_06gedf1._.js:776
[  146531ms] [LOG] [Fast Refresh] done in 8011ms @ http://localhost:3000/_next/static/chunks/1ldn_next_dist_06gedf1._.js:776
[  146588ms] [LOG] [Fast Refresh] done in 8011ms @ http://localhost:3000/_next/static/chunks/1ldn_next_dist_06gedf1._.js:776
[  146649ms] [LOG] [Fast Refresh] done in 8011ms @ http://localhost:3000/_next/static/chunks/1ldn_next_dist_06gedf1._.js:776
[  146713ms] [LOG] [Fast Refresh] done in 8011ms @ http://localhost:3000/_next/static/chunks/1ldn_next_dist_06gedf1._.js:776
[  146775ms] [LOG] [Fast Refresh] done in 8011ms @ http://localhost:3000/_next/static/chunks/1ldn_next_dist_06gedf1._.js:776
[  146838ms] [LOG] [Fast Refresh] done in 8011ms @ http://localhost:3000/_next/static/chunks/1ldn_next_dist_06gedf1._.js:776
[  146899ms] [LOG] [Fast Refresh] done in 8011ms @ http://localhost:3000/_next/static/chunks/1ldn_next_dist_06gedf1._.js:776
[  146962ms] [LOG] [Fast Refresh] done in 8011ms @ http://localhost:3000/_next/static/chunks/1ldn_next_dist_06gedf1._.js:776
[  147025ms] [LOG] [Fast Refresh] done in 8011ms @ http://localhost:3000/_next/static/chunks/1ldn_next_dist_06gedf1._.js:776
[  147087ms] [LOG] [Fast Refresh] done in 8011ms @ http://localhost:3000/_next/static/chunks/1ldn_next_dist_06gedf1._.js:776
[  147150ms] [LOG] [Fast Refresh] done in 8011ms @ http://localhost:3000/_next/static/chunks/1ldn_next_dist_06gedf1._.js:776
[  147212ms] [LOG] [Fast Refresh] done in 8011ms @ http://localhost:3000/_next/static/chunks/1ldn_next_dist_06gedf1._.js:776
[  147281ms] [LOG] [Fast Refresh] done in 8011ms @ http://localhost:3000/_next/static/chunks/1ldn_next_dist_06gedf1._.js:776
[  147348ms] [LOG] [Fast Refresh] done in 8011ms @ http://localhost:3000/_next/static/chunks/1ldn_next_dist_06gedf1._.js:776
[  147412ms] [LOG] [Fast Refresh] done in 8011ms @ http://localhost:3000/_next/static/chunks/1ldn_next_dist_06gedf1._.js:776
[  147478ms] [LOG] [Fast Refresh] done in 8011ms @ http://localhost:3000/_next/static/chunks/1ldn_next_dist_06gedf1._.js:776
[  147537ms] [LOG] [Fast Refresh] done in 8011ms @ http://localhost:3000/_next/static/chunks/1ldn_next_dist_06gedf1._.js:776
[  147600ms] [LOG] [Fast Refresh] done in 8011ms @ http://localhost:3000/_next/static/chunks/1ldn_next_dist_06gedf1._.js:776
[  147665ms] [LOG] [Fast Refresh] done in 8011ms @ http://localhost:3000/_next/static/chunks/1ldn_next_dist_06gedf1._.js:776
[  147727ms] [LOG] [Fast Refresh] done in 8011ms @ http://localhost:3000/_next/static/chunks/1ldn_next_dist_06gedf1._.js:776
[  147787ms] [LOG] [Fast Refresh] done in 8011ms @ http://localhost:3000/_next/static/chunks/1ldn_next_dist_06gedf1._.js:776
[  147848ms] [LOG] [Fast Refresh] done in 8011ms @ http://localhost:3000/_next/static/chunks/1ldn_next_dist_06gedf1._.js:776
[  147912ms] [LOG] [Fast Refresh] done in 8011ms @ http://localhost:3000/_next/static/chunks/1ldn_next_dist_06gedf1._.js:776
[  147979ms] [LOG] [Fast Refresh] done in 8011ms @ http://localhost:3000/_next/static/chunks/1ldn_next_dist_06gedf1._.js:776
[  148038ms] [LOG] [Fast Refresh] done in 8011ms @ http://localhost:3000/_next/static/chunks/1ldn_next_dist_06gedf1._.js:776
[  148100ms] [LOG] [Fast Refresh] done in 8011ms @ http://localhost:3000/_next/static/chunks/1ldn_next_dist_06gedf1._.js:776
[  148161ms] [LOG] [Fast Refresh] done in 8011ms @ http://localhost:3000/_next/static/chunks/1ldn_next_dist_06gedf1._.js:776
[  148226ms] [LOG] [Fast Refresh] done in 8011ms @ http://localhost:3000/_next/static/chunks/1ldn_next_dist_06gedf1._.js:776
[  148288ms] [LOG] [Fast Refresh] done in 8011ms @ http://localhost:3000/_next/static/chunks/1ldn_next_dist_06gedf1._.js:776
[  148349ms] [LOG] [Fast Refresh] done in 8011ms @ http://localhost:3000/_next/static/chunks/1ldn_next_dist_06gedf1._.js:776
[  148415ms] [LOG] [Fast Refresh] done in 8011ms @ http://localhost:3000/_next/static/chunks/1ldn_next_dist_06gedf1._.js:776
[  148476ms] [LOG] [Fast Refresh] done in 8011ms @ http://localhost:3000/_next/static/chunks/1ldn_next_dist_06gedf1._.js:776
[  148552ms] [LOG] [Fast Refresh] done in 8011ms @ http://localhost:3000/_next/static/chunks/1ldn_next_dist_06gedf1._.js:776
[  148620ms] [LOG] [Fast Refresh] done in 8011ms @ http://localhost:3000/_next/static/chunks/1ldn_next_dist_06gedf1._.js:776
[  148683ms] [LOG] [Fast Refresh] done in 8011ms @ http://localhost:3000/_next/static/chunks/1ldn_next_dist_06gedf1._.js:776
[  148746ms] [LOG] [Fast Refresh] done in 8011ms @ http://localhost:3000/_next/static/chunks/1ldn_next_dist_06gedf1._.js:776
[  148810ms] [LOG] [Fast Refresh] done in 8011ms @ http://localhost:3000/_next/static/chunks/1ldn_next_dist_06gedf1._.js:776
[  148870ms] [LOG] [Fast Refresh] done in 8011ms @ http://localhost:3000/_next/static/chunks/1ldn_next_dist_06gedf1._.js:776
[  148932ms] [LOG] [Fast Refresh] done in 8011ms @ http://localhost:3000/_next/static/chunks/1ldn_next_dist_06gedf1._.js:776
[  148994ms] [LOG] [Fast Refresh] done in 8011ms @ http://localhost:3000/_next/static/chunks/1ldn_next_dist_06gedf1._.js:776
[  149055ms] [LOG] [Fast Refresh] done in 8011ms @ http://localhost:3000/_next/static/chunks/1ldn_next_dist_06gedf1._.js:776
[  149119ms] [LOG] [Fast Refresh] done in 8011ms @ http://localhost:3000/_next/static/chunks/1ldn_next_dist_06gedf1._.js:776
[  149180ms] [LOG] [Fast Refresh] done in 8011ms @ http://localhost:3000/_next/static/chunks/1ldn_next_dist_06gedf1._.js:776
[  149244ms] [LOG] [Fast Refresh] done in 8011ms @ http://localhost:3000/_next/static/chunks/1ldn_next_dist_06gedf1._.js:776
[  149307ms] [LOG] [Fast Refresh] done in 8011ms @ http://localhost:3000/_next/static/chunks/1ldn_next_dist_06gedf1._.js:776
[  149369ms] [LOG] [Fast Refresh] done in 8011ms @ http://localhost:3000/_next/static/chunks/1ldn_next_dist_06gedf1._.js:776
[  149432ms] [LOG] [Fast Refresh] done in 8011ms @ http://localhost:3000/_next/static/chunks/1ldn_next_dist_06gedf1._.js:776
[  149495ms] [LOG] [Fast Refresh] done in 8011ms @ http://localhost:3000/_next/static/chunks/1ldn_next_dist_06gedf1._.js:776
[  149559ms] [LOG] [Fast Refresh] done in 8011ms @ http://localhost:3000/_next/static/chunks/1ldn_next_dist_06gedf1._.js:776
[  149618ms] [LOG] [Fast Refresh] done in 8011ms @ http://localhost:3000/_next/static/chunks/1ldn_next_dist_06gedf1._.js:776
[  149680ms] [LOG] [Fast Refresh] done in 8011ms @ http://localhost:3000/_next/static/chunks/1ldn_next_dist_06gedf1._.js:776
[  149742ms] [LOG] [Fast Refresh] done in 8011ms @ http://localhost:3000/_next/static/chunks/1ldn_next_dist_06gedf1._.js:776
[  149804ms] [LOG] [Fast Refresh] done in 8011ms @ http://localhost:3000/_next/static/chunks/1ldn_next_dist_06gedf1._.js:776
[  149866ms] [LOG] [Fast Refresh] done in 8011ms @ http://localhost:3000/_next/static/chunks/1ldn_next_dist_06gedf1._.js:776
[  149928ms] [LOG] [Fast Refresh] done in 8011ms @ http://localhost:3000/_next/static/chunks/1ldn_next_dist_06gedf1._.js:776
[  149992ms] [LOG] [Fast Refresh] done in 8011ms @ http://localhost:3000/_next/static/chunks/1ldn_next_dist_06gedf1._.js:776
[  150053ms] [LOG] [Fast Refresh] done in 8011ms @ http://localhost:3000/_next/static/chunks/1ldn_next_dist_06gedf1._.js:776
[  150115ms] [LOG] [Fast Refresh] done in 8011ms @ http://localhost:3000/_next/static/chunks/1ldn_next_dist_06gedf1._.js:776
[  150180ms] [LOG] [Fast Refresh] done in 8011ms @ http://localhost:3000/_next/static/chunks/1ldn_next_dist_06gedf1._.js:776
[  150242ms] [LOG] [Fast Refresh] done in 8011ms @ http://localhost:3000/_next/static/chunks/1ldn_next_dist_06gedf1._.js:776
[  150302ms] [LOG] [Fast Refresh] done in 8011ms @ http://localhost:3000/_next/static/chunks/1ldn_next_dist_06gedf1._.js:776
[  150365ms] [LOG] [Fast Refresh] done in 8011ms @ http://localhost:3000/_next/static/chunks/1ldn_next_dist_06gedf1._.js:776
[  150427ms] [LOG] [Fast Refresh] done in 8011ms @ http://localhost:3000/_next/static/chunks/1ldn_next_dist_06gedf1._.js:776
[  150491ms] [LOG] [Fast Refresh] done in 8011ms @ http://localhost:3000/_next/static/chunks/1ldn_next_dist_06gedf1._.js:776
[  150552ms] [LOG] [Fast Refresh] done in 8011ms @ http://localhost:3000/_next/static/chunks/1ldn_next_dist_06gedf1._.js:776
[  150615ms] [LOG] [Fast Refresh] done in 8011ms @ http://localhost:3000/_next/static/chunks/1ldn_next_dist_06gedf1._.js:776
[  150677ms] [LOG] [Fast Refresh] done in 8011ms @ http://localhost:3000/_next/static/chunks/1ldn_next_dist_06gedf1._.js:776
[  150738ms] [LOG] [Fast Refresh] done in 8011ms @ http://localhost:3000/_next/static/chunks/1ldn_next_dist_06gedf1._.js:776
[  150800ms] [LOG] [Fast Refresh] done in 8011ms @ http://localhost:3000/_next/static/chunks/1ldn_next_dist_06gedf1._.js:776
[  150863ms] [LOG] [Fast Refresh] done in 8011ms @ http://localhost:3000/_next/static/chunks/1ldn_next_dist_06gedf1._.js:776
[  150926ms] [LOG] [Fast Refresh] done in 8011ms @ http://localhost:3000/_next/static/chunks/1ldn_next_dist_06gedf1._.js:776
[  150991ms] [LOG] [Fast Refresh] done in 8011ms @ http://localhost:3000/_next/static/chunks/1ldn_next_dist_06gedf1._.js:776
[  151050ms] [LOG] [Fast Refresh] done in 8011ms @ http://localhost:3000/_next/static/chunks/1ldn_next_dist_06gedf1._.js:776
[  151113ms] [LOG] [Fast Refresh] done in 8011ms @ http://localhost:3000/_next/static/chunks/1ldn_next_dist_06gedf1._.js:776
[  151175ms] [LOG] [Fast Refresh] done in 8011ms @ http://localhost:3000/_next/static/chunks/1ldn_next_dist_06gedf1._.js:776
[  151240ms] [LOG] [Fast Refresh] done in 8011ms @ http://localhost:3000/_next/static/chunks/1ldn_next_dist_06gedf1._.js:776
[  151307ms] [LOG] [Fast Refresh] done in 8011ms @ http://localhost:3000/_next/static/chunks/1ldn_next_dist_06gedf1._.js:776
[  151369ms] [LOG] [Fast Refresh] done in 8011ms @ http://localhost:3000/_next/static/chunks/1ldn_next_dist_06gedf1._.js:776
[  151432ms] [LOG] [Fast Refresh] done in 8011ms @ http://localhost:3000/_next/static/chunks/1ldn_next_dist_06gedf1._.js:776
[  151494ms] [LOG] [Fast Refresh] done in 8011ms @ http://localhost:3000/_next/static/chunks/1ldn_next_dist_06gedf1._.js:776
[  151556ms] [LOG] [Fast Refresh] done in 8011ms @ http://localhost:3000/_next/static/chunks/1ldn_next_dist_06gedf1._.js:776
[  151618ms] [LOG] [Fast Refresh] done in 8011ms @ http://localhost:3000/_next/static/chunks/1ldn_next_dist_06gedf1._.js:776
[  151681ms] [LOG] [Fast Refresh] done in 8011ms @ http://localhost:3000/_next/static/chunks/1ldn_next_dist_06gedf1._.js:776
[  151744ms] [LOG] [Fast Refresh] done in 8011ms @ http://localhost:3000/_next/static/chunks/1ldn_next_dist_06gedf1._.js:776
[  151807ms] [LOG] [Fast Refresh] done in 8011ms @ http://localhost:3000/_next/static/chunks/1ldn_next_dist_06gedf1._.js:776
[  151868ms] [LOG] [Fast Refresh] done in 8011ms @ http://localhost:3000/_next/static/chunks/1ldn_next_dist_06gedf1._.js:776
[  151930ms] [LOG] [Fast Refresh] done in 8011ms @ http://localhost:3000/_next/static/chunks/1ldn_next_dist_06gedf1._.js:776
[  151992ms] [LOG] [Fast Refresh] done in 8011ms @ http://localhost:3000/_next/static/chunks/1ldn_next_dist_06gedf1._.js:776
[  152054ms] [LOG] [Fast Refresh] done in 8011ms @ http://localhost:3000/_next/static/chunks/1ldn_next_dist_06gedf1._.js:776
[  152132ms] [LOG] [Fast Refresh] done in 8011ms @ http://localhost:3000/_next/static/chunks/1ldn_next_dist_06gedf1._.js:776
[  152193ms] [LOG] [Fast Refresh] done in 8011ms @ http://localhost:3000/_next/static/chunks/1ldn_next_dist_06gedf1._.js:776
[  152259ms] [LOG] [Fast Refresh] done in 8011ms @ http://localhost:3000/_next/static/chunks/1ldn_next_dist_06gedf1._.js:776
[  152318ms] [LOG] [Fast Refresh] done in 8011ms @ http://localhost:3000/_next/static/chunks/1ldn_next_dist_06gedf1._.js:776
[  152377ms] [LOG] [Fast Refresh] done in 8011ms @ http://localhost:3000/_next/static/chunks/1ldn_next_dist_06gedf1._.js:776
[  152440ms] [LOG] [Fast Refresh] done in 8011ms @ http://localhost:3000/_next/static/chunks/1ldn_next_dist_06gedf1._.js:776
[  152503ms] [LOG] [Fast Refresh] done in 8011ms @ http://localhost:3000/_next/static/chunks/1ldn_next_dist_06gedf1._.js:776
[  152565ms] [LOG] [Fast Refresh] done in 8011ms @ http://localhost:3000/_next/static/chunks/1ldn_next_dist_06gedf1._.js:776
[  152627ms] [LOG] [Fast Refresh] done in 8011ms @ http://localhost:3000/_next/static/chunks/1ldn_next_dist_06gedf1._.js:776
[  152693ms] [LOG] [Fast Refresh] done in 8011ms @ http://localhost:3000/_next/static/chunks/1ldn_next_dist_06gedf1._.js:776
[  152752ms] [LOG] [Fast Refresh] done in 8011ms @ http://localhost:3000/_next/static/chunks/1ldn_next_dist_06gedf1._.js:776
[  152823ms] [LOG] [Fast Refresh] done in 8011ms @ http://localhost:3000/_next/static/chunks/1ldn_next_dist_06gedf1._.js:776
[  152884ms] [LOG] [Fast Refresh] done in 8011ms @ http://localhost:3000/_next/static/chunks/1ldn_next_dist_06gedf1._.js:776
[  152946ms] [LOG] [Fast Refresh] done in 8011ms @ http://localhost:3000/_next/static/chunks/1ldn_next_dist_06gedf1._.js:776
[  153009ms] [LOG] [Fast Refresh] done in 8011ms @ http://localhost:3000/_next/static/chunks/1ldn_next_dist_06gedf1._.js:776
[  153073ms] [LOG] [Fast Refresh] done in 8011ms @ http://localhost:3000/_next/static/chunks/1ldn_next_dist_06gedf1._.js:776
[  153148ms] [LOG] [Fast Refresh] done in 8011ms @ http://localhost:3000/_next/static/chunks/1ldn_next_dist_06gedf1._.js:776
[  153212ms] [LOG] [Fast Refresh] done in 8011ms @ http://localhost:3000/_next/static/chunks/1ldn_next_dist_06gedf1._.js:776
[  153273ms] [LOG] [Fast Refresh] done in 8011ms @ http://localhost:3000/_next/static/chunks/1ldn_next_dist_06gedf1._.js:776
[  153335ms] [LOG] [Fast Refresh] done in 8011ms @ http://localhost:3000/_next/static/chunks/1ldn_next_dist_06gedf1._.js:776
[  153397ms] [LOG] [Fast Refresh] done in 8011ms @ http://localhost:3000/_next/static/chunks/1ldn_next_dist_06gedf1._.js:776
[  153460ms] [LOG] [Fast Refresh] done in 8011ms @ http://localhost:3000/_next/static/chunks/1ldn_next_dist_06gedf1._.js:776
[  153522ms] [LOG] [Fast Refresh] done in 8011ms @ http://localhost:3000/_next/static/chunks/1ldn_next_dist_06gedf1._.js:776
[  153588ms] [LOG] [Fast Refresh] done in 8011ms @ http://localhost:3000/_next/static/chunks/1ldn_next_dist_06gedf1._.js:776
[  153646ms] [LOG] [Fast Refresh] done in 8011ms @ http://localhost:3000/_next/static/chunks/1ldn_next_dist_06gedf1._.js:776
[  153709ms] [LOG] [Fast Refresh] done in 8011ms @ http://localhost:3000/_next/static/chunks/1ldn_next_dist_06gedf1._.js:776
[  153775ms] [LOG] [Fast Refresh] done in 8011ms @ http://localhost:3000/_next/static/chunks/1ldn_next_dist_06gedf1._.js:776
[  153833ms] [LOG] [Fast Refresh] done in 8011ms @ http://localhost:3000/_next/static/chunks/1ldn_next_dist_06gedf1._.js:776
[  153897ms] [LOG] [Fast Refresh] done in 8011ms @ http://localhost:3000/_next/static/chunks/1ldn_next_dist_06gedf1._.js:776
[  153958ms] [LOG] [Fast Refresh] done in 8011ms @ http://localhost:3000/_next/static/chunks/1ldn_next_dist_06gedf1._.js:776
[  154021ms] [LOG] [Fast Refresh] done in 8011ms @ http://localhost:3000/_next/static/chunks/1ldn_next_dist_06gedf1._.js:776
[  154082ms] [LOG] [Fast Refresh] done in 8011ms @ http://localhost:3000/_next/static/chunks/1ldn_next_dist_06gedf1._.js:776
[  154144ms] [LOG] [Fast Refresh] done in 8011ms @ http://localhost:3000/_next/static/chunks/1ldn_next_dist_06gedf1._.js:776
[  154209ms] [LOG] [Fast Refresh] done in 8011ms @ http://localhost:3000/_next/static/chunks/1ldn_next_dist_06gedf1._.js:776
[  154271ms] [LOG] [Fast Refresh] done in 8011ms @ http://localhost:3000/_next/static/chunks/1ldn_next_dist_06gedf1._.js:776
[  154333ms] [LOG] [Fast Refresh] done in 8011ms @ http://localhost:3000/_next/static/chunks/1ldn_next_dist_06gedf1._.js:776
[  154395ms] [LOG] [Fast Refresh] done in 8011ms @ http://localhost:3000/_next/static/chunks/1ldn_next_dist_06gedf1._.js:776
[  154460ms] [LOG] [Fast Refresh] done in 8011ms @ http://localhost:3000/_next/static/chunks/1ldn_next_dist_06gedf1._.js:776
[  154522ms] [LOG] [Fast Refresh] done in 8011ms @ http://localhost:3000/_next/static/chunks/1ldn_next_dist_06gedf1._.js:776
[  154597ms] [LOG] [Fast Refresh] done in 8011ms @ http://localhost:3000/_next/static/chunks/1ldn_next_dist_06gedf1._.js:776
[  154660ms] [LOG] [Fast Refresh] done in 8011ms @ http://localhost:3000/_next/static/chunks/1ldn_next_dist_06gedf1._.js:776
[  154719ms] [LOG] [Fast Refresh] done in 8011ms @ http://localhost:3000/_next/static/chunks/1ldn_next_dist_06gedf1._.js:776
[  154782ms] [LOG] [Fast Refresh] done in 8011ms @ http://localhost:3000/_next/static/chunks/1ldn_next_dist_06gedf1._.js:776
[  154844ms] [LOG] [Fast Refresh] done in 8011ms @ http://localhost:3000/_next/static/chunks/1ldn_next_dist_06gedf1._.js:776
[  154906ms] [LOG] [Fast Refresh] done in 8011ms @ http://localhost:3000/_next/static/chunks/1ldn_next_dist_06gedf1._.js:776
[  154972ms] [LOG] [Fast Refresh] done in 8011ms @ http://localhost:3000/_next/static/chunks/1ldn_next_dist_06gedf1._.js:776
[  155032ms] [LOG] [Fast Refresh] done in 8011ms @ http://localhost:3000/_next/static/chunks/1ldn_next_dist_06gedf1._.js:776
[  155095ms] [LOG] [Fast Refresh] done in 8011ms @ http://localhost:3000/_next/static/chunks/1ldn_next_dist_06gedf1._.js:776
[  155158ms] [LOG] [Fast Refresh] done in 8011ms @ http://localhost:3000/_next/static/chunks/1ldn_next_dist_06gedf1._.js:776
[  155220ms] [LOG] [Fast Refresh] done in 8011ms @ http://localhost:3000/_next/static/chunks/1ldn_next_dist_06gedf1._.js:776
[  155286ms] [LOG] [Fast Refresh] done in 8011ms @ http://localhost:3000/_next/static/chunks/1ldn_next_dist_06gedf1._.js:776
[  155347ms] [LOG] [Fast Refresh] done in 8011ms @ http://localhost:3000/_next/static/chunks/1ldn_next_dist_06gedf1._.js:776
[  155408ms] [LOG] [Fast Refresh] done in 8011ms @ http://localhost:3000/_next/static/chunks/1ldn_next_dist_06gedf1._.js:776
[  155471ms] [LOG] [Fast Refresh] done in 8011ms @ http://localhost:3000/_next/static/chunks/1ldn_next_dist_06gedf1._.js:776
[  155533ms] [LOG] [Fast Refresh] done in 8011ms @ http://localhost:3000/_next/static/chunks/1ldn_next_dist_06gedf1._.js:776
[  155597ms] [LOG] [Fast Refresh] done in 8011ms @ http://localhost:3000/_next/static/chunks/1ldn_next_dist_06gedf1._.js:776
[  155659ms] [LOG] [Fast Refresh] done in 8011ms @ http://localhost:3000/_next/static/chunks/1ldn_next_dist_06gedf1._.js:776
[  155719ms] [LOG] [Fast Refresh] done in 8011ms @ http://localhost:3000/_next/static/chunks/1ldn_next_dist_06gedf1._.js:776
[  155783ms] [LOG] [Fast Refresh] done in 8011ms @ http://localhost:3000/_next/static/chunks/1ldn_next_dist_06gedf1._.js:776
[  155861ms] [LOG] [Fast Refresh] done in 8011ms @ http://localhost:3000/_next/static/chunks/1ldn_next_dist_06gedf1._.js:776
[  155922ms] [LOG] [Fast Refresh] done in 8011ms @ http://localhost:3000/_next/static/chunks/1ldn_next_dist_06gedf1._.js:776
[  155987ms] [LOG] [Fast Refresh] done in 8011ms @ http://localhost:3000/_next/static/chunks/1ldn_next_dist_06gedf1._.js:776
[  156051ms] [LOG] [Fast Refresh] done in 8011ms @ http://localhost:3000/_next/static/chunks/1ldn_next_dist_06gedf1._.js:776
[  156112ms] [LOG] [Fast Refresh] done in 8011ms @ http://localhost:3000/_next/static/chunks/1ldn_next_dist_06gedf1._.js:776
[  156174ms] [LOG] [Fast Refresh] done in 8011ms @ http://localhost:3000/_next/static/chunks/1ldn_next_dist_06gedf1._.js:776
[  156237ms] [LOG] [Fast Refresh] done in 8011ms @ http://localhost:3000/_next/static/chunks/1ldn_next_dist_06gedf1._.js:776
[  156304ms] [LOG] [Fast Refresh] done in 8011ms @ http://localhost:3000/_next/static/chunks/1ldn_next_dist_06gedf1._.js:776
[  156369ms] [LOG] [Fast Refresh] done in 8011ms @ http://localhost:3000/_next/static/chunks/1ldn_next_dist_06gedf1._.js:776
[  156429ms] [LOG] [Fast Refresh] done in 8011ms @ http://localhost:3000/_next/static/chunks/1ldn_next_dist_06gedf1._.js:776
[  156490ms] [LOG] [Fast Refresh] done in 8011ms @ http://localhost:3000/_next/static/chunks/1ldn_next_dist_06gedf1._.js:776
[  156552ms] [LOG] [Fast Refresh] done in 8011ms @ http://localhost:3000/_next/static/chunks/1ldn_next_dist_06gedf1._.js:776
[  156619ms] [LOG] [Fast Refresh] done in 8011ms @ http://localhost:3000/_next/static/chunks/1ldn_next_dist_06gedf1._.js:776
[  156678ms] [LOG] [Fast Refresh] done in 8011ms @ http://localhost:3000/_next/static/chunks/1ldn_next_dist_06gedf1._.js:776
[  156740ms] [LOG] [Fast Refresh] done in 8011ms @ http://localhost:3000/_next/static/chunks/1ldn_next_dist_06gedf1._.js:776
[  156803ms] [LOG] [Fast Refresh] done in 8011ms @ http://localhost:3000/_next/static/chunks/1ldn_next_dist_06gedf1._.js:776
[  156865ms] [LOG] [Fast Refresh] done in 8011ms @ http://localhost:3000/_next/static/chunks/1ldn_next_dist_06gedf1._.js:776
[  156928ms] [LOG] [Fast Refresh] done in 8011ms @ http://localhost:3000/_next/static/chunks/1ldn_next_dist_06gedf1._.js:776
[  156990ms] [LOG] [Fast Refresh] done in 8011ms @ http://localhost:3000/_next/static/chunks/1ldn_next_dist_06gedf1._.js:776
[  157054ms] [LOG] [Fast Refresh] done in 8011ms @ http://localhost:3000/_next/static/chunks/1ldn_next_dist_06gedf1._.js:776
[  157115ms] [LOG] [Fast Refresh] done in 8011ms @ http://localhost:3000/_next/static/chunks/1ldn_next_dist_06gedf1._.js:776
[  157192ms] [LOG] [Fast Refresh] done in 8011ms @ http://localhost:3000/_next/static/chunks/1ldn_next_dist_06gedf1._.js:776
[  157256ms] [LOG] [Fast Refresh] done in 8011ms @ http://localhost:3000/_next/static/chunks/1ldn_next_dist_06gedf1._.js:776
[  157318ms] [LOG] [Fast Refresh] done in 8011ms @ http://localhost:3000/_next/static/chunks/1ldn_next_dist_06gedf1._.js:776
[  157396ms] [LOG] [Fast Refresh] done in 8011ms @ http://localhost:3000/_next/static/chunks/1ldn_next_dist_06gedf1._.js:776
[  157462ms] [LOG] [Fast Refresh] done in 8011ms @ http://localhost:3000/_next/static/chunks/1ldn_next_dist_06gedf1._.js:776
[  157521ms] [LOG] [Fast Refresh] done in 8011ms @ http://localhost:3000/_next/static/chunks/1ldn_next_dist_06gedf1._.js:776
[  157585ms] [LOG] [Fast Refresh] done in 8011ms @ http://localhost:3000/_next/static/chunks/1ldn_next_dist_06gedf1._.js:776
[  157646ms] [LOG] [Fast Refresh] done in 8011ms @ http://localhost:3000/_next/static/chunks/1ldn_next_dist_06gedf1._.js:776
[  157707ms] [LOG] [Fast Refresh] done in 8011ms @ http://localhost:3000/_next/static/chunks/1ldn_next_dist_06gedf1._.js:776
[  157769ms] [LOG] [Fast Refresh] done in 8011ms @ http://localhost:3000/_next/static/chunks/1ldn_next_dist_06gedf1._.js:776
[  157831ms] [LOG] [Fast Refresh] done in 8011ms @ http://localhost:3000/_next/static/chunks/1ldn_next_dist_06gedf1._.js:776
[  157894ms] [LOG] [Fast Refresh] done in 8011ms @ http://localhost:3000/_next/static/chunks/1ldn_next_dist_06gedf1._.js:776
[  157956ms] [LOG] [Fast Refresh] done in 8011ms @ http://localhost:3000/_next/static/chunks/1ldn_next_dist_06gedf1._.js:776
[  158037ms] [LOG] [Fast Refresh] done in 8011ms @ http://localhost:3000/_next/static/chunks/1ldn_next_dist_06gedf1._.js:776
[  158095ms] [LOG] [Fast Refresh] done in 8011ms @ http://localhost:3000/_next/static/chunks/1ldn_next_dist_06gedf1._.js:776
[  158158ms] [LOG] [Fast Refresh] done in 8011ms @ http://localhost:3000/_next/static/chunks/1ldn_next_dist_06gedf1._.js:776
[  158220ms] [LOG] [Fast Refresh] done in 8011ms @ http://localhost:3000/_next/static/chunks/1ldn_next_dist_06gedf1._.js:776
[  158284ms] [LOG] [Fast Refresh] done in 8011ms @ http://localhost:3000/_next/static/chunks/1ldn_next_dist_06gedf1._.js:776
[  158345ms] [LOG] [Fast Refresh] done in 8011ms @ http://localhost:3000/_next/static/chunks/1ldn_next_dist_06gedf1._.js:776
[  158407ms] [LOG] [Fast Refresh] done in 8011ms @ http://localhost:3000/_next/static/chunks/1ldn_next_dist_06gedf1._.js:776
[  158468ms] [LOG] [Fast Refresh] done in 8011ms @ http://localhost:3000/_next/static/chunks/1ldn_next_dist_06gedf1._.js:776
[  158534ms] [LOG] [Fast Refresh] done in 8011ms @ http://localhost:3000/_next/static/chunks/1ldn_next_dist_06gedf1._.js:776
[  158594ms] [LOG] [Fast Refresh] done in 8011ms @ http://localhost:3000/_next/static/chunks/1ldn_next_dist_06gedf1._.js:776
[  158656ms] [LOG] [Fast Refresh] done in 8011ms @ http://localhost:3000/_next/static/chunks/1ldn_next_dist_06gedf1._.js:776
[  158718ms] [LOG] [Fast Refresh] done in 8011ms @ http://localhost:3000/_next/static/chunks/1ldn_next_dist_06gedf1._.js:776
[  158782ms] [LOG] [Fast Refresh] done in 8011ms @ http://localhost:3000/_next/static/chunks/1ldn_next_dist_06gedf1._.js:776
[  158844ms] [LOG] [Fast Refresh] done in 8011ms @ http://localhost:3000/_next/static/chunks/1ldn_next_dist_06gedf1._.js:776
[  158906ms] [LOG] [Fast Refresh] done in 8011ms @ http://localhost:3000/_next/static/chunks/1ldn_next_dist_06gedf1._.js:776
[  158970ms] [LOG] [Fast Refresh] done in 8011ms @ http://localhost:3000/_next/static/chunks/1ldn_next_dist_06gedf1._.js:776
[  159033ms] [LOG] [Fast Refresh] done in 8011ms @ http://localhost:3000/_next/static/chunks/1ldn_next_dist_06gedf1._.js:776
[  159094ms] [LOG] [Fast Refresh] done in 8011ms @ http://localhost:3000/_next/static/chunks/1ldn_next_dist_06gedf1._.js:776
[  159156ms] [LOG] [Fast Refresh] done in 8011ms @ http://localhost:3000/_next/static/chunks/1ldn_next_dist_06gedf1._.js:776
[  159218ms] [LOG] [Fast Refresh] done in 8011ms @ http://localhost:3000/_next/static/chunks/1ldn_next_dist_06gedf1._.js:776
[  159282ms] [LOG] [Fast Refresh] done in 8011ms @ http://localhost:3000/_next/static/chunks/1ldn_next_dist_06gedf1._.js:776
[  159344ms] [LOG] [Fast Refresh] done in 8011ms @ http://localhost:3000/_next/static/chunks/1ldn_next_dist_06gedf1._.js:776
[  159407ms] [LOG] [Fast Refresh] done in 8011ms @ http://localhost:3000/_next/static/chunks/1ldn_next_dist_06gedf1._.js:776
[  159469ms] [LOG] [Fast Refresh] done in 8011ms @ http://localhost:3000/_next/static/chunks/1ldn_next_dist_06gedf1._.js:776
[  159534ms] [LOG] [Fast Refresh] done in 8011ms @ http://localhost:3000/_next/static/chunks/1ldn_next_dist_06gedf1._.js:776
[  159595ms] [LOG] [Fast Refresh] done in 8011ms @ http://localhost:3000/_next/static/chunks/1ldn_next_dist_06gedf1._.js:776
[  159656ms] [LOG] [Fast Refresh] done in 8011ms @ http://localhost:3000/_next/static/chunks/1ldn_next_dist_06gedf1._.js:776
[  159719ms] [LOG] [Fast Refresh] done in 8011ms @ http://localhost:3000/_next/static/chunks/1ldn_next_dist_06gedf1._.js:776
[  159783ms] [LOG] [Fast Refresh] done in 8011ms @ http://localhost:3000/_next/static/chunks/1ldn_next_dist_06gedf1._.js:776
[  159843ms] [LOG] [Fast Refresh] done in 8011ms @ http://localhost:3000/_next/static/chunks/1ldn_next_dist_06gedf1._.js:776
[  159920ms] [LOG] [Fast Refresh] done in 8011ms @ http://localhost:3000/_next/static/chunks/1ldn_next_dist_06gedf1._.js:776
[  159985ms] [LOG] [Fast Refresh] done in 8011ms @ http://localhost:3000/_next/static/chunks/1ldn_next_dist_06gedf1._.js:776
[  160042ms] [LOG] [Fast Refresh] done in 8011ms @ http://localhost:3000/_next/static/chunks/1ldn_next_dist_06gedf1._.js:776
[  160105ms] [LOG] [Fast Refresh] done in 8011ms @ http://localhost:3000/_next/static/chunks/1ldn_next_dist_06gedf1._.js:776
[  160169ms] [LOG] [Fast Refresh] done in 8011ms @ http://localhost:3000/_next/static/chunks/1ldn_next_dist_06gedf1._.js:776
[  160229ms] [LOG] [Fast Refresh] done in 8011ms @ http://localhost:3000/_next/static/chunks/1ldn_next_dist_06gedf1._.js:776
[  160290ms] [LOG] [Fast Refresh] done in 8011ms @ http://localhost:3000/_next/static/chunks/1ldn_next_dist_06gedf1._.js:776
[  160353ms] [LOG] [Fast Refresh] done in 8011ms @ http://localhost:3000/_next/static/chunks/1ldn_next_dist_06gedf1._.js:776
[  160415ms] [LOG] [Fast Refresh] done in 8011ms @ http://localhost:3000/_next/static/chunks/1ldn_next_dist_06gedf1._.js:776
[  160479ms] [LOG] [Fast Refresh] done in 8011ms @ http://localhost:3000/_next/static/chunks/1ldn_next_dist_06gedf1._.js:776
[  160540ms] [LOG] [Fast Refresh] done in 8011ms @ http://localhost:3000/_next/static/chunks/1ldn_next_dist_06gedf1._.js:776
[  160602ms] [LOG] [Fast Refresh] done in 8011ms @ http://localhost:3000/_next/static/chunks/1ldn_next_dist_06gedf1._.js:776
[  160665ms] [LOG] [Fast Refresh] done in 8011ms @ http://localhost:3000/_next/static/chunks/1ldn_next_dist_06gedf1._.js:776
[  160736ms] [LOG] [Fast Refresh] done in 8011ms @ http://localhost:3000/_next/static/chunks/1ldn_next_dist_06gedf1._.js:776
[  160801ms] [LOG] [Fast Refresh] done in 8011ms @ http://localhost:3000/_next/static/chunks/1ldn_next_dist_06gedf1._.js:776
[  160863ms] [LOG] [Fast Refresh] done in 8011ms @ http://localhost:3000/_next/static/chunks/1ldn_next_dist_06gedf1._.js:776
[  160925ms] [LOG] [Fast Refresh] done in 8011ms @ http://localhost:3000/_next/static/chunks/1ldn_next_dist_06gedf1._.js:776
[  160988ms] [LOG] [Fast Refresh] done in 8011ms @ http://localhost:3000/_next/static/chunks/1ldn_next_dist_06gedf1._.js:776
[  161052ms] [LOG] [Fast Refresh] done in 8011ms @ http://localhost:3000/_next/static/chunks/1ldn_next_dist_06gedf1._.js:776
[  161115ms] [LOG] [Fast Refresh] done in 8011ms @ http://localhost:3000/_next/static/chunks/1ldn_next_dist_06gedf1._.js:776
[  161192ms] [LOG] [Fast Refresh] done in 8011ms @ http://localhost:3000/_next/static/chunks/1ldn_next_dist_06gedf1._.js:776
[  161256ms] [LOG] [Fast Refresh] done in 8011ms @ http://localhost:3000/_next/static/chunks/1ldn_next_dist_06gedf1._.js:776
[  161318ms] [LOG] [Fast Refresh] done in 8011ms @ http://localhost:3000/_next/static/chunks/1ldn_next_dist_06gedf1._.js:776
[  161380ms] [LOG] [Fast Refresh] done in 8011ms @ http://localhost:3000/_next/static/chunks/1ldn_next_dist_06gedf1._.js:776
[  161446ms] [LOG] [Fast Refresh] done in 8011ms @ http://localhost:3000/_next/static/chunks/1ldn_next_dist_06gedf1._.js:776
[  161506ms] [LOG] [Fast Refresh] done in 8011ms @ http://localhost:3000/_next/static/chunks/1ldn_next_dist_06gedf1._.js:776
[  161567ms] [LOG] [Fast Refresh] done in 8011ms @ http://localhost:3000/_next/static/chunks/1ldn_next_dist_06gedf1._.js:776
[  161630ms] [LOG] [Fast Refresh] done in 8011ms @ http://localhost:3000/_next/static/chunks/1ldn_next_dist_06gedf1._.js:776
[  161693ms] [LOG] [Fast Refresh] done in 8011ms @ http://localhost:3000/_next/static/chunks/1ldn_next_dist_06gedf1._.js:776
[  161755ms] [LOG] [Fast Refresh] done in 8011ms @ http://localhost:3000/_next/static/chunks/1ldn_next_dist_06gedf1._.js:776
[  161817ms] [LOG] [Fast Refresh] done in 8011ms @ http://localhost:3000/_next/static/chunks/1ldn_next_dist_06gedf1._.js:776
[  161883ms] [LOG] [Fast Refresh] done in 8011ms @ http://localhost:3000/_next/static/chunks/1ldn_next_dist_06gedf1._.js:776
[  161942ms] [LOG] [Fast Refresh] done in 8011ms @ http://localhost:3000/_next/static/chunks/1ldn_next_dist_06gedf1._.js:776
[  162005ms] [LOG] [Fast Refresh] done in 8011ms @ http://localhost:3000/_next/static/chunks/1ldn_next_dist_06gedf1._.js:776
[  162075ms] [LOG] [Fast Refresh] done in 8011ms @ http://localhost:3000/_next/static/chunks/1ldn_next_dist_06gedf1._.js:776
[  162137ms] [LOG] [Fast Refresh] done in 8011ms @ http://localhost:3000/_next/static/chunks/1ldn_next_dist_06gedf1._.js:776
[  162200ms] [LOG] [Fast Refresh] done in 8011ms @ http://localhost:3000/_next/static/chunks/1ldn_next_dist_06gedf1._.js:776
[  162263ms] [LOG] [Fast Refresh] done in 8011ms @ http://localhost:3000/_next/static/chunks/1ldn_next_dist_06gedf1._.js:776
[  162325ms] [LOG] [Fast Refresh] done in 8011ms @ http://localhost:3000/_next/static/chunks/1ldn_next_dist_06gedf1._.js:776
[  162387ms] [LOG] [Fast Refresh] done in 8011ms @ http://localhost:3000/_next/static/chunks/1ldn_next_dist_06gedf1._.js:776
[  162451ms] [LOG] [Fast Refresh] done in 8011ms @ http://localhost:3000/_next/static/chunks/1ldn_next_dist_06gedf1._.js:776
[  162514ms] [LOG] [Fast Refresh] done in 8011ms @ http://localhost:3000/_next/static/chunks/1ldn_next_dist_06gedf1._.js:776
[  162586ms] [LOG] [Fast Refresh] done in 8011ms @ http://localhost:3000/_next/static/chunks/1ldn_next_dist_06gedf1._.js:776
[  162649ms] [LOG] [Fast Refresh] done in 8011ms @ http://localhost:3000/_next/static/chunks/1ldn_next_dist_06gedf1._.js:776
[  162712ms] [LOG] [Fast Refresh] done in 8011ms @ http://localhost:3000/_next/static/chunks/1ldn_next_dist_06gedf1._.js:776
[  162774ms] [LOG] [Fast Refresh] done in 8011ms @ http://localhost:3000/_next/static/chunks/1ldn_next_dist_06gedf1._.js:776
[  162836ms] [LOG] [Fast Refresh] done in 8011ms @ http://localhost:3000/_next/static/chunks/1ldn_next_dist_06gedf1._.js:776
[  162898ms] [LOG] [Fast Refresh] done in 8011ms @ http://localhost:3000/_next/static/chunks/1ldn_next_dist_06gedf1._.js:776
[  162976ms] [LOG] [Fast Refresh] done in 8011ms @ http://localhost:3000/_next/static/chunks/1ldn_next_dist_06gedf1._.js:776
[  163056ms] [LOG] [Fast Refresh] done in 8011ms @ http://localhost:3000/_next/static/chunks/1ldn_next_dist_06gedf1._.js:776
[  163136ms] [LOG] [Fast Refresh] done in 8011ms @ http://localhost:3000/_next/static/chunks/1ldn_next_dist_06gedf1._.js:776
[  163199ms] [LOG] [Fast Refresh] done in 8011ms @ http://localhost:3000/_next/static/chunks/1ldn_next_dist_06gedf1._.js:776
[  163263ms] [LOG] [Fast Refresh] done in 8011ms @ http://localhost:3000/_next/static/chunks/1ldn_next_dist_06gedf1._.js:776
[  163323ms] [LOG] [Fast Refresh] done in 8011ms @ http://localhost:3000/_next/static/chunks/1ldn_next_dist_06gedf1._.js:776
[  163385ms] [LOG] [Fast Refresh] done in 8011ms @ http://localhost:3000/_next/static/chunks/1ldn_next_dist_06gedf1._.js:776
[  163448ms] [LOG] [Fast Refresh] done in 8011ms @ http://localhost:3000/_next/static/chunks/1ldn_next_dist_06gedf1._.js:776
[  163513ms] [LOG] [Fast Refresh] done in 8011ms @ http://localhost:3000/_next/static/chunks/1ldn_next_dist_06gedf1._.js:776
[  163574ms] [LOG] [Fast Refresh] done in 8011ms @ http://localhost:3000/_next/static/chunks/1ldn_next_dist_06gedf1._.js:776
[  163636ms] [LOG] [Fast Refresh] done in 8011ms @ http://localhost:3000/_next/static/chunks/1ldn_next_dist_06gedf1._.js:776
[  163696ms] [LOG] [Fast Refresh] done in 8011ms @ http://localhost:3000/_next/static/chunks/1ldn_next_dist_06gedf1._.js:776
[  163760ms] [LOG] [Fast Refresh] done in 8011ms @ http://localhost:3000/_next/static/chunks/1ldn_next_dist_06gedf1._.js:776
[  163821ms] [LOG] [Fast Refresh] done in 8011ms @ http://localhost:3000/_next/static/chunks/1ldn_next_dist_06gedf1._.js:776
[  163883ms] [LOG] [Fast Refresh] done in 8011ms @ http://localhost:3000/_next/static/chunks/1ldn_next_dist_06gedf1._.js:776
[  163962ms] [LOG] [Fast Refresh] done in 8011ms @ http://localhost:3000/_next/static/chunks/1ldn_next_dist_06gedf1._.js:776
[  164023ms] [LOG] [Fast Refresh] done in 8011ms @ http://localhost:3000/_next/static/chunks/1ldn_next_dist_06gedf1._.js:776
[  164084ms] [LOG] [Fast Refresh] done in 8011ms @ http://localhost:3000/_next/static/chunks/1ldn_next_dist_06gedf1._.js:776
[  164148ms] [LOG] [Fast Refresh] done in 8011ms @ http://localhost:3000/_next/static/chunks/1ldn_next_dist_06gedf1._.js:776
[  164211ms] [LOG] [Fast Refresh] done in 8011ms @ http://localhost:3000/_next/static/chunks/1ldn_next_dist_06gedf1._.js:776
[  164271ms] [LOG] [Fast Refresh] done in 8011ms @ http://localhost:3000/_next/static/chunks/1ldn_next_dist_06gedf1._.js:776
[  164334ms] [LOG] [Fast Refresh] done in 8011ms @ http://localhost:3000/_next/static/chunks/1ldn_next_dist_06gedf1._.js:776
[  164397ms] [LOG] [Fast Refresh] done in 8011ms @ http://localhost:3000/_next/static/chunks/1ldn_next_dist_06gedf1._.js:776
[  164475ms] [LOG] [Fast Refresh] done in 8011ms @ http://localhost:3000/_next/static/chunks/1ldn_next_dist_06gedf1._.js:776
[  164538ms] [LOG] [Fast Refresh] done in 8011ms @ http://localhost:3000/_next/static/chunks/1ldn_next_dist_06gedf1._.js:776
[  164600ms] [LOG] [Fast Refresh] done in 8011ms @ http://localhost:3000/_next/static/chunks/1ldn_next_dist_06gedf1._.js:776
[  164663ms] [LOG] [Fast Refresh] done in 8011ms @ http://localhost:3000/_next/static/chunks/1ldn_next_dist_06gedf1._.js:776
[  164727ms] [LOG] [Fast Refresh] done in 8011ms @ http://localhost:3000/_next/static/chunks/1ldn_next_dist_06gedf1._.js:776
[  164803ms] [LOG] [Fast Refresh] done in 8011ms @ http://localhost:3000/_next/static/chunks/1ldn_next_dist_06gedf1._.js:776
[  164866ms] [LOG] [Fast Refresh] done in 8011ms @ http://localhost:3000/_next/static/chunks/1ldn_next_dist_06gedf1._.js:776
[  164928ms] [LOG] [Fast Refresh] done in 8011ms @ http://localhost:3000/_next/static/chunks/1ldn_next_dist_06gedf1._.js:776
[  165005ms] [LOG] [Fast Refresh] done in 8011ms @ http://localhost:3000/_next/static/chunks/1ldn_next_dist_06gedf1._.js:776
[  165069ms] [LOG] [Fast Refresh] done in 8011ms @ http://localhost:3000/_next/static/chunks/1ldn_next_dist_06gedf1._.js:776
[  165131ms] [LOG] [Fast Refresh] done in 8011ms @ http://localhost:3000/_next/static/chunks/1ldn_next_dist_06gedf1._.js:776
[  165194ms] [LOG] [Fast Refresh] done in 8011ms @ http://localhost:3000/_next/static/chunks/1ldn_next_dist_06gedf1._.js:776
[  165255ms] [LOG] [Fast Refresh] done in 8011ms @ http://localhost:3000/_next/static/chunks/1ldn_next_dist_06gedf1._.js:776
[  165317ms] [LOG] [Fast Refresh] done in 8011ms @ http://localhost:3000/_next/static/chunks/1ldn_next_dist_06gedf1._.js:776
[  165380ms] [LOG] [Fast Refresh] done in 8011ms @ http://localhost:3000/_next/static/chunks/1ldn_next_dist_06gedf1._.js:776
[  165443ms] [LOG] [Fast Refresh] done in 8011ms @ http://localhost:3000/_next/static/chunks/1ldn_next_dist_06gedf1._.js:776
[  165507ms] [LOG] [Fast Refresh] done in 8011ms @ http://localhost:3000/_next/static/chunks/1ldn_next_dist_06gedf1._.js:776
[  165568ms] [LOG] [Fast Refresh] done in 8011ms @ http://localhost:3000/_next/static/chunks/1ldn_next_dist_06gedf1._.js:776
[  165630ms] [LOG] [Fast Refresh] done in 8011ms @ http://localhost:3000/_next/static/chunks/1ldn_next_dist_06gedf1._.js:776
[  165710ms] [LOG] [Fast Refresh] done in 8011ms @ http://localhost:3000/_next/static/chunks/1ldn_next_dist_06gedf1._.js:776
[  165771ms] [LOG] [Fast Refresh] done in 8011ms @ http://localhost:3000/_next/static/chunks/1ldn_next_dist_06gedf1._.js:776
[  165834ms] [LOG] [Fast Refresh] done in 8011ms @ http://localhost:3000/_next/static/chunks/1ldn_next_dist_06gedf1._.js:776
[  165897ms] [LOG] [Fast Refresh] done in 8011ms @ http://localhost:3000/_next/static/chunks/1ldn_next_dist_06gedf1._.js:776
[  165959ms] [LOG] [Fast Refresh] done in 8011ms @ http://localhost:3000/_next/static/chunks/1ldn_next_dist_06gedf1._.js:776
[  166035ms] [LOG] [Fast Refresh] done in 8011ms @ http://localhost:3000/_next/static/chunks/1ldn_next_dist_06gedf1._.js:776
[  166099ms] [LOG] [Fast Refresh] done in 8011ms @ http://localhost:3000/_next/static/chunks/1ldn_next_dist_06gedf1._.js:776
[  166160ms] [LOG] [Fast Refresh] done in 8011ms @ http://localhost:3000/_next/static/chunks/1ldn_next_dist_06gedf1._.js:776
[  166222ms] [LOG] [Fast Refresh] done in 8011ms @ http://localhost:3000/_next/static/chunks/1ldn_next_dist_06gedf1._.js:776
[  166284ms] [LOG] [Fast Refresh] done in 8011ms @ http://localhost:3000/_next/static/chunks/1ldn_next_dist_06gedf1._.js:776
[  166346ms] [LOG] [Fast Refresh] done in 8011ms @ http://localhost:3000/_next/static/chunks/1ldn_next_dist_06gedf1._.js:776
[  166409ms] [LOG] [Fast Refresh] done in 8011ms @ http://localhost:3000/_next/static/chunks/1ldn_next_dist_06gedf1._.js:776
[  166471ms] [LOG] [Fast Refresh] done in 8011ms @ http://localhost:3000/_next/static/chunks/1ldn_next_dist_06gedf1._.js:776
[  166532ms] [LOG] [Fast Refresh] done in 8011ms @ http://localhost:3000/_next/static/chunks/1ldn_next_dist_06gedf1._.js:776
[  166595ms] [LOG] [Fast Refresh] done in 8011ms @ http://localhost:3000/_next/static/chunks/1ldn_next_dist_06gedf1._.js:776
[  166675ms] [LOG] [Fast Refresh] done in 8011ms @ http://localhost:3000/_next/static/chunks/1ldn_next_dist_06gedf1._.js:776
[  166752ms] [LOG] [Fast Refresh] done in 8011ms @ http://localhost:3000/_next/static/chunks/1ldn_next_dist_06gedf1._.js:776
[  166829ms] [LOG] [Fast Refresh] done in 8011ms @ http://localhost:3000/_next/static/chunks/1ldn_next_dist_06gedf1._.js:776
[  166891ms] [LOG] [Fast Refresh] done in 8011ms @ http://localhost:3000/_next/static/chunks/1ldn_next_dist_06gedf1._.js:776
[  166954ms] [LOG] [Fast Refresh] done in 8011ms @ http://localhost:3000/_next/static/chunks/1ldn_next_dist_06gedf1._.js:776
[  167018ms] [LOG] [Fast Refresh] done in 8011ms @ http://localhost:3000/_next/static/chunks/1ldn_next_dist_06gedf1._.js:776
[  167079ms] [LOG] [Fast Refresh] done in 8011ms @ http://localhost:3000/_next/static/chunks/1ldn_next_dist_06gedf1._.js:776
[  167142ms] [LOG] [Fast Refresh] done in 8011ms @ http://localhost:3000/_next/static/chunks/1ldn_next_dist_06gedf1._.js:776
[  167204ms] [LOG] [Fast Refresh] done in 8011ms @ http://localhost:3000/_next/static/chunks/1ldn_next_dist_06gedf1._.js:776
[  167267ms] [LOG] [Fast Refresh] done in 8011ms @ http://localhost:3000/_next/static/chunks/1ldn_next_dist_06gedf1._.js:776
[  167328ms] [LOG] [Fast Refresh] done in 8011ms @ http://localhost:3000/_next/static/chunks/1ldn_next_dist_06gedf1._.js:776
[  167390ms] [LOG] [Fast Refresh] done in 8011ms @ http://localhost:3000/_next/static/chunks/1ldn_next_dist_06gedf1._.js:776
[  167453ms] [LOG] [Fast Refresh] done in 8011ms @ http://localhost:3000/_next/static/chunks/1ldn_next_dist_06gedf1._.js:776
[  167515ms] [LOG] [Fast Refresh] done in 8011ms @ http://localhost:3000/_next/static/chunks/1ldn_next_dist_06gedf1._.js:776
[  167579ms] [LOG] [Fast Refresh] done in 8011ms @ http://localhost:3000/_next/static/chunks/1ldn_next_dist_06gedf1._.js:776
[  167641ms] [LOG] [Fast Refresh] done in 8011ms @ http://localhost:3000/_next/static/chunks/1ldn_next_dist_06gedf1._.js:776
[  167704ms] [LOG] [Fast Refresh] done in 8011ms @ http://localhost:3000/_next/static/chunks/1ldn_next_dist_06gedf1._.js:776
[  167765ms] [LOG] [Fast Refresh] done in 8011ms @ http://localhost:3000/_next/static/chunks/1ldn_next_dist_06gedf1._.js:776
[  167827ms] [LOG] [Fast Refresh] done in 8011ms @ http://localhost:3000/_next/static/chunks/1ldn_next_dist_06gedf1._.js:776
[  167889ms] [LOG] [Fast Refresh] done in 8011ms @ http://localhost:3000/_next/static/chunks/1ldn_next_dist_06gedf1._.js:776
[  167951ms] [LOG] [Fast Refresh] done in 8011ms @ http://localhost:3000/_next/static/chunks/1ldn_next_dist_06gedf1._.js:776
[  168014ms] [LOG] [Fast Refresh] done in 8011ms @ http://localhost:3000/_next/static/chunks/1ldn_next_dist_06gedf1._.js:776
[  168077ms] [LOG] [Fast Refresh] done in 8011ms @ http://localhost:3000/_next/static/chunks/1ldn_next_dist_06gedf1._.js:776
[  168140ms] [LOG] [Fast Refresh] done in 8011ms @ http://localhost:3000/_next/static/chunks/1ldn_next_dist_06gedf1._.js:776
[  168202ms] [LOG] [Fast Refresh] done in 8011ms @ http://localhost:3000/_next/static/chunks/1ldn_next_dist_06gedf1._.js:776
[  168270ms] [LOG] [Fast Refresh] done in 8011ms @ http://localhost:3000/_next/static/chunks/1ldn_next_dist_06gedf1._.js:776
[  168348ms] [LOG] [Fast Refresh] done in 8011ms @ http://localhost:3000/_next/static/chunks/1ldn_next_dist_06gedf1._.js:776
[  168410ms] [LOG] [Fast Refresh] done in 8011ms @ http://localhost:3000/_next/static/chunks/1ldn_next_dist_06gedf1._.js:776
[  168473ms] [LOG] [Fast Refresh] done in 8011ms @ http://localhost:3000/_next/static/chunks/1ldn_next_dist_06gedf1._.js:776
[  168535ms] [LOG] [Fast Refresh] done in 8011ms @ http://localhost:3000/_next/static/chunks/1ldn_next_dist_06gedf1._.js:776
[  168598ms] [LOG] [Fast Refresh] done in 8011ms @ http://localhost:3000/_next/static/chunks/1ldn_next_dist_06gedf1._.js:776
[  168678ms] [LOG] [Fast Refresh] done in 8011ms @ http://localhost:3000/_next/static/chunks/1ldn_next_dist_06gedf1._.js:776
[  168757ms] [LOG] [Fast Refresh] done in 8011ms @ http://localhost:3000/_next/static/chunks/1ldn_next_dist_06gedf1._.js:776
[  168855ms] [LOG] [Fast Refresh] done in 8011ms @ http://localhost:3000/_next/static/chunks/1ldn_next_dist_06gedf1._.js:776
[  168913ms] [LOG] [Fast Refresh] done in 8011ms @ http://localhost:3000/_next/static/chunks/1ldn_next_dist_06gedf1._.js:776
[  169013ms] [LOG] [Fast Refresh] done in 8011ms @ http://localhost:3000/_next/static/chunks/1ldn_next_dist_06gedf1._.js:776
[  169073ms] [LOG] [Fast Refresh] done in 8011ms @ http://localhost:3000/_next/static/chunks/1ldn_next_dist_06gedf1._.js:776
[  169136ms] [LOG] [Fast Refresh] done in 8011ms @ http://localhost:3000/_next/static/chunks/1ldn_next_dist_06gedf1._.js:776
[  169213ms] [LOG] [Fast Refresh] done in 8011ms @ http://localhost:3000/_next/static/chunks/1ldn_next_dist_06gedf1._.js:776
[  169275ms] [LOG] [Fast Refresh] done in 8011ms @ http://localhost:3000/_next/static/chunks/1ldn_next_dist_06gedf1._.js:776
[  169355ms] [LOG] [Fast Refresh] done in 8011ms @ http://localhost:3000/_next/static/chunks/1ldn_next_dist_06gedf1._.js:776
[  169443ms] [LOG] [Fast Refresh] done in 8011ms @ http://localhost:3000/_next/static/chunks/1ldn_next_dist_06gedf1._.js:776
[  169508ms] [LOG] [Fast Refresh] done in 8011ms @ http://localhost:3000/_next/static/chunks/1ldn_next_dist_06gedf1._.js:776
[  169588ms] [LOG] [Fast Refresh] done in 8011ms @ http://localhost:3000/_next/static/chunks/1ldn_next_dist_06gedf1._.js:776
[  169650ms] [LOG] [Fast Refresh] done in 8011ms @ http://localhost:3000/_next/static/chunks/1ldn_next_dist_06gedf1._.js:776
[  169713ms] [LOG] [Fast Refresh] done in 8011ms @ http://localhost:3000/_next/static/chunks/1ldn_next_dist_06gedf1._.js:776
[  169791ms] [LOG] [Fast Refresh] done in 8011ms @ http://localhost:3000/_next/static/chunks/1ldn_next_dist_06gedf1._.js:776
[  169855ms] [LOG] [Fast Refresh] done in 8011ms @ http://localhost:3000/_next/static/chunks/1ldn_next_dist_06gedf1._.js:776
[  169916ms] [LOG] [Fast Refresh] done in 8011ms @ http://localhost:3000/_next/static/chunks/1ldn_next_dist_06gedf1._.js:776
[  169993ms] [LOG] [Fast Refresh] done in 8011ms @ http://localhost:3000/_next/static/chunks/1ldn_next_dist_06gedf1._.js:776
[  170058ms] [LOG] [Fast Refresh] done in 8011ms @ http://localhost:3000/_next/static/chunks/1ldn_next_dist_06gedf1._.js:776
[  170121ms] [LOG] [Fast Refresh] done in 8011ms @ http://localhost:3000/_next/static/chunks/1ldn_next_dist_06gedf1._.js:776
[  170199ms] [LOG] [Fast Refresh] done in 8011ms @ http://localhost:3000/_next/static/chunks/1ldn_next_dist_06gedf1._.js:776
[  170275ms] [LOG] [Fast Refresh] done in 8011ms @ http://localhost:3000/_next/static/chunks/1ldn_next_dist_06gedf1._.js:776
[  170358ms] [LOG] [Fast Refresh] done in 8011ms @ http://localhost:3000/_next/static/chunks/1ldn_next_dist_06gedf1._.js:776
[  170437ms] [LOG] [Fast Refresh] done in 8011ms @ http://localhost:3000/_next/static/chunks/1ldn_next_dist_06gedf1._.js:776
[  170502ms] [LOG] [Fast Refresh] done in 8011ms @ http://localhost:3000/_next/static/chunks/1ldn_next_dist_06gedf1._.js:776
[  170566ms] [LOG] [Fast Refresh] done in 8011ms @ http://localhost:3000/_next/static/chunks/1ldn_next_dist_06gedf1._.js:776
[  170638ms] [LOG] [Fast Refresh] done in 8011ms @ http://localhost:3000/_next/static/chunks/1ldn_next_dist_06gedf1._.js:776
[  170706ms] [LOG] [Fast Refresh] done in 8011ms @ http://localhost:3000/_next/static/chunks/1ldn_next_dist_06gedf1._.js:776
[  170773ms] [LOG] [Fast Refresh] done in 8011ms @ http://localhost:3000/_next/static/chunks/1ldn_next_dist_06gedf1._.js:776
[  170834ms] [LOG] [Fast Refresh] done in 8011ms @ http://localhost:3000/_next/static/chunks/1ldn_next_dist_06gedf1._.js:776
[  170901ms] [LOG] [Fast Refresh] done in 8011ms @ http://localhost:3000/_next/static/chunks/1ldn_next_dist_06gedf1._.js:776
[  170972ms] [LOG] [Fast Refresh] done in 8011ms @ http://localhost:3000/_next/static/chunks/1ldn_next_dist_06gedf1._.js:776
[  171033ms] [LOG] [Fast Refresh] done in 8011ms @ http://localhost:3000/_next/static/chunks/1ldn_next_dist_06gedf1._.js:776
[  171103ms] [LOG] [Fast Refresh] done in 8011ms @ http://localhost:3000/_next/static/chunks/1ldn_next_dist_06gedf1._.js:776
[  171169ms] [LOG] [Fast Refresh] done in 8011ms @ http://localhost:3000/_next/static/chunks/1ldn_next_dist_06gedf1._.js:776
[  171236ms] [LOG] [Fast Refresh] done in 8011ms @ http://localhost:3000/_next/static/chunks/1ldn_next_dist_06gedf1._.js:776
[  171301ms] [LOG] [Fast Refresh] done in 8011ms @ http://localhost:3000/_next/static/chunks/1ldn_next_dist_06gedf1._.js:776
[  171394ms] [LOG] [Fast Refresh] done in 8011ms @ http://localhost:3000/_next/static/chunks/1ldn_next_dist_06gedf1._.js:776
[  171509ms] [LOG] [Fast Refresh] done in 8011ms @ http://localhost:3000/_next/static/chunks/1ldn_next_dist_06gedf1._.js:776
[  171606ms] [LOG] [Fast Refresh] done in 8011ms @ http://localhost:3000/_next/static/chunks/1ldn_next_dist_06gedf1._.js:776
[  171678ms] [LOG] [Fast Refresh] done in 8011ms @ http://localhost:3000/_next/static/chunks/1ldn_next_dist_06gedf1._.js:776
[  171755ms] [LOG] [Fast Refresh] done in 8011ms @ http://localhost:3000/_next/static/chunks/1ldn_next_dist_06gedf1._.js:776
[  171821ms] [LOG] [Fast Refresh] done in 8011ms @ http://localhost:3000/_next/static/chunks/1ldn_next_dist_06gedf1._.js:776
[  171899ms] [LOG] [Fast Refresh] done in 8011ms @ http://localhost:3000/_next/static/chunks/1ldn_next_dist_06gedf1._.js:776
[  171994ms] [LOG] [Fast Refresh] done in 8011ms @ http://localhost:3000/_next/static/chunks/1ldn_next_dist_06gedf1._.js:776
[  172076ms] [LOG] [Fast Refresh] done in 8011ms @ http://localhost:3000/_next/static/chunks/1ldn_next_dist_06gedf1._.js:776
[  172149ms] [LOG] [Fast Refresh] done in 8011ms @ http://localhost:3000/_next/static/chunks/1ldn_next_dist_06gedf1._.js:776
[  172223ms] [LOG] [Fast Refresh] done in 8011ms @ http://localhost:3000/_next/static/chunks/1ldn_next_dist_06gedf1._.js:776
[  172300ms] [LOG] [Fast Refresh] done in 8011ms @ http://localhost:3000/_next/static/chunks/1ldn_next_dist_06gedf1._.js:776
[  172365ms] [LOG] [Fast Refresh] done in 8011ms @ http://localhost:3000/_next/static/chunks/1ldn_next_dist_06gedf1._.js:776
[  172464ms] [LOG] [Fast Refresh] done in 8011ms @ http://localhost:3000/_next/static/chunks/1ldn_next_dist_06gedf1._.js:776
[  172547ms] [LOG] [Fast Refresh] done in 8011ms @ http://localhost:3000/_next/static/chunks/1ldn_next_dist_06gedf1._.js:776
[  172628ms] [LOG] [Fast Refresh] done in 8011ms @ http://localhost:3000/_next/static/chunks/1ldn_next_dist_06gedf1._.js:776
[  172702ms] [LOG] [Fast Refresh] done in 8011ms @ http://localhost:3000/_next/static/chunks/1ldn_next_dist_06gedf1._.js:776
[  172782ms] [LOG] [Fast Refresh] done in 8011ms @ http://localhost:3000/_next/static/chunks/1ldn_next_dist_06gedf1._.js:776
[  172859ms] [LOG] [Fast Refresh] done in 8011ms @ http://localhost:3000/_next/static/chunks/1ldn_next_dist_06gedf1._.js:776
[  172934ms] [LOG] [Fast Refresh] done in 8011ms @ http://localhost:3000/_next/static/chunks/1ldn_next_dist_06gedf1._.js:776
[  172995ms] [LOG] [Fast Refresh] done in 8011ms @ http://localhost:3000/_next/static/chunks/1ldn_next_dist_06gedf1._.js:776
[  173059ms] [LOG] [Fast Refresh] done in 8011ms @ http://localhost:3000/_next/static/chunks/1ldn_next_dist_06gedf1._.js:776
[  173136ms] [LOG] [Fast Refresh] done in 8011ms @ http://localhost:3000/_next/static/chunks/1ldn_next_dist_06gedf1._.js:776
[  173202ms] [LOG] [Fast Refresh] done in 8011ms @ http://localhost:3000/_next/static/chunks/1ldn_next_dist_06gedf1._.js:776
[  173285ms] [LOG] [Fast Refresh] done in 8011ms @ http://localhost:3000/_next/static/chunks/1ldn_next_dist_06gedf1._.js:776
[  173349ms] [LOG] [Fast Refresh] done in 8011ms @ http://localhost:3000/_next/static/chunks/1ldn_next_dist_06gedf1._.js:776
[  173435ms] [LOG] [Fast Refresh] done in 8011ms @ http://localhost:3000/_next/static/chunks/1ldn_next_dist_06gedf1._.js:776
[  173518ms] [LOG] [Fast Refresh] done in 8011ms @ http://localhost:3000/_next/static/chunks/1ldn_next_dist_06gedf1._.js:776
[  173587ms] [LOG] [Fast Refresh] done in 8011ms @ http://localhost:3000/_next/static/chunks/1ldn_next_dist_06gedf1._.js:776
[  173662ms] [LOG] [Fast Refresh] done in 8011ms @ http://localhost:3000/_next/static/chunks/1ldn_next_dist_06gedf1._.js:776
[  173738ms] [LOG] [Fast Refresh] done in 8011ms @ http://localhost:3000/_next/static/chunks/1ldn_next_dist_06gedf1._.js:776
[  173803ms] [LOG] [Fast Refresh] done in 8011ms @ http://localhost:3000/_next/static/chunks/1ldn_next_dist_06gedf1._.js:776
[  173870ms] [LOG] [Fast Refresh] done in 8011ms @ http://localhost:3000/_next/static/chunks/1ldn_next_dist_06gedf1._.js:776
[  173941ms] [LOG] [Fast Refresh] done in 8011ms @ http://localhost:3000/_next/static/chunks/1ldn_next_dist_06gedf1._.js:776
[  173999ms] [LOG] [Fast Refresh] done in 8011ms @ http://localhost:3000/_next/static/chunks/1ldn_next_dist_06gedf1._.js:776
[  174085ms] [LOG] [Fast Refresh] done in 8011ms @ http://localhost:3000/_next/static/chunks/1ldn_next_dist_06gedf1._.js:776
[  174153ms] [LOG] [Fast Refresh] done in 8011ms @ http://localhost:3000/_next/static/chunks/1ldn_next_dist_06gedf1._.js:776
[  174226ms] [LOG] [Fast Refresh] done in 8011ms @ http://localhost:3000/_next/static/chunks/1ldn_next_dist_06gedf1._.js:776
[  174302ms] [LOG] [Fast Refresh] done in 8011ms @ http://localhost:3000/_next/static/chunks/1ldn_next_dist_06gedf1._.js:776
[  174368ms] [LOG] [Fast Refresh] done in 8011ms @ http://localhost:3000/_next/static/chunks/1ldn_next_dist_06gedf1._.js:776
[  174431ms] [LOG] [Fast Refresh] done in 8011ms @ http://localhost:3000/_next/static/chunks/1ldn_next_dist_06gedf1._.js:776
[  174497ms] [LOG] [Fast Refresh] done in 8011ms @ http://localhost:3000/_next/static/chunks/1ldn_next_dist_06gedf1._.js:776
[  174560ms] [LOG] [Fast Refresh] done in 8011ms @ http://localhost:3000/_next/static/chunks/1ldn_next_dist_06gedf1._.js:776
[  174632ms] [LOG] [Fast Refresh] done in 8011ms @ http://localhost:3000/_next/static/chunks/1ldn_next_dist_06gedf1._.js:776
[  174702ms] [LOG] [Fast Refresh] done in 8011ms @ http://localhost:3000/_next/static/chunks/1ldn_next_dist_06gedf1._.js:776
[  174768ms] [LOG] [Fast Refresh] done in 8011ms @ http://localhost:3000/_next/static/chunks/1ldn_next_dist_06gedf1._.js:776
[  174835ms] [LOG] [Fast Refresh] done in 8011ms @ http://localhost:3000/_next/static/chunks/1ldn_next_dist_06gedf1._.js:776
[  174896ms] [LOG] [Fast Refresh] done in 8011ms @ http://localhost:3000/_next/static/chunks/1ldn_next_dist_06gedf1._.js:776
[  174969ms] [LOG] [Fast Refresh] done in 8011ms @ http://localhost:3000/_next/static/chunks/1ldn_next_dist_06gedf1._.js:776
[  175035ms] [LOG] [Fast Refresh] done in 8011ms @ http://localhost:3000/_next/static/chunks/1ldn_next_dist_06gedf1._.js:776
[  175100ms] [LOG] [Fast Refresh] done in 8011ms @ http://localhost:3000/_next/static/chunks/1ldn_next_dist_06gedf1._.js:776
[  175167ms] [LOG] [Fast Refresh] done in 8011ms @ http://localhost:3000/_next/static/chunks/1ldn_next_dist_06gedf1._.js:776
[  175234ms] [LOG] [Fast Refresh] done in 8011ms @ http://localhost:3000/_next/static/chunks/1ldn_next_dist_06gedf1._.js:776
[  175318ms] [LOG] [Fast Refresh] done in 8011ms @ http://localhost:3000/_next/static/chunks/1ldn_next_dist_06gedf1._.js:776
[  175384ms] [LOG] [Fast Refresh] done in 8011ms @ http://localhost:3000/_next/static/chunks/1ldn_next_dist_06gedf1._.js:776
[  175451ms] [LOG] [Fast Refresh] done in 8011ms @ http://localhost:3000/_next/static/chunks/1ldn_next_dist_06gedf1._.js:776
[  175517ms] [LOG] [Fast Refresh] done in 8011ms @ http://localhost:3000/_next/static/chunks/1ldn_next_dist_06gedf1._.js:776
[  175581ms] [LOG] [Fast Refresh] done in 8011ms @ http://localhost:3000/_next/static/chunks/1ldn_next_dist_06gedf1._.js:776
[  175650ms] [LOG] [Fast Refresh] done in 8011ms @ http://localhost:3000/_next/static/chunks/1ldn_next_dist_06gedf1._.js:776
[  175712ms] [LOG] [Fast Refresh] done in 8011ms @ http://localhost:3000/_next/static/chunks/1ldn_next_dist_06gedf1._.js:776
[  175798ms] [LOG] [Fast Refresh] done in 8011ms @ http://localhost:3000/_next/static/chunks/1ldn_next_dist_06gedf1._.js:776
[  175865ms] [LOG] [Fast Refresh] done in 8011ms @ http://localhost:3000/_next/static/chunks/1ldn_next_dist_06gedf1._.js:776
[  175932ms] [LOG] [Fast Refresh] done in 8011ms @ http://localhost:3000/_next/static/chunks/1ldn_next_dist_06gedf1._.js:776
[  175996ms] [LOG] [Fast Refresh] done in 8011ms @ http://localhost:3000/_next/static/chunks/1ldn_next_dist_06gedf1._.js:776
[  176064ms] [LOG] [Fast Refresh] done in 8011ms @ http://localhost:3000/_next/static/chunks/1ldn_next_dist_06gedf1._.js:776
[  176135ms] [LOG] [Fast Refresh] done in 8011ms @ http://localhost:3000/_next/static/chunks/1ldn_next_dist_06gedf1._.js:776
[  176200ms] [LOG] [Fast Refresh] done in 8011ms @ http://localhost:3000/_next/static/chunks/1ldn_next_dist_06gedf1._.js:776
[  176266ms] [LOG] [Fast Refresh] done in 8011ms @ http://localhost:3000/_next/static/chunks/1ldn_next_dist_06gedf1._.js:776
[  176334ms] [LOG] [Fast Refresh] done in 8011ms @ http://localhost:3000/_next/static/chunks/1ldn_next_dist_06gedf1._.js:776
[  176399ms] [LOG] [Fast Refresh] done in 8011ms @ http://localhost:3000/_next/static/chunks/1ldn_next_dist_06gedf1._.js:776
[  176465ms] [LOG] [Fast Refresh] done in 8011ms @ http://localhost:3000/_next/static/chunks/1ldn_next_dist_06gedf1._.js:776
[  176531ms] [LOG] [Fast Refresh] done in 8011ms @ http://localhost:3000/_next/static/chunks/1ldn_next_dist_06gedf1._.js:776
[  176598ms] [LOG] [Fast Refresh] done in 8011ms @ http://localhost:3000/_next/static/chunks/1ldn_next_dist_06gedf1._.js:776
[  176683ms] [LOG] [Fast Refresh] done in 8011ms @ http://localhost:3000/_next/static/chunks/1ldn_next_dist_06gedf1._.js:776
[  176749ms] [LOG] [Fast Refresh] done in 8011ms @ http://localhost:3000/_next/static/chunks/1ldn_next_dist_06gedf1._.js:776
[  176815ms] [LOG] [Fast Refresh] done in 8011ms @ http://localhost:3000/_next/static/chunks/1ldn_next_dist_06gedf1._.js:776
[  176882ms] [LOG] [Fast Refresh] done in 8011ms @ http://localhost:3000/_next/static/chunks/1ldn_next_dist_06gedf1._.js:776
[  176946ms] [LOG] [Fast Refresh] done in 8011ms @ http://localhost:3000/_next/static/chunks/1ldn_next_dist_06gedf1._.js:776
[  177019ms] [LOG] [Fast Refresh] done in 8011ms @ http://localhost:3000/_next/static/chunks/1ldn_next_dist_06gedf1._.js:776
[  177081ms] [LOG] [Fast Refresh] done in 8011ms @ http://localhost:3000/_next/static/chunks/1ldn_next_dist_06gedf1._.js:776
[  177163ms] [LOG] [Fast Refresh] done in 8011ms @ http://localhost:3000/_next/static/chunks/1ldn_next_dist_06gedf1._.js:776
[  177231ms] [LOG] [Fast Refresh] done in 8011ms @ http://localhost:3000/_next/static/chunks/1ldn_next_dist_06gedf1._.js:776
[  177309ms] [LOG] [Fast Refresh] done in 8011ms @ http://localhost:3000/_next/static/chunks/1ldn_next_dist_06gedf1._.js:776
[  177382ms] [LOG] [Fast Refresh] done in 8011ms @ http://localhost:3000/_next/static/chunks/1ldn_next_dist_06gedf1._.js:776
[  177443ms] [LOG] [Fast Refresh] done in 8011ms @ http://localhost:3000/_next/static/chunks/1ldn_next_dist_06gedf1._.js:776
[  177515ms] [LOG] [Fast Refresh] done in 8011ms @ http://localhost:3000/_next/static/chunks/1ldn_next_dist_06gedf1._.js:776
[  177583ms] [LOG] [Fast Refresh] done in 8011ms @ http://localhost:3000/_next/static/chunks/1ldn_next_dist_06gedf1._.js:776
[  177649ms] [LOG] [Fast Refresh] done in 8011ms @ http://localhost:3000/_next/static/chunks/1ldn_next_dist_06gedf1._.js:776
[  177719ms] [LOG] [Fast Refresh] done in 8011ms @ http://localhost:3000/_next/static/chunks/1ldn_next_dist_06gedf1._.js:776
[  177798ms] [LOG] [Fast Refresh] done in 8011ms @ http://localhost:3000/_next/static/chunks/1ldn_next_dist_06gedf1._.js:776
[  177865ms] [LOG] [Fast Refresh] done in 8011ms @ http://localhost:3000/_next/static/chunks/1ldn_next_dist_06gedf1._.js:776
[  177931ms] [LOG] [Fast Refresh] done in 8011ms @ http://localhost:3000/_next/static/chunks/1ldn_next_dist_06gedf1._.js:776
[  177998ms] [LOG] [Fast Refresh] done in 8011ms @ http://localhost:3000/_next/static/chunks/1ldn_next_dist_06gedf1._.js:776
[  178066ms] [LOG] [Fast Refresh] done in 8011ms @ http://localhost:3000/_next/static/chunks/1ldn_next_dist_06gedf1._.js:776
[  178129ms] [LOG] [Fast Refresh] done in 8011ms @ http://localhost:3000/_next/static/chunks/1ldn_next_dist_06gedf1._.js:776
[  178398ms] [LOG] [Fast Refresh] rebuilding @ http://localhost:3000/_next/static/chunks/1ldn_next_dist_06gedf1._.js:776
[  178941ms] [LOG] [Fast Refresh] done in 644ms @ http://localhost:3000/_next/static/chunks/1ldn_next_dist_06gedf1._.js:776
[  179452ms] [INFO] %cDownload the React DevTools for a better development experience: https://react.dev/link/react-devtools font-weight:bold @ http://localhost:3000/_next/static/chunks/1ldn_next_dist_06gedf1._.js:776
[  179589ms] [LOG] [HMR] connected @ http://localhost:3000/_next/static/chunks/1ldn_next_dist_06gedf1._.js:776
[  180601ms] [WARNING] THREE.Clock: This module has been deprecated. Please use THREE.Timer instead. @ http://localhost:3000/_next/static/chunks/1ldn_next_dist_06gedf1._.js:776
[  180714ms] [WARNING] THREE.Color: Unknown color model oklch(0.9 0.03 85) @ http://localhost:3000/_next/static/chunks/1ldn_next_dist_06gedf1._.js:776
[  180716ms] [WARNING] THREE.Color: Unknown color model oklch(0.79 0.16 76) @ http://localhost:3000/_next/static/chunks/1ldn_next_dist_06gedf1._.js:776
