[    1667ms] [INFO] %cDownload the React DevTools for a better development experience: https://react.dev/link/react-devtools font-weight:bold @ http://localhost:3000/_next/static/chunks/1ldn_next_dist_06gedf1._.js:776
[    1778ms] [LOG] [HMR] connected @ http://localhost:3000/_next/static/chunks/1ldn_next_dist_06gedf1._.js:776
[    2046ms] [LOG] [Fast Refresh] rebuilding @ http://localhost:3000/_next/static/chunks/1ldn_next_dist_06gedf1._.js:776
[    2678ms] [LOG] [Fast Refresh] done in 743ms @ http://localhost:3000/_next/static/chunks/1ldn_next_dist_06gedf1._.js:776
[    3179ms] [INFO] %cDownload the React DevTools for a better development experience: https://react.dev/link/react-devtools font-weight:bold @ http://localhost:3000/_next/static/chunks/1ldn_next_dist_06gedf1._.js:776
[    3213ms] [LOG] [HMR] connected @ http://localhost:3000/_next/static/chunks/1ldn_next_dist_06gedf1._.js:776
[    3519ms] [LOG] [Fast Refresh] rebuilding @ http://localhost:3000/_next/static/chunks/1ldn_next_dist_06gedf1._.js:776
[    3846ms] [LOG] [Fast Refresh] done in 524ms @ http://localhost:3000/_next/static/chunks/1ldn_next_dist_06gedf1._.js:776
[    4275ms] [INFO] %cDownload the React DevTools for a better development experience: https://react.dev/link/react-devtools font-weight:bold @ http://localhost:3000/_next/static/chunks/1ldn_next_dist_06gedf1._.js:776
[    4328ms] [LOG] [HMR] connected @ http://localhost:3000/_next/static/chunks/1ldn_next_dist_06gedf1._.js:776
[    5004ms] [WARNING] Allow attribute will take precedence over 'allowfullscreen'. @ http://localhost:3000/studios/empty-studio:24
[    5093ms] [INFO] %cDownload the React DevTools for a better development experience: https://react.dev/link/react-devtools font-weight:bold @ http://localhost:3000/_next/static/chunks/1ldn_next_dist_06gedf1._.js:776
[    5153ms] [LOG] [HMR] connected @ http://localhost:3000/_next/static/chunks/1ldn_next_dist_06gedf1._.js:776
[    6266ms] [LOG] [Fast Refresh] rebuilding @ http://localhost:3000/_next/static/chunks/1ldn_next_dist_06gedf1._.js:776
[    6986ms] [LOG] [Fast Refresh] done in 1400ms @ http://localhost:3000/_next/static/chunks/1ldn_next_dist_06gedf1._.js:776
[    7335ms] [WARNING] Allow attribute will take precedence over 'allowfullscreen'. @ http://localhost:3000/studios/green-screen-studio:24
[    7962ms] [INFO] %cDownload the React DevTools for a better development experience: https://react.dev/link/react-devtools font-weight:bold @ http://localhost:3000/_next/static/chunks/1ldn_next_dist_06gedf1._.js:776
[    8045ms] [LOG] [HMR] connected @ http://localhost:3000/_next/static/chunks/1ldn_next_dist_06gedf1._.js:776
[    8631ms] [WARNING] Allow attribute will take precedence over 'allowfullscreen'. @ http://localhost:3000/studios/the-house-setup:24
[    8759ms] [INFO] %cDownload the React DevTools for a better development experience: https://react.dev/link/react-devtools font-weight:bold @ http://localhost:3000/_next/static/chunks/1ldn_next_dist_06gedf1._.js:776
[    9042ms] [LOG] [HMR] connected @ http://localhost:3000/_next/static/chunks/1ldn_next_dist_06gedf1._.js:776
[    9384ms] [WARNING] Allow attribute will take precedence over 'allowfullscreen'. @ http://localhost:3000/studios/white-cyclorama:24
[    9459ms] [INFO] %cDownload the React DevTools for a better development experience: https://react.dev/link/react-devtools font-weight:bold @ http://localhost:3000/_next/static/chunks/1ldn_next_dist_06gedf1._.js:776
[    9513ms] [LOG] [HMR] connected @ http://localhost:3000/_next/static/chunks/1ldn_next_dist_06gedf1._.js:776
[   10236ms] [WARNING] Allow attribute will take precedence over 'allowfullscreen'. @ http://localhost:3000/studios/podcast-setup:24
[   10337ms] [INFO] %cDownload the React DevTools for a better development experience: https://react.dev/link/react-devtools font-weight:bold @ http://localhost:3000/_next/static/chunks/1ldn_next_dist_06gedf1._.js:776
[   10435ms] [LOG] [HMR] connected @ http://localhost:3000/_next/static/chunks/1ldn_next_dist_06gedf1._.js:776
[   10953ms] [ERROR] Encountered two children with the same key, `%s`. Keys should be unique so that components maintain their identity across updates. Non-unique keys may cause children to be duplicated and/or omitted — the behavior is unsupported and could change in a future version. Sound equipment @ http://localhost:3000/_next/static/chunks/1ldn_next_dist_06gedf1._.js:1052
[   11569ms] [WARNING] Allow attribute will take precedence over 'allowfullscreen'. @ http://localhost:3000/studios/garden-area:24
[   11735ms] [INFO] %cDownload the React DevTools for a better development experience: https://react.dev/link/react-devtools font-weight:bold @ http://localhost:3000/_next/static/chunks/1ldn_next_dist_06gedf1._.js:776
[   11935ms] [LOG] [HMR] connected @ http://localhost:3000/_next/static/chunks/1ldn_next_dist_06gedf1._.js:776
[   12358ms] [WARNING] Allow attribute will take precedence over 'allowfullscreen'. @ http://localhost:3000/studios/lawn-area:24
[   12432ms] [INFO] %cDownload the React DevTools for a better development experience: https://react.dev/link/react-devtools font-weight:bold @ http://localhost:3000/_next/static/chunks/1ldn_next_dist_06gedf1._.js:776
[   12484ms] [LOG] [HMR] connected @ http://localhost:3000/_next/static/chunks/1ldn_next_dist_06gedf1._.js:776
[   12665ms] [LOG] [Fast Refresh] rebuilding @ http://localhost:3000/_next/static/chunks/1ldn_next_dist_06gedf1._.js:776
[   13257ms] [INFO] %cDownload the React DevTools for a better development experience: https://react.dev/link/react-devtools font-weight:bold @ http://localhost:3000/_next/static/chunks/1ldn_next_dist_06gedf1._.js:776
[   13346ms] [LOG] [HMR] connected @ http://localhost:3000/_next/static/chunks/1ldn_next_dist_06gedf1._.js:776
[   13581ms] [LOG] [Fast Refresh] rebuilding @ http://localhost:3000/_next/static/chunks/1ldn_next_dist_06gedf1._.js:776
[   13867ms] [WARNING] Image with src "/media/custom/studios/empty-studio/01.jpg" was detected as the Largest Contentful Paint (LCP). Please add the `loading="eager"` property if this image is above the fold.
Read more: https://nextjs.org/docs/app/api-reference/components/image#loading @ http://localhost:3000/_next/static/chunks/1ldn_next_dist_06gedf1._.js:776
[   13901ms] [LOG] [Fast Refresh] done in 429ms @ http://localhost:3000/_next/static/chunks/1ldn_next_dist_06gedf1._.js:776
[   14110ms] [INFO] %cDownload the React DevTools for a better development experience: https://react.dev/link/react-devtools font-weight:bold @ http://localhost:3000/_next/static/chunks/1ldn_next_dist_06gedf1._.js:776
[   14168ms] [LOG] [HMR] connected @ http://localhost:3000/_next/static/chunks/1ldn_next_dist_06gedf1._.js:776
[   14857ms] [INFO] %cDownload the React DevTools for a better development experience: https://react.dev/link/react-devtools font-weight:bold @ http://localhost:3000/_next/static/chunks/1ldn_next_dist_06gedf1._.js:776
[   14961ms] [LOG] [HMR] connected @ http://localhost:3000/_next/static/chunks/1ldn_next_dist_06gedf1._.js:776
[   15488ms] [INFO] %cDownload the React DevTools for a better development experience: https://react.dev/link/react-devtools font-weight:bold @ http://localhost:3000/_next/static/chunks/1ldn_next_dist_06gedf1._.js:776
[   15533ms] [LOG] [HMR] connected @ http://localhost:3000/_next/static/chunks/1ldn_next_dist_06gedf1._.js:776
[   16211ms] [WARNING] Allow attribute will take precedence over 'allowfullscreen'. @ http://localhost:3000/recce:24
[   16253ms] [INFO] %cDownload the React DevTools for a better development experience: https://react.dev/link/react-devtools font-weight:bold @ http://localhost:3000/_next/static/chunks/1ldn_next_dist_06gedf1._.js:776
[   16331ms] [LOG] [HMR] connected @ http://localhost:3000/_next/static/chunks/1ldn_next_dist_06gedf1._.js:776
[   16581ms] [LOG] [Fast Refresh] rebuilding @ http://localhost:3000/_next/static/chunks/1ldn_next_dist_06gedf1._.js:776
[   16753ms] [LOG] [Fast Refresh] done in 283ms @ http://localhost:3000/_next/static/chunks/1ldn_next_dist_06gedf1._.js:776
[   17076ms] [INFO] %cDownload the React DevTools for a better development experience: https://react.dev/link/react-devtools font-weight:bold @ http://localhost:3000/_next/static/chunks/1ldn_next_dist_06gedf1._.js:776
[   17164ms] [LOG] [HMR] connected @ http://localhost:3000/_next/static/chunks/1ldn_next_dist_06gedf1._.js:776
[   17518ms] [INFO] %cDownload the React DevTools for a better development experience: https://react.dev/link/react-devtools font-weight:bold @ http://localhost:3000/_next/static/chunks/1ldn_next_dist_06gedf1._.js:776
[   17609ms] [LOG] [HMR] connected @ http://localhost:3000/_next/static/chunks/1ldn_next_dist_06gedf1._.js:776
[   18421ms] [INFO] %cDownload the React DevTools for a better development experience: https://react.dev/link/react-devtools font-weight:bold @ http://localhost:3000/_next/static/chunks/1ldn_next_dist_06gedf1._.js:776
[   18522ms] [LOG] [HMR] connected @ http://localhost:3000/_next/static/chunks/1ldn_next_dist_06gedf1._.js:776
[   19234ms] [INFO] %cDownload the React DevTools for a better development experience: https://react.dev/link/react-devtools font-weight:bold @ http://localhost:3000/_next/static/chunks/1ldn_next_dist_06gedf1._.js:776
[   19300ms] [LOG] [HMR] connected @ http://localhost:3000/_next/static/chunks/1ldn_next_dist_06gedf1._.js:776
[   19939ms] [INFO] %cDownload the React DevTools for a better development experience: https://react.dev/link/react-devtools font-weight:bold @ http://localhost:3000/_next/static/chunks/1ldn_next_dist_06gedf1._.js:776
[   20142ms] [LOG] [HMR] connected @ http://localhost:3000/_next/static/chunks/1ldn_next_dist_06gedf1._.js:776
[   20382ms] [WARNING] Allow attribute will take precedence over 'allowfullscreen'. @ http://localhost:3000/studios/empty-studio:24
[   20499ms] [INFO] %cDownload the React DevTools for a better development experience: https://react.dev/link/react-devtools font-weight:bold @ http://localhost:3000/_next/static/chunks/1ldn_next_dist_06gedf1._.js:776
[   20544ms] [LOG] [HMR] connected @ http://localhost:3000/_next/static/chunks/1ldn_next_dist_06gedf1._.js:776
[   20955ms] [WARNING] Allow attribute will take precedence over 'allowfullscreen'. @ http://localhost:3000/studios/green-screen-studio:24
[   20994ms] [INFO] %cDownload the React DevTools for a better development experience: https://react.dev/link/react-devtools font-weight:bold @ http://localhost:3000/_next/static/chunks/1ldn_next_dist_06gedf1._.js:776
[   21054ms] [LOG] [HMR] connected @ http://localhost:3000/_next/static/chunks/1ldn_next_dist_06gedf1._.js:776
[   21727ms] [WARNING] Allow attribute will take precedence over 'allowfullscreen'. @ http://localhost:3000/studios/the-house-setup:24
[   21760ms] [INFO] %cDownload the React DevTools for a better development experience: https://react.dev/link/react-devtools font-weight:bold @ http://localhost:3000/_next/static/chunks/1ldn_next_dist_06gedf1._.js:776
[   21820ms] [LOG] [HMR] connected @ http://localhost:3000/_next/static/chunks/1ldn_next_dist_06gedf1._.js:776
[   22466ms] [WARNING] Allow attribute will take precedence over 'allowfullscreen'. @ http://localhost:3000/studios/white-cyclorama:24
[   22498ms] [INFO] %cDownload the React DevTools for a better development experience: https://react.dev/link/react-devtools font-weight:bold @ http://localhost:3000/_next/static/chunks/1ldn_next_dist_06gedf1._.js:776
[   22563ms] [LOG] [HMR] connected @ http://localhost:3000/_next/static/chunks/1ldn_next_dist_06gedf1._.js:776
[   23115ms] [WARNING] Image with src "/media/custom/studios/white-cyclorama/01.jpg" was detected as the Largest Contentful Paint (LCP). Please add the `loading="eager"` property if this image is above the fold.
Read more: https://nextjs.org/docs/app/api-reference/components/image#loading @ http://localhost:3000/_next/static/chunks/1ldn_next_dist_06gedf1._.js:776
[   23396ms] [WARNING] Allow attribute will take precedence over 'allowfullscreen'. @ http://localhost:3000/studios/podcast-setup:24
[   23468ms] [INFO] %cDownload the React DevTools for a better development experience: https://react.dev/link/react-devtools font-weight:bold @ http://localhost:3000/_next/static/chunks/1ldn_next_dist_06gedf1._.js:776
[   23531ms] [LOG] [HMR] connected @ http://localhost:3000/_next/static/chunks/1ldn_next_dist_06gedf1._.js:776
[   23888ms] [ERROR] Encountered two children with the same key, `%s`. Keys should be unique so that components maintain their identity across updates. Non-unique keys may cause children to be duplicated and/or omitted — the behavior is unsupported and could change in a future version. Sound equipment @ http://localhost:3000/_next/static/chunks/1ldn_next_dist_06gedf1._.js:1052
[   24492ms] [WARNING] Allow attribute will take precedence over 'allowfullscreen'. @ http://localhost:3000/studios/garden-area:24
[   24895ms] [INFO] %cDownload the React DevTools for a better development experience: https://react.dev/link/react-devtools font-weight:bold @ http://localhost:3000/_next/static/chunks/1ldn_next_dist_06gedf1._.js:776
[   25481ms] [LOG] [HMR] connected @ http://localhost:3000/_next/static/chunks/1ldn_next_dist_06gedf1._.js:776
[   25743ms] [WARNING] Allow attribute will take precedence over 'allowfullscreen'. @ http://localhost:3000/studios/lawn-area:24
[   25910ms] [INFO] %cDownload the React DevTools for a better development experience: https://react.dev/link/react-devtools font-weight:bold @ http://localhost:3000/_next/static/chunks/1ldn_next_dist_06gedf1._.js:776
[   25992ms] [LOG] [HMR] connected @ http://localhost:3000/_next/static/chunks/1ldn_next_dist_06gedf1._.js:776
[   26588ms] [INFO] %cDownload the React DevTools for a better development experience: https://react.dev/link/react-devtools font-weight:bold @ http://localhost:3000/_next/static/chunks/1ldn_next_dist_06gedf1._.js:776
[   26642ms] [LOG] [HMR] connected @ http://localhost:3000/_next/static/chunks/1ldn_next_dist_06gedf1._.js:776
[   27295ms] [INFO] %cDownload the React DevTools for a better development experience: https://react.dev/link/react-devtools font-weight:bold @ http://localhost:3000/_next/static/chunks/1ldn_next_dist_06gedf1._.js:776
[   27639ms] [LOG] [HMR] connected @ http://localhost:3000/_next/static/chunks/1ldn_next_dist_06gedf1._.js:776
[   27889ms] [INFO] %cDownload the React DevTools for a better development experience: https://react.dev/link/react-devtools font-weight:bold @ http://localhost:3000/_next/static/chunks/1ldn_next_dist_06gedf1._.js:776
[   28193ms] [LOG] [HMR] connected @ http://localhost:3000/_next/static/chunks/1ldn_next_dist_06gedf1._.js:776
[   28413ms] [INFO] %cDownload the React DevTools for a better development experience: https://react.dev/link/react-devtools font-weight:bold @ http://localhost:3000/_next/static/chunks/1ldn_next_dist_06gedf1._.js:776
[   28456ms] [LOG] [HMR] connected @ http://localhost:3000/_next/static/chunks/1ldn_next_dist_06gedf1._.js:776
[   28975ms] [WARNING] Allow attribute will take precedence over 'allowfullscreen'. @ http://localhost:3000/recce:24
[   29029ms] [INFO] %cDownload the React DevTools for a better development experience: https://react.dev/link/react-devtools font-weight:bold @ http://localhost:3000/_next/static/chunks/1ldn_next_dist_06gedf1._.js:776
[   29076ms] [LOG] [HMR] connected @ http://localhost:3000/_next/static/chunks/1ldn_next_dist_06gedf1._.js:776
[   29523ms] [INFO] %cDownload the React DevTools for a better development experience: https://react.dev/link/react-devtools font-weight:bold @ http://localhost:3000/_next/static/chunks/1ldn_next_dist_06gedf1._.js:776
[   29596ms] [LOG] [HMR] connected @ http://localhost:3000/_next/static/chunks/1ldn_next_dist_06gedf1._.js:776
[   29949ms] [INFO] %cDownload the React DevTools for a better development experience: https://react.dev/link/react-devtools font-weight:bold @ http://localhost:3000/_next/static/chunks/1ldn_next_dist_06gedf1._.js:776
[   30009ms] [LOG] [HMR] connected @ http://localhost:3000/_next/static/chunks/1ldn_next_dist_06gedf1._.js:776
[   30344ms] [INFO] %cDownload the React DevTools for a better development experience: https://react.dev/link/react-devtools font-weight:bold @ http://localhost:3000/_next/static/chunks/1ldn_next_dist_06gedf1._.js:776
[   30408ms] [LOG] [HMR] connected @ http://localhost:3000/_next/static/chunks/1ldn_next_dist_06gedf1._.js:776
[   30980ms] [INFO] %cDownload the React DevTools for a better development experience: https://react.dev/link/react-devtools font-weight:bold @ http://localhost:3000/_next/static/chunks/1ldn_next_dist_06gedf1._.js:776
[   31036ms] [LOG] [HMR] connected @ http://localhost:3000/_next/static/chunks/1ldn_next_dist_06gedf1._.js:776
[   40592ms] [INFO] %cDownload the React DevTools for a better development experience: https://react.dev/link/react-devtools font-weight:bold @ http://localhost:3000/_next/static/chunks/1ldn_next_dist_06gedf1._.js:776
[   40660ms] [LOG] [HMR] connected @ http://localhost:3000/_next/static/chunks/1ldn_next_dist_06gedf1._.js:776
[   77015ms] [LOG] [Fast Refresh] rebuilding @ http://localhost:3000/_next/static/chunks/1ldn_next_dist_06gedf1._.js:776
[   77099ms] [LOG] [Fast Refresh] done in 185ms @ http://localhost:3000/_next/static/chunks/1ldn_next_dist_06gedf1._.js:776
[   81819ms] [INFO] %cDownload the React DevTools for a better development experience: https://react.dev/link/react-devtools font-weight:bold @ http://localhost:3000/_next/static/chunks/1ldn_next_dist_06gedf1._.js:776
[   82055ms] [LOG] [HMR] connected @ http://localhost:3000/_next/static/chunks/1ldn_next_dist_06gedf1._.js:776
[   82661ms] [LOG] [Fast Refresh] rebuilding @ http://localhost:3000/_next/static/chunks/1ldn_next_dist_06gedf1._.js:776
[   82918ms] [LOG] [Fast Refresh] done in 368ms @ http://localhost:3000/_next/static/chunks/1ldn_next_dist_06gedf1._.js:776
[   83520ms] [INFO] %cDownload the React DevTools for a better development experience: https://react.dev/link/react-devtools font-weight:bold @ http://localhost:3000/_next/static/chunks/1ldn_next_dist_06gedf1._.js:776
[   83569ms] [LOG] [HMR] connected @ http://localhost:3000/_next/static/chunks/1ldn_next_dist_06gedf1._.js:776
[  101425ms] [LOG] [Fast Refresh] rebuilding @ http://localhost:3000/_next/static/chunks/1ldn_next_dist_06gedf1._.js:776
[  102232ms] [LOG] [Fast Refresh] done in 813ms @ http://localhost:3000/_next/static/chunks/1ldn_next_dist_06gedf1._.js:776
[  102309ms] [LOG] [Fast Refresh] done in 813ms @ http://localhost:3000/_next/static/chunks/1ldn_next_dist_06gedf1._.js:776
[  204648ms] [INFO] %cDownload the React DevTools for a better development experience: https://react.dev/link/react-devtools font-weight:bold @ http://localhost:3000/_next/static/chunks/1ldn_next_dist_06gedf1._.js:776
[  204724ms] [LOG] [HMR] connected @ http://localhost:3000/_next/static/chunks/1ldn_next_dist_06gedf1._.js:776
[  210019ms] [LOG] [Fast Refresh] rebuilding @ http://localhost:3000/_next/static/chunks/1ldn_next_dist_06gedf1._.js:776
[  210277ms] [LOG] [Fast Refresh] done in 361ms @ http://localhost:3000/_next/static/chunks/1ldn_next_dist_06gedf1._.js:776
[  237456ms] [INFO] %cDownload the React DevTools for a better development experience: https://react.dev/link/react-devtools font-weight:bold @ http://localhost:3000/_next/static/chunks/1ldn_next_dist_06gedf1._.js:776
[  237527ms] [LOG] [HMR] connected @ http://localhost:3000/_next/static/chunks/1ldn_next_dist_06gedf1._.js:776
[  237764ms] [LOG] [Fast Refresh] rebuilding @ http://localhost:3000/_next/static/chunks/1ldn_next_dist_06gedf1._.js:776
[  238061ms] [LOG] [Fast Refresh] done in 406ms @ http://localhost:3000/_next/static/chunks/1ldn_next_dist_06gedf1._.js:776
[  254705ms] [LOG] [Fast Refresh] rebuilding @ http://localhost:3000/_next/static/chunks/1ldn_next_dist_06gedf1._.js:776
[  256786ms] [LOG] [Fast Refresh] done in 1997ms @ http://localhost:3000/_next/static/chunks/1ldn_next_dist_06gedf1._.js:776
[  257000ms] [LOG] [Fast Refresh] done in 1997ms @ http://localhost:3000/_next/static/chunks/1ldn_next_dist_06gedf1._.js:776
[  257087ms] [LOG] [Fast Refresh] done in 1997ms @ http://localhost:3000/_next/static/chunks/1ldn_next_dist_06gedf1._.js:776
[  257161ms] [LOG] [Fast Refresh] done in 1997ms @ http://localhost:3000/_next/static/chunks/1ldn_next_dist_06gedf1._.js:776
[  257267ms] [LOG] [Fast Refresh] done in 1997ms @ http://localhost:3000/_next/static/chunks/1ldn_next_dist_06gedf1._.js:776
[  257365ms] [LOG] [Fast Refresh] done in 1997ms @ http://localhost:3000/_next/static/chunks/1ldn_next_dist_06gedf1._.js:776
[  257418ms] [LOG] [Fast Refresh] done in 1997ms @ http://localhost:3000/_next/static/chunks/1ldn_next_dist_06gedf1._.js:776
[  257495ms] [LOG] [Fast Refresh] done in 1997ms @ http://localhost:3000/_next/static/chunks/1ldn_next_dist_06gedf1._.js:776
[  257561ms] [LOG] [Fast Refresh] done in 1997ms @ http://localhost:3000/_next/static/chunks/1ldn_next_dist_06gedf1._.js:776
[  257623ms] [LOG] [Fast Refresh] done in 1997ms @ http://localhost:3000/_next/static/chunks/1ldn_next_dist_06gedf1._.js:776
[  257702ms] [LOG] [Fast Refresh] done in 1997ms @ http://localhost:3000/_next/static/chunks/1ldn_next_dist_06gedf1._.js:776
[  257762ms] [LOG] [Fast Refresh] done in 1997ms @ http://localhost:3000/_next/static/chunks/1ldn_next_dist_06gedf1._.js:776
[  257827ms] [LOG] [Fast Refresh] done in 1997ms @ http://localhost:3000/_next/static/chunks/1ldn_next_dist_06gedf1._.js:776
[  257905ms] [LOG] [Fast Refresh] done in 1997ms @ http://localhost:3000/_next/static/chunks/1ldn_next_dist_06gedf1._.js:776
[  257978ms] [LOG] [Fast Refresh] done in 1997ms @ http://localhost:3000/_next/static/chunks/1ldn_next_dist_06gedf1._.js:776
[  258041ms] [LOG] [Fast Refresh] done in 1997ms @ http://localhost:3000/_next/static/chunks/1ldn_next_dist_06gedf1._.js:776
[  258104ms] [LOG] [Fast Refresh] done in 1997ms @ http://localhost:3000/_next/static/chunks/1ldn_next_dist_06gedf1._.js:776
[  258167ms] [LOG] [Fast Refresh] done in 1997ms @ http://localhost:3000/_next/static/chunks/1ldn_next_dist_06gedf1._.js:776
[  258228ms] [LOG] [Fast Refresh] done in 1997ms @ http://localhost:3000/_next/static/chunks/1ldn_next_dist_06gedf1._.js:776
[  258291ms] [LOG] [Fast Refresh] done in 1997ms @ http://localhost:3000/_next/static/chunks/1ldn_next_dist_06gedf1._.js:776
[  258354ms] [LOG] [Fast Refresh] done in 1997ms @ http://localhost:3000/_next/static/chunks/1ldn_next_dist_06gedf1._.js:776
[  258415ms] [LOG] [Fast Refresh] done in 1997ms @ http://localhost:3000/_next/static/chunks/1ldn_next_dist_06gedf1._.js:776
[  258478ms] [LOG] [Fast Refresh] done in 1997ms @ http://localhost:3000/_next/static/chunks/1ldn_next_dist_06gedf1._.js:776
[  258539ms] [LOG] [Fast Refresh] done in 1997ms @ http://localhost:3000/_next/static/chunks/1ldn_next_dist_06gedf1._.js:776
[  258601ms] [LOG] [Fast Refresh] done in 1997ms @ http://localhost:3000/_next/static/chunks/1ldn_next_dist_06gedf1._.js:776
[  258665ms] [LOG] [Fast Refresh] done in 1997ms @ http://localhost:3000/_next/static/chunks/1ldn_next_dist_06gedf1._.js:776
[  258727ms] [LOG] [Fast Refresh] done in 1997ms @ http://localhost:3000/_next/static/chunks/1ldn_next_dist_06gedf1._.js:776
[  258790ms] [LOG] [Fast Refresh] done in 1997ms @ http://localhost:3000/_next/static/chunks/1ldn_next_dist_06gedf1._.js:776
[  258851ms] [LOG] [Fast Refresh] done in 1997ms @ http://localhost:3000/_next/static/chunks/1ldn_next_dist_06gedf1._.js:776
[  258913ms] [LOG] [Fast Refresh] done in 1997ms @ http://localhost:3000/_next/static/chunks/1ldn_next_dist_06gedf1._.js:776
[  258975ms] [LOG] [Fast Refresh] done in 1997ms @ http://localhost:3000/_next/static/chunks/1ldn_next_dist_06gedf1._.js:776
[  259037ms] [LOG] [Fast Refresh] done in 1997ms @ http://localhost:3000/_next/static/chunks/1ldn_next_dist_06gedf1._.js:776
[  259101ms] [LOG] [Fast Refresh] done in 1997ms @ http://localhost:3000/_next/static/chunks/1ldn_next_dist_06gedf1._.js:776
[  259163ms] [LOG] [Fast Refresh] done in 1997ms @ http://localhost:3000/_next/static/chunks/1ldn_next_dist_06gedf1._.js:776
[  259226ms] [LOG] [Fast Refresh] done in 1997ms @ http://localhost:3000/_next/static/chunks/1ldn_next_dist_06gedf1._.js:776
[  259288ms] [LOG] [Fast Refresh] done in 1997ms @ http://localhost:3000/_next/static/chunks/1ldn_next_dist_06gedf1._.js:776
[  259350ms] [LOG] [Fast Refresh] done in 1997ms @ http://localhost:3000/_next/static/chunks/1ldn_next_dist_06gedf1._.js:776
[  259412ms] [LOG] [Fast Refresh] done in 1997ms @ http://localhost:3000/_next/static/chunks/1ldn_next_dist_06gedf1._.js:776
[  259475ms] [LOG] [Fast Refresh] done in 1997ms @ http://localhost:3000/_next/static/chunks/1ldn_next_dist_06gedf1._.js:776
[  259572ms] [LOG] [Fast Refresh] done in 1997ms @ http://localhost:3000/_next/static/chunks/1ldn_next_dist_06gedf1._.js:776
[  259647ms] [LOG] [Fast Refresh] done in 1997ms @ http://localhost:3000/_next/static/chunks/1ldn_next_dist_06gedf1._.js:776
[  259708ms] [LOG] [Fast Refresh] done in 1997ms @ http://localhost:3000/_next/static/chunks/1ldn_next_dist_06gedf1._.js:776
[  259787ms] [LOG] [Fast Refresh] done in 1997ms @ http://localhost:3000/_next/static/chunks/1ldn_next_dist_06gedf1._.js:776
[  259849ms] [LOG] [Fast Refresh] done in 1997ms @ http://localhost:3000/_next/static/chunks/1ldn_next_dist_06gedf1._.js:776
[  259912ms] [LOG] [Fast Refresh] done in 1997ms @ http://localhost:3000/_next/static/chunks/1ldn_next_dist_06gedf1._.js:776
[  259974ms] [LOG] [Fast Refresh] done in 1997ms @ http://localhost:3000/_next/static/chunks/1ldn_next_dist_06gedf1._.js:776
[  260036ms] [LOG] [Fast Refresh] done in 1997ms @ http://localhost:3000/_next/static/chunks/1ldn_next_dist_06gedf1._.js:776
[  260099ms] [LOG] [Fast Refresh] done in 1997ms @ http://localhost:3000/_next/static/chunks/1ldn_next_dist_06gedf1._.js:776
[  260160ms] [LOG] [Fast Refresh] done in 1997ms @ http://localhost:3000/_next/static/chunks/1ldn_next_dist_06gedf1._.js:776
[  260223ms] [LOG] [Fast Refresh] done in 1997ms @ http://localhost:3000/_next/static/chunks/1ldn_next_dist_06gedf1._.js:776
[  260286ms] [LOG] [Fast Refresh] done in 1997ms @ http://localhost:3000/_next/static/chunks/1ldn_next_dist_06gedf1._.js:776
[  260348ms] [LOG] [Fast Refresh] done in 1997ms @ http://localhost:3000/_next/static/chunks/1ldn_next_dist_06gedf1._.js:776
[  260411ms] [LOG] [Fast Refresh] done in 1997ms @ http://localhost:3000/_next/static/chunks/1ldn_next_dist_06gedf1._.js:776
[  260474ms] [LOG] [Fast Refresh] done in 1997ms @ http://localhost:3000/_next/static/chunks/1ldn_next_dist_06gedf1._.js:776
[  260535ms] [LOG] [Fast Refresh] done in 1997ms @ http://localhost:3000/_next/static/chunks/1ldn_next_dist_06gedf1._.js:776
[  260596ms] [LOG] [Fast Refresh] done in 1997ms @ http://localhost:3000/_next/static/chunks/1ldn_next_dist_06gedf1._.js:776
[  260660ms] [LOG] [Fast Refresh] done in 1997ms @ http://localhost:3000/_next/static/chunks/1ldn_next_dist_06gedf1._.js:776
[  260722ms] [LOG] [Fast Refresh] done in 1997ms @ http://localhost:3000/_next/static/chunks/1ldn_next_dist_06gedf1._.js:776
[  260786ms] [LOG] [Fast Refresh] done in 1997ms @ http://localhost:3000/_next/static/chunks/1ldn_next_dist_06gedf1._.js:776
[  260847ms] [LOG] [Fast Refresh] done in 1997ms @ http://localhost:3000/_next/static/chunks/1ldn_next_dist_06gedf1._.js:776
[  260909ms] [LOG] [Fast Refresh] done in 1997ms @ http://localhost:3000/_next/static/chunks/1ldn_next_dist_06gedf1._.js:776
[  260971ms] [LOG] [Fast Refresh] done in 1997ms @ http://localhost:3000/_next/static/chunks/1ldn_next_dist_06gedf1._.js:776
[  261035ms] [LOG] [Fast Refresh] done in 1997ms @ http://localhost:3000/_next/static/chunks/1ldn_next_dist_06gedf1._.js:776
[  261099ms] [LOG] [Fast Refresh] done in 1997ms @ http://localhost:3000/_next/static/chunks/1ldn_next_dist_06gedf1._.js:776
[  261159ms] [LOG] [Fast Refresh] done in 1997ms @ http://localhost:3000/_next/static/chunks/1ldn_next_dist_06gedf1._.js:776
[  261220ms] [LOG] [Fast Refresh] done in 1997ms @ http://localhost:3000/_next/static/chunks/1ldn_next_dist_06gedf1._.js:776
[  261282ms] [LOG] [Fast Refresh] done in 1997ms @ http://localhost:3000/_next/static/chunks/1ldn_next_dist_06gedf1._.js:776
[  261344ms] [LOG] [Fast Refresh] done in 1997ms @ http://localhost:3000/_next/static/chunks/1ldn_next_dist_06gedf1._.js:776
[  261406ms] [LOG] [Fast Refresh] done in 1997ms @ http://localhost:3000/_next/static/chunks/1ldn_next_dist_06gedf1._.js:776
[  261469ms] [LOG] [Fast Refresh] done in 1997ms @ http://localhost:3000/_next/static/chunks/1ldn_next_dist_06gedf1._.js:776
[  261538ms] [LOG] [Fast Refresh] done in 1997ms @ http://localhost:3000/_next/static/chunks/1ldn_next_dist_06gedf1._.js:776
[  261600ms] [LOG] [Fast Refresh] done in 1997ms @ http://localhost:3000/_next/static/chunks/1ldn_next_dist_06gedf1._.js:776
[  261662ms] [LOG] [Fast Refresh] done in 1997ms @ http://localhost:3000/_next/static/chunks/1ldn_next_dist_06gedf1._.js:776
[  261725ms] [LOG] [Fast Refresh] done in 1997ms @ http://localhost:3000/_next/static/chunks/1ldn_next_dist_06gedf1._.js:776
[  261804ms] [LOG] [Fast Refresh] done in 1997ms @ http://localhost:3000/_next/static/chunks/1ldn_next_dist_06gedf1._.js:776
[  261880ms] [LOG] [Fast Refresh] done in 1997ms @ http://localhost:3000/_next/static/chunks/1ldn_next_dist_06gedf1._.js:776
[  261958ms] [LOG] [Fast Refresh] done in 1997ms @ http://localhost:3000/_next/static/chunks/1ldn_next_dist_06gedf1._.js:776
[  262037ms] [LOG] [Fast Refresh] done in 1997ms @ http://localhost:3000/_next/static/chunks/1ldn_next_dist_06gedf1._.js:776
[  262100ms] [LOG] [Fast Refresh] done in 1997ms @ http://localhost:3000/_next/static/chunks/1ldn_next_dist_06gedf1._.js:776
[  262178ms] [LOG] [Fast Refresh] done in 1997ms @ http://localhost:3000/_next/static/chunks/1ldn_next_dist_06gedf1._.js:776
[  262256ms] [LOG] [Fast Refresh] done in 1997ms @ http://localhost:3000/_next/static/chunks/1ldn_next_dist_06gedf1._.js:776
[  262333ms] [LOG] [Fast Refresh] done in 1997ms @ http://localhost:3000/_next/static/chunks/1ldn_next_dist_06gedf1._.js:776
[  262396ms] [LOG] [Fast Refresh] done in 1997ms @ http://localhost:3000/_next/static/chunks/1ldn_next_dist_06gedf1._.js:776
[  262459ms] [LOG] [Fast Refresh] done in 1997ms @ http://localhost:3000/_next/static/chunks/1ldn_next_dist_06gedf1._.js:776
[  262522ms] [LOG] [Fast Refresh] done in 1997ms @ http://localhost:3000/_next/static/chunks/1ldn_next_dist_06gedf1._.js:776
[  262585ms] [LOG] [Fast Refresh] done in 1997ms @ http://localhost:3000/_next/static/chunks/1ldn_next_dist_06gedf1._.js:776
[  262649ms] [LOG] [Fast Refresh] done in 1997ms @ http://localhost:3000/_next/static/chunks/1ldn_next_dist_06gedf1._.js:776
[  262743ms] [LOG] [Fast Refresh] done in 1997ms @ http://localhost:3000/_next/static/chunks/1ldn_next_dist_06gedf1._.js:776
[  262806ms] [LOG] [Fast Refresh] done in 1997ms @ http://localhost:3000/_next/static/chunks/1ldn_next_dist_06gedf1._.js:776
[  262880ms] [LOG] [Fast Refresh] done in 1997ms @ http://localhost:3000/_next/static/chunks/1ldn_next_dist_06gedf1._.js:776
[  262943ms] [LOG] [Fast Refresh] done in 1997ms @ http://localhost:3000/_next/static/chunks/1ldn_next_dist_06gedf1._.js:776
[  263036ms] [LOG] [Fast Refresh] done in 1997ms @ http://localhost:3000/_next/static/chunks/1ldn_next_dist_06gedf1._.js:776
[  263119ms] [LOG] [Fast Refresh] done in 1997ms @ http://localhost:3000/_next/static/chunks/1ldn_next_dist_06gedf1._.js:776
[  263193ms] [LOG] [Fast Refresh] done in 1997ms @ http://localhost:3000/_next/static/chunks/1ldn_next_dist_06gedf1._.js:776
[  263255ms] [LOG] [Fast Refresh] done in 1997ms @ http://localhost:3000/_next/static/chunks/1ldn_next_dist_06gedf1._.js:776
[  263332ms] [LOG] [Fast Refresh] done in 1997ms @ http://localhost:3000/_next/static/chunks/1ldn_next_dist_06gedf1._.js:776
[  263396ms] [LOG] [Fast Refresh] done in 1997ms @ http://localhost:3000/_next/static/chunks/1ldn_next_dist_06gedf1._.js:776
[  263474ms] [LOG] [Fast Refresh] done in 1997ms @ http://localhost:3000/_next/static/chunks/1ldn_next_dist_06gedf1._.js:776
[  263536ms] [LOG] [Fast Refresh] done in 1997ms @ http://localhost:3000/_next/static/chunks/1ldn_next_dist_06gedf1._.js:776
[  263614ms] [LOG] [Fast Refresh] done in 1997ms @ http://localhost:3000/_next/static/chunks/1ldn_next_dist_06gedf1._.js:776
[  263677ms] [LOG] [Fast Refresh] done in 1997ms @ http://localhost:3000/_next/static/chunks/1ldn_next_dist_06gedf1._.js:776
[  263739ms] [LOG] [Fast Refresh] done in 1997ms @ http://localhost:3000/_next/static/chunks/1ldn_next_dist_06gedf1._.js:776
[  263801ms] [LOG] [Fast Refresh] done in 1997ms @ http://localhost:3000/_next/static/chunks/1ldn_next_dist_06gedf1._.js:776
[  263863ms] [LOG] [Fast Refresh] done in 1997ms @ http://localhost:3000/_next/static/chunks/1ldn_next_dist_06gedf1._.js:776
[  263924ms] [LOG] [Fast Refresh] done in 1997ms @ http://localhost:3000/_next/static/chunks/1ldn_next_dist_06gedf1._.js:776
[  263988ms] [LOG] [Fast Refresh] done in 1997ms @ http://localhost:3000/_next/static/chunks/1ldn_next_dist_06gedf1._.js:776
[  264049ms] [LOG] [Fast Refresh] done in 1997ms @ http://localhost:3000/_next/static/chunks/1ldn_next_dist_06gedf1._.js:776
[  264111ms] [LOG] [Fast Refresh] done in 1997ms @ http://localhost:3000/_next/static/chunks/1ldn_next_dist_06gedf1._.js:776
[  264175ms] [LOG] [Fast Refresh] done in 1997ms @ http://localhost:3000/_next/static/chunks/1ldn_next_dist_06gedf1._.js:776
[  264238ms] [LOG] [Fast Refresh] done in 1997ms @ http://localhost:3000/_next/static/chunks/1ldn_next_dist_06gedf1._.js:776
[  264302ms] [LOG] [Fast Refresh] done in 1997ms @ http://localhost:3000/_next/static/chunks/1ldn_next_dist_06gedf1._.js:776
[  264362ms] [LOG] [Fast Refresh] done in 1997ms @ http://localhost:3000/_next/static/chunks/1ldn_next_dist_06gedf1._.js:776
[  264424ms] [LOG] [Fast Refresh] done in 1997ms @ http://localhost:3000/_next/static/chunks/1ldn_next_dist_06gedf1._.js:776
[  264487ms] [LOG] [Fast Refresh] done in 1997ms @ http://localhost:3000/_next/static/chunks/1ldn_next_dist_06gedf1._.js:776
[  264549ms] [LOG] [Fast Refresh] done in 1997ms @ http://localhost:3000/_next/static/chunks/1ldn_next_dist_06gedf1._.js:776
[  264610ms] [LOG] [Fast Refresh] done in 1997ms @ http://localhost:3000/_next/static/chunks/1ldn_next_dist_06gedf1._.js:776
[  264672ms] [LOG] [Fast Refresh] done in 1997ms @ http://localhost:3000/_next/static/chunks/1ldn_next_dist_06gedf1._.js:776
[  264734ms] [LOG] [Fast Refresh] done in 1997ms @ http://localhost:3000/_next/static/chunks/1ldn_next_dist_06gedf1._.js:776
[  264796ms] [LOG] [Fast Refresh] done in 1997ms @ http://localhost:3000/_next/static/chunks/1ldn_next_dist_06gedf1._.js:776
[  264859ms] [LOG] [Fast Refresh] done in 1997ms @ http://localhost:3000/_next/static/chunks/1ldn_next_dist_06gedf1._.js:776
[  264920ms] [LOG] [Fast Refresh] done in 1997ms @ http://localhost:3000/_next/static/chunks/1ldn_next_dist_06gedf1._.js:776
[  264984ms] [LOG] [Fast Refresh] done in 1997ms @ http://localhost:3000/_next/static/chunks/1ldn_next_dist_06gedf1._.js:776
[  265047ms] [LOG] [Fast Refresh] done in 1997ms @ http://localhost:3000/_next/static/chunks/1ldn_next_dist_06gedf1._.js:776
[  265109ms] [LOG] [Fast Refresh] done in 1997ms @ http://localhost:3000/_next/static/chunks/1ldn_next_dist_06gedf1._.js:776
[  265171ms] [LOG] [Fast Refresh] done in 1997ms @ http://localhost:3000/_next/static/chunks/1ldn_next_dist_06gedf1._.js:776
[  265235ms] [LOG] [Fast Refresh] done in 1997ms @ http://localhost:3000/_next/static/chunks/1ldn_next_dist_06gedf1._.js:776
[  265298ms] [LOG] [Fast Refresh] done in 1997ms @ http://localhost:3000/_next/static/chunks/1ldn_next_dist_06gedf1._.js:776
[  265361ms] [LOG] [Fast Refresh] done in 1997ms @ http://localhost:3000/_next/static/chunks/1ldn_next_dist_06gedf1._.js:776
[  265423ms] [LOG] [Fast Refresh] done in 1997ms @ http://localhost:3000/_next/static/chunks/1ldn_next_dist_06gedf1._.js:776
[  265486ms] [LOG] [Fast Refresh] done in 1997ms @ http://localhost:3000/_next/static/chunks/1ldn_next_dist_06gedf1._.js:776
[  265548ms] [LOG] [Fast Refresh] done in 1997ms @ http://localhost:3000/_next/static/chunks/1ldn_next_dist_06gedf1._.js:776
[  265775ms] [LOG] [Fast Refresh] rebuilding @ http://localhost:3000/_next/static/chunks/1ldn_next_dist_06gedf1._.js:776
[  265905ms] [LOG] [Fast Refresh] done in 103ms @ http://localhost:3000/_next/static/chunks/1ldn_next_dist_06gedf1._.js:776
[  265976ms] [LOG] [Fast Refresh] done in 103ms @ http://localhost:3000/_next/static/chunks/1ldn_next_dist_06gedf1._.js:776
[  266069ms] [LOG] [Fast Refresh] done in 103ms @ http://localhost:3000/_next/static/chunks/1ldn_next_dist_06gedf1._.js:776
[  266173ms] [LOG] [Fast Refresh] done in 103ms @ http://localhost:3000/_next/static/chunks/1ldn_next_dist_06gedf1._.js:776
[  266251ms] [LOG] [Fast Refresh] done in 103ms @ http://localhost:3000/_next/static/chunks/1ldn_next_dist_06gedf1._.js:776
[  266329ms] [LOG] [Fast Refresh] done in 103ms @ http://localhost:3000/_next/static/chunks/1ldn_next_dist_06gedf1._.js:776
[  266391ms] [LOG] [Fast Refresh] done in 103ms @ http://localhost:3000/_next/static/chunks/1ldn_next_dist_06gedf1._.js:776
[  266455ms] [LOG] [Fast Refresh] done in 103ms @ http://localhost:3000/_next/static/chunks/1ldn_next_dist_06gedf1._.js:776
[  266517ms] [LOG] [Fast Refresh] done in 103ms @ http://localhost:3000/_next/static/chunks/1ldn_next_dist_06gedf1._.js:776
[  266580ms] [LOG] [Fast Refresh] done in 103ms @ http://localhost:3000/_next/static/chunks/1ldn_next_dist_06gedf1._.js:776
[  266642ms] [LOG] [Fast Refresh] done in 103ms @ http://localhost:3000/_next/static/chunks/1ldn_next_dist_06gedf1._.js:776
[  266703ms] [LOG] [Fast Refresh] done in 103ms @ http://localhost:3000/_next/static/chunks/1ldn_next_dist_06gedf1._.js:776
[  266764ms] [LOG] [Fast Refresh] done in 103ms @ http://localhost:3000/_next/static/chunks/1ldn_next_dist_06gedf1._.js:776
[  266827ms] [LOG] [Fast Refresh] done in 103ms @ http://localhost:3000/_next/static/chunks/1ldn_next_dist_06gedf1._.js:776
[  266889ms] [LOG] [Fast Refresh] done in 103ms @ http://localhost:3000/_next/static/chunks/1ldn_next_dist_06gedf1._.js:776
[  266950ms] [LOG] [Fast Refresh] done in 103ms @ http://localhost:3000/_next/static/chunks/1ldn_next_dist_06gedf1._.js:776
[  267012ms] [LOG] [Fast Refresh] done in 103ms @ http://localhost:3000/_next/static/chunks/1ldn_next_dist_06gedf1._.js:776
[  267074ms] [LOG] [Fast Refresh] done in 103ms @ http://localhost:3000/_next/static/chunks/1ldn_next_dist_06gedf1._.js:776
[  267137ms] [LOG] [Fast Refresh] done in 103ms @ http://localhost:3000/_next/static/chunks/1ldn_next_dist_06gedf1._.js:776
[  267200ms] [LOG] [Fast Refresh] done in 103ms @ http://localhost:3000/_next/static/chunks/1ldn_next_dist_06gedf1._.js:776
[  267263ms] [LOG] [Fast Refresh] done in 103ms @ http://localhost:3000/_next/static/chunks/1ldn_next_dist_06gedf1._.js:776
[  267326ms] [LOG] [Fast Refresh] done in 103ms @ http://localhost:3000/_next/static/chunks/1ldn_next_dist_06gedf1._.js:776
[  267388ms] [LOG] [Fast Refresh] done in 103ms @ http://localhost:3000/_next/static/chunks/1ldn_next_dist_06gedf1._.js:776
[  267449ms] [LOG] [Fast Refresh] done in 103ms @ http://localhost:3000/_next/static/chunks/1ldn_next_dist_06gedf1._.js:776
[  267511ms] [LOG] [Fast Refresh] done in 103ms @ http://localhost:3000/_next/static/chunks/1ldn_next_dist_06gedf1._.js:776
[  267574ms] [LOG] [Fast Refresh] done in 103ms @ http://localhost:3000/_next/static/chunks/1ldn_next_dist_06gedf1._.js:776
[  267635ms] [LOG] [Fast Refresh] done in 103ms @ http://localhost:3000/_next/static/chunks/1ldn_next_dist_06gedf1._.js:776
[  267697ms] [LOG] [Fast Refresh] done in 103ms @ http://localhost:3000/_next/static/chunks/1ldn_next_dist_06gedf1._.js:776
[  267760ms] [LOG] [Fast Refresh] done in 103ms @ http://localhost:3000/_next/static/chunks/1ldn_next_dist_06gedf1._.js:776
[  267821ms] [LOG] [Fast Refresh] done in 103ms @ http://localhost:3000/_next/static/chunks/1ldn_next_dist_06gedf1._.js:776
[  267884ms] [LOG] [Fast Refresh] done in 103ms @ http://localhost:3000/_next/static/chunks/1ldn_next_dist_06gedf1._.js:776
[  267947ms] [LOG] [Fast Refresh] done in 103ms @ http://localhost:3000/_next/static/chunks/1ldn_next_dist_06gedf1._.js:776
[  268009ms] [LOG] [Fast Refresh] done in 103ms @ http://localhost:3000/_next/static/chunks/1ldn_next_dist_06gedf1._.js:776
[  268089ms] [LOG] [Fast Refresh] done in 103ms @ http://localhost:3000/_next/static/chunks/1ldn_next_dist_06gedf1._.js:776
[  268166ms] [LOG] [Fast Refresh] done in 103ms @ http://localhost:3000/_next/static/chunks/1ldn_next_dist_06gedf1._.js:776
[  268228ms] [LOG] [Fast Refresh] done in 103ms @ http://localhost:3000/_next/static/chunks/1ldn_next_dist_06gedf1._.js:776
[  268291ms] [LOG] [Fast Refresh] done in 103ms @ http://localhost:3000/_next/static/chunks/1ldn_next_dist_06gedf1._.js:776
[  268369ms] [LOG] [Fast Refresh] done in 103ms @ http://localhost:3000/_next/static/chunks/1ldn_next_dist_06gedf1._.js:776
[  268431ms] [LOG] [Fast Refresh] done in 103ms @ http://localhost:3000/_next/static/chunks/1ldn_next_dist_06gedf1._.js:776
[  268493ms] [LOG] [Fast Refresh] done in 103ms @ http://localhost:3000/_next/static/chunks/1ldn_next_dist_06gedf1._.js:776
[  268555ms] [LOG] [Fast Refresh] done in 103ms @ http://localhost:3000/_next/static/chunks/1ldn_next_dist_06gedf1._.js:776
[  268618ms] [LOG] [Fast Refresh] done in 103ms @ http://localhost:3000/_next/static/chunks/1ldn_next_dist_06gedf1._.js:776
[  268681ms] [LOG] [Fast Refresh] done in 103ms @ http://localhost:3000/_next/static/chunks/1ldn_next_dist_06gedf1._.js:776
[  268755ms] [LOG] [Fast Refresh] done in 103ms @ http://localhost:3000/_next/static/chunks/1ldn_next_dist_06gedf1._.js:776
[  268816ms] [LOG] [Fast Refresh] done in 103ms @ http://localhost:3000/_next/static/chunks/1ldn_next_dist_06gedf1._.js:776
[  268878ms] [LOG] [Fast Refresh] done in 103ms @ http://localhost:3000/_next/static/chunks/1ldn_next_dist_06gedf1._.js:776
[  268940ms] [LOG] [Fast Refresh] done in 103ms @ http://localhost:3000/_next/static/chunks/1ldn_next_dist_06gedf1._.js:776
[  269002ms] [LOG] [Fast Refresh] done in 103ms @ http://localhost:3000/_next/static/chunks/1ldn_next_dist_06gedf1._.js:776
[  269063ms] [LOG] [Fast Refresh] done in 103ms @ http://localhost:3000/_next/static/chunks/1ldn_next_dist_06gedf1._.js:776
[  269141ms] [LOG] [Fast Refresh] done in 103ms @ http://localhost:3000/_next/static/chunks/1ldn_next_dist_06gedf1._.js:776
[  269203ms] [LOG] [Fast Refresh] done in 103ms @ http://localhost:3000/_next/static/chunks/1ldn_next_dist_06gedf1._.js:776
[  269264ms] [LOG] [Fast Refresh] done in 103ms @ http://localhost:3000/_next/static/chunks/1ldn_next_dist_06gedf1._.js:776
[  269325ms] [LOG] [Fast Refresh] done in 103ms @ http://localhost:3000/_next/static/chunks/1ldn_next_dist_06gedf1._.js:776
[  269388ms] [LOG] [Fast Refresh] done in 103ms @ http://localhost:3000/_next/static/chunks/1ldn_next_dist_06gedf1._.js:776
[  269450ms] [LOG] [Fast Refresh] done in 103ms @ http://localhost:3000/_next/static/chunks/1ldn_next_dist_06gedf1._.js:776
[  269511ms] [LOG] [Fast Refresh] done in 103ms @ http://localhost:3000/_next/static/chunks/1ldn_next_dist_06gedf1._.js:776
[  269573ms] [LOG] [Fast Refresh] done in 103ms @ http://localhost:3000/_next/static/chunks/1ldn_next_dist_06gedf1._.js:776
[  269633ms] [LOG] [Fast Refresh] done in 103ms @ http://localhost:3000/_next/static/chunks/1ldn_next_dist_06gedf1._.js:776
[  269695ms] [LOG] [Fast Refresh] done in 103ms @ http://localhost:3000/_next/static/chunks/1ldn_next_dist_06gedf1._.js:776
[  269756ms] [LOG] [Fast Refresh] done in 103ms @ http://localhost:3000/_next/static/chunks/1ldn_next_dist_06gedf1._.js:776
[  269818ms] [LOG] [Fast Refresh] done in 103ms @ http://localhost:3000/_next/static/chunks/1ldn_next_dist_06gedf1._.js:776
[  269879ms] [LOG] [Fast Refresh] done in 103ms @ http://localhost:3000/_next/static/chunks/1ldn_next_dist_06gedf1._.js:776
[  269940ms] [LOG] [Fast Refresh] done in 103ms @ http://localhost:3000/_next/static/chunks/1ldn_next_dist_06gedf1._.js:776
[  270001ms] [LOG] [Fast Refresh] done in 103ms @ http://localhost:3000/_next/static/chunks/1ldn_next_dist_06gedf1._.js:776
[  270063ms] [LOG] [Fast Refresh] done in 103ms @ http://localhost:3000/_next/static/chunks/1ldn_next_dist_06gedf1._.js:776
[  270125ms] [LOG] [Fast Refresh] done in 103ms @ http://localhost:3000/_next/static/chunks/1ldn_next_dist_06gedf1._.js:776
[  270186ms] [LOG] [Fast Refresh] done in 103ms @ http://localhost:3000/_next/static/chunks/1ldn_next_dist_06gedf1._.js:776
[  270248ms] [LOG] [Fast Refresh] done in 103ms @ http://localhost:3000/_next/static/chunks/1ldn_next_dist_06gedf1._.js:776
[  270310ms] [LOG] [Fast Refresh] done in 103ms @ http://localhost:3000/_next/static/chunks/1ldn_next_dist_06gedf1._.js:776
[  270370ms] [LOG] [Fast Refresh] done in 103ms @ http://localhost:3000/_next/static/chunks/1ldn_next_dist_06gedf1._.js:776
[  270433ms] [LOG] [Fast Refresh] done in 103ms @ http://localhost:3000/_next/static/chunks/1ldn_next_dist_06gedf1._.js:776
[  270496ms] [LOG] [Fast Refresh] done in 103ms @ http://localhost:3000/_next/static/chunks/1ldn_next_dist_06gedf1._.js:776
[  270557ms] [LOG] [Fast Refresh] done in 103ms @ http://localhost:3000/_next/static/chunks/1ldn_next_dist_06gedf1._.js:776
[  270619ms] [LOG] [Fast Refresh] done in 103ms @ http://localhost:3000/_next/static/chunks/1ldn_next_dist_06gedf1._.js:776
[  270680ms] [LOG] [Fast Refresh] done in 103ms @ http://localhost:3000/_next/static/chunks/1ldn_next_dist_06gedf1._.js:776
[  270742ms] [LOG] [Fast Refresh] done in 103ms @ http://localhost:3000/_next/static/chunks/1ldn_next_dist_06gedf1._.js:776
[  270804ms] [LOG] [Fast Refresh] done in 103ms @ http://localhost:3000/_next/static/chunks/1ldn_next_dist_06gedf1._.js:776
[  270867ms] [LOG] [Fast Refresh] done in 103ms @ http://localhost:3000/_next/static/chunks/1ldn_next_dist_06gedf1._.js:776
[  270928ms] [LOG] [Fast Refresh] done in 103ms @ http://localhost:3000/_next/static/chunks/1ldn_next_dist_06gedf1._.js:776
[  270991ms] [LOG] [Fast Refresh] done in 103ms @ http://localhost:3000/_next/static/chunks/1ldn_next_dist_06gedf1._.js:776
[  271053ms] [LOG] [Fast Refresh] done in 103ms @ http://localhost:3000/_next/static/chunks/1ldn_next_dist_06gedf1._.js:776
[  271114ms] [LOG] [Fast Refresh] done in 103ms @ http://localhost:3000/_next/static/chunks/1ldn_next_dist_06gedf1._.js:776
[  271176ms] [LOG] [Fast Refresh] done in 103ms @ http://localhost:3000/_next/static/chunks/1ldn_next_dist_06gedf1._.js:776
[  271238ms] [LOG] [Fast Refresh] done in 103ms @ http://localhost:3000/_next/static/chunks/1ldn_next_dist_06gedf1._.js:776
[  271321ms] [LOG] [Fast Refresh] done in 103ms @ http://localhost:3000/_next/static/chunks/1ldn_next_dist_06gedf1._.js:776
[  271392ms] [LOG] [Fast Refresh] done in 103ms @ http://localhost:3000/_next/static/chunks/1ldn_next_dist_06gedf1._.js:776
[  271454ms] [LOG] [Fast Refresh] done in 103ms @ http://localhost:3000/_next/static/chunks/1ldn_next_dist_06gedf1._.js:776
[  271515ms] [LOG] [Fast Refresh] done in 103ms @ http://localhost:3000/_next/static/chunks/1ldn_next_dist_06gedf1._.js:776
[  271577ms] [LOG] [Fast Refresh] done in 103ms @ http://localhost:3000/_next/static/chunks/1ldn_next_dist_06gedf1._.js:776
[  271638ms] [LOG] [Fast Refresh] done in 103ms @ http://localhost:3000/_next/static/chunks/1ldn_next_dist_06gedf1._.js:776
[  271699ms] [LOG] [Fast Refresh] done in 103ms @ http://localhost:3000/_next/static/chunks/1ldn_next_dist_06gedf1._.js:776
[  271761ms] [LOG] [Fast Refresh] done in 103ms @ http://localhost:3000/_next/static/chunks/1ldn_next_dist_06gedf1._.js:776
[  271822ms] [LOG] [Fast Refresh] done in 103ms @ http://localhost:3000/_next/static/chunks/1ldn_next_dist_06gedf1._.js:776
[  271884ms] [LOG] [Fast Refresh] done in 103ms @ http://localhost:3000/_next/static/chunks/1ldn_next_dist_06gedf1._.js:776
[  271948ms] [LOG] [Fast Refresh] done in 103ms @ http://localhost:3000/_next/static/chunks/1ldn_next_dist_06gedf1._.js:776
[  272025ms] [LOG] [Fast Refresh] done in 103ms @ http://localhost:3000/_next/static/chunks/1ldn_next_dist_06gedf1._.js:776
[  272086ms] [LOG] [Fast Refresh] done in 103ms @ http://localhost:3000/_next/static/chunks/1ldn_next_dist_06gedf1._.js:776
[  272149ms] [LOG] [Fast Refresh] done in 103ms @ http://localhost:3000/_next/static/chunks/1ldn_next_dist_06gedf1._.js:776
[  272211ms] [LOG] [Fast Refresh] done in 103ms @ http://localhost:3000/_next/static/chunks/1ldn_next_dist_06gedf1._.js:776
[  272273ms] [LOG] [Fast Refresh] done in 103ms @ http://localhost:3000/_next/static/chunks/1ldn_next_dist_06gedf1._.js:776
[  272336ms] [LOG] [Fast Refresh] done in 103ms @ http://localhost:3000/_next/static/chunks/1ldn_next_dist_06gedf1._.js:776
[  272399ms] [LOG] [Fast Refresh] done in 103ms @ http://localhost:3000/_next/static/chunks/1ldn_next_dist_06gedf1._.js:776
[  272462ms] [LOG] [Fast Refresh] done in 103ms @ http://localhost:3000/_next/static/chunks/1ldn_next_dist_06gedf1._.js:776
[  272522ms] [LOG] [Fast Refresh] done in 103ms @ http://localhost:3000/_next/static/chunks/1ldn_next_dist_06gedf1._.js:776
[  272585ms] [LOG] [Fast Refresh] done in 103ms @ http://localhost:3000/_next/static/chunks/1ldn_next_dist_06gedf1._.js:776
[  272647ms] [LOG] [Fast Refresh] done in 103ms @ http://localhost:3000/_next/static/chunks/1ldn_next_dist_06gedf1._.js:776
[  272709ms] [LOG] [Fast Refresh] done in 103ms @ http://localhost:3000/_next/static/chunks/1ldn_next_dist_06gedf1._.js:776
[  272771ms] [LOG] [Fast Refresh] done in 103ms @ http://localhost:3000/_next/static/chunks/1ldn_next_dist_06gedf1._.js:776
[  272833ms] [LOG] [Fast Refresh] done in 103ms @ http://localhost:3000/_next/static/chunks/1ldn_next_dist_06gedf1._.js:776
[  272896ms] [LOG] [Fast Refresh] done in 103ms @ http://localhost:3000/_next/static/chunks/1ldn_next_dist_06gedf1._.js:776
[  272958ms] [LOG] [Fast Refresh] done in 103ms @ http://localhost:3000/_next/static/chunks/1ldn_next_dist_06gedf1._.js:776
[  273022ms] [LOG] [Fast Refresh] done in 103ms @ http://localhost:3000/_next/static/chunks/1ldn_next_dist_06gedf1._.js:776
[  273087ms] [LOG] [Fast Refresh] done in 103ms @ http://localhost:3000/_next/static/chunks/1ldn_next_dist_06gedf1._.js:776
[  273148ms] [LOG] [Fast Refresh] done in 103ms @ http://localhost:3000/_next/static/chunks/1ldn_next_dist_06gedf1._.js:776
[  273211ms] [LOG] [Fast Refresh] done in 103ms @ http://localhost:3000/_next/static/chunks/1ldn_next_dist_06gedf1._.js:776
[  273272ms] [LOG] [Fast Refresh] done in 103ms @ http://localhost:3000/_next/static/chunks/1ldn_next_dist_06gedf1._.js:776
[  273334ms] [LOG] [Fast Refresh] done in 103ms @ http://localhost:3000/_next/static/chunks/1ldn_next_dist_06gedf1._.js:776
[  273395ms] [LOG] [Fast Refresh] done in 103ms @ http://localhost:3000/_next/static/chunks/1ldn_next_dist_06gedf1._.js:776
[  273457ms] [LOG] [Fast Refresh] done in 103ms @ http://localhost:3000/_next/static/chunks/1ldn_next_dist_06gedf1._.js:776
[  273522ms] [LOG] [Fast Refresh] done in 103ms @ http://localhost:3000/_next/static/chunks/1ldn_next_dist_06gedf1._.js:776
[  273582ms] [LOG] [Fast Refresh] done in 103ms @ http://localhost:3000/_next/static/chunks/1ldn_next_dist_06gedf1._.js:776
[  273645ms] [LOG] [Fast Refresh] done in 103ms @ http://localhost:3000/_next/static/chunks/1ldn_next_dist_06gedf1._.js:776
[  273708ms] [LOG] [Fast Refresh] done in 103ms @ http://localhost:3000/_next/static/chunks/1ldn_next_dist_06gedf1._.js:776
[  273772ms] [LOG] [Fast Refresh] done in 103ms @ http://localhost:3000/_next/static/chunks/1ldn_next_dist_06gedf1._.js:776
[  273833ms] [LOG] [Fast Refresh] done in 103ms @ http://localhost:3000/_next/static/chunks/1ldn_next_dist_06gedf1._.js:776
[  273896ms] [LOG] [Fast Refresh] done in 103ms @ http://localhost:3000/_next/static/chunks/1ldn_next_dist_06gedf1._.js:776
[  273957ms] [LOG] [Fast Refresh] done in 103ms @ http://localhost:3000/_next/static/chunks/1ldn_next_dist_06gedf1._.js:776
[  274019ms] [LOG] [Fast Refresh] done in 103ms @ http://localhost:3000/_next/static/chunks/1ldn_next_dist_06gedf1._.js:776
[  274085ms] [LOG] [Fast Refresh] done in 103ms @ http://localhost:3000/_next/static/chunks/1ldn_next_dist_06gedf1._.js:776
[  274170ms] [LOG] [Fast Refresh] done in 103ms @ http://localhost:3000/_next/static/chunks/1ldn_next_dist_06gedf1._.js:776
[  274246ms] [LOG] [Fast Refresh] done in 103ms @ http://localhost:3000/_next/static/chunks/1ldn_next_dist_06gedf1._.js:776
[  274326ms] [LOG] [Fast Refresh] done in 103ms @ http://localhost:3000/_next/static/chunks/1ldn_next_dist_06gedf1._.js:776
[  274385ms] [LOG] [Fast Refresh] done in 103ms @ http://localhost:3000/_next/static/chunks/1ldn_next_dist_06gedf1._.js:776
[  274447ms] [LOG] [Fast Refresh] done in 103ms @ http://localhost:3000/_next/static/chunks/1ldn_next_dist_06gedf1._.js:776
[  274509ms] [LOG] [Fast Refresh] done in 103ms @ http://localhost:3000/_next/static/chunks/1ldn_next_dist_06gedf1._.js:776
[  274571ms] [LOG] [Fast Refresh] done in 103ms @ http://localhost:3000/_next/static/chunks/1ldn_next_dist_06gedf1._.js:776
[  274634ms] [LOG] [Fast Refresh] done in 103ms @ http://localhost:3000/_next/static/chunks/1ldn_next_dist_06gedf1._.js:776
[  274697ms] [LOG] [Fast Refresh] done in 103ms @ http://localhost:3000/_next/static/chunks/1ldn_next_dist_06gedf1._.js:776
[  274759ms] [LOG] [Fast Refresh] done in 103ms @ http://localhost:3000/_next/static/chunks/1ldn_next_dist_06gedf1._.js:776
[  274821ms] [LOG] [Fast Refresh] done in 103ms @ http://localhost:3000/_next/static/chunks/1ldn_next_dist_06gedf1._.js:776
[  274884ms] [LOG] [Fast Refresh] done in 103ms @ http://localhost:3000/_next/static/chunks/1ldn_next_dist_06gedf1._.js:776
[  274946ms] [LOG] [Fast Refresh] done in 103ms @ http://localhost:3000/_next/static/chunks/1ldn_next_dist_06gedf1._.js:776
[  275009ms] [LOG] [Fast Refresh] done in 103ms @ http://localhost:3000/_next/static/chunks/1ldn_next_dist_06gedf1._.js:776
[  275073ms] [LOG] [Fast Refresh] done in 103ms @ http://localhost:3000/_next/static/chunks/1ldn_next_dist_06gedf1._.js:776
[  275136ms] [LOG] [Fast Refresh] done in 103ms @ http://localhost:3000/_next/static/chunks/1ldn_next_dist_06gedf1._.js:776
[  275198ms] [LOG] [Fast Refresh] done in 103ms @ http://localhost:3000/_next/static/chunks/1ldn_next_dist_06gedf1._.js:776
[  275262ms] [LOG] [Fast Refresh] done in 103ms @ http://localhost:3000/_next/static/chunks/1ldn_next_dist_06gedf1._.js:776
[  275326ms] [LOG] [Fast Refresh] done in 103ms @ http://localhost:3000/_next/static/chunks/1ldn_next_dist_06gedf1._.js:776
[  275386ms] [LOG] [Fast Refresh] done in 103ms @ http://localhost:3000/_next/static/chunks/1ldn_next_dist_06gedf1._.js:776
[  275911ms] [INFO] %cDownload the React DevTools for a better development experience: https://react.dev/link/react-devtools font-weight:bold @ http://localhost:3000/_next/static/chunks/1ldn_next_dist_06gedf1._.js:776
[  276025ms] [LOG] [HMR] connected @ http://localhost:3000/_next/static/chunks/1ldn_next_dist_06gedf1._.js:776
[  335350ms] [LOG] [Fast Refresh] rebuilding @ http://localhost:3000/_next/static/chunks/1ldn_next_dist_06gedf1._.js:776
[  335842ms] [LOG] [Fast Refresh] done in 594ms @ http://localhost:3000/_next/static/chunks/1ldn_next_dist_06gedf1._.js:776
[  337425ms] [LOG] [Fast Refresh] rebuilding @ http://localhost:3000/_next/static/chunks/1ldn_next_dist_06gedf1._.js:776
[  337593ms] [LOG] [Fast Refresh] done in 276ms @ http://localhost:3000/_next/static/chunks/1ldn_next_dist_06gedf1._.js:776
[  339570ms] [LOG] [Fast Refresh] rebuilding @ http://localhost:3000/_next/static/chunks/1ldn_next_dist_06gedf1._.js:776
[  339600ms] [LOG] [Fast Refresh] done in 132ms @ http://localhost:3000/_next/static/chunks/1ldn_next_dist_06gedf1._.js:776
[  363010ms] [INFO] %cDownload the React DevTools for a better development experience: https://react.dev/link/react-devtools font-weight:bold @ http://localhost:3000/_next/static/chunks/1ldn_next_dist_06gedf1._.js:776
[  363128ms] [LOG] [HMR] connected @ http://localhost:3000/_next/static/chunks/1ldn_next_dist_06gedf1._.js:776
[  374074ms] [LOG] [Fast Refresh] rebuilding @ http://localhost:3000/_next/static/chunks/1ldn_next_dist_06gedf1._.js:776
[  374079ms] [LOG] [Fast Refresh] done in 106ms @ http://localhost:3000/_next/static/chunks/1ldn_next_dist_06gedf1._.js:776
[  397031ms] [INFO] %cDownload the React DevTools for a better development experience: https://react.dev/link/react-devtools font-weight:bold @ http://localhost:3000/_next/static/chunks/1ldn_next_dist_06gedf1._.js:776
[  397164ms] [LOG] [HMR] connected @ http://localhost:3000/_next/static/chunks/1ldn_next_dist_06gedf1._.js:776
[  411402ms] [LOG] [Fast Refresh] rebuilding @ http://localhost:3000/_next/static/chunks/1ldn_next_dist_06gedf1._.js:776
[  411496ms] [LOG] [Fast Refresh] done in 202ms @ http://localhost:3000/_next/static/chunks/1ldn_next_dist_06gedf1._.js:776
[  432708ms] [INFO] %cDownload the React DevTools for a better development experience: https://react.dev/link/react-devtools font-weight:bold @ http://localhost:3000/_next/static/chunks/1ldn_next_dist_06gedf1._.js:776
[  432838ms] [LOG] [HMR] connected @ http://localhost:3000/_next/static/chunks/1ldn_next_dist_06gedf1._.js:776
[  476951ms] [INFO] %cDownload the React DevTools for a better development experience: https://react.dev/link/react-devtools font-weight:bold @ http://localhost:3000/_next/static/chunks/1ldn_next_dist_06gedf1._.js:776
[  477085ms] [LOG] [HMR] connected @ http://localhost:3000/_next/static/chunks/1ldn_next_dist_06gedf1._.js:776
[  477576ms] [INFO] %cDownload the React DevTools for a better development experience: https://react.dev/link/react-devtools font-weight:bold @ http://localhost:3000/_next/static/chunks/1ldn_next_dist_06gedf1._.js:776
[  477657ms] [LOG] [HMR] connected @ http://localhost:3000/_next/static/chunks/1ldn_next_dist_06gedf1._.js:776
[  478344ms] [INFO] %cDownload the React DevTools for a better development experience: https://react.dev/link/react-devtools font-weight:bold @ http://localhost:3000/_next/static/chunks/1ldn_next_dist_06gedf1._.js:776
[  478422ms] [LOG] [HMR] connected @ http://localhost:3000/_next/static/chunks/1ldn_next_dist_06gedf1._.js:776
[  479408ms] [INFO] %cDownload the React DevTools for a better development experience: https://react.dev/link/react-devtools font-weight:bold @ http://localhost:3000/_next/static/chunks/1ldn_next_dist_06gedf1._.js:776
[  479543ms] [LOG] [HMR] connected @ http://localhost:3000/_next/static/chunks/1ldn_next_dist_06gedf1._.js:776
[  480336ms] [INFO] %cDownload the React DevTools for a better development experience: https://react.dev/link/react-devtools font-weight:bold @ http://localhost:3000/_next/static/chunks/1ldn_next_dist_06gedf1._.js:776
[  480459ms] [LOG] [HMR] connected @ http://localhost:3000/_next/static/chunks/1ldn_next_dist_06gedf1._.js:776
[  481431ms] [INFO] %cDownload the React DevTools for a better development experience: https://react.dev/link/react-devtools font-weight:bold @ http://localhost:3000/_next/static/chunks/1ldn_next_dist_06gedf1._.js:776
[  481528ms] [LOG] [HMR] connected @ http://localhost:3000/_next/static/chunks/1ldn_next_dist_06gedf1._.js:776
[  482381ms] [INFO] %cDownload the React DevTools for a better development experience: https://react.dev/link/react-devtools font-weight:bold @ http://localhost:3000/_next/static/chunks/1ldn_next_dist_06gedf1._.js:776
[  482503ms] [LOG] [HMR] connected @ http://localhost:3000/_next/static/chunks/1ldn_next_dist_06gedf1._.js:776
[  597700ms] [INFO] %cDownload the React DevTools for a better development experience: https://react.dev/link/react-devtools font-weight:bold @ http://localhost:3000/_next/static/chunks/1ldn_next_dist_06gedf1._.js:776
[  597789ms] [LOG] [HMR] connected @ http://localhost:3000/_next/static/chunks/1ldn_next_dist_06gedf1._.js:776
[  598477ms] [ERROR] A tree hydrated but some attributes of the server rendered HTML didn't match the client properties. This won't be patched up. This can happen if a SSR-ed Client Component used:

- A server/client branch `if (typeof window !== 'undefined')`.
- Variable input such as `Date.now()` or `Math.random()` which changes each time it's called.
- Date formatting in a user's locale which doesn't match the server.
- External changing data without sending a snapshot of it along with the HTML.
- Invalid HTML tag nesting.

It can also happen if the client has a browser extension installed which messes with the HTML before React loaded.

%s%s https://react.dev/link/hydration-mismatch 

  ...
    <HTTPAccessFallbackBoundary notFound={{...}} forbidden={undefined} unauthorized={undefined}>
      <HTTPAccessFallbackErrorBoundary pathname="/" notFound={{...}} forbidden={undefined} unauthorized={undefined} ...>
        <RedirectBoundary>
          <RedirectErrorBoundary router={{...}}>
            <InnerLayoutRouter url="/" tree={[...]} params={{}} cacheNode={{rsc:{...}, ...}} segmentPath={[...]} ...>
              <SegmentViewNode type="page" pagePath="page.tsx">
                <SegmentTrieNode>
                <Home>
                  <HomeLanding>
                    <div>
                      <section>
                      <section>
                      <section>
                      <section>
                      <section className="border-t b...">
                        <div className="mx-auto gr...">
                          <div>
                          <div className="lg:col-spa...">
                            <ContactForm>
                              <form method="post" className="grid gap-4" onFocus={function onFocus} ...>
                                ...
                                  <Input id="contact-name" name="name" autoComplete="name" required={true} ...>
                                    <Input type={undefined} data-slot="input" className="h-12 w-ful..." id="contact-name" ...>
                                      <FieldControl ref={null} type={undefined} data-slot="input" ...>
                                        <input
                                          id="contact-name"
                                          disabled={false}
                                          name="name"
                                          ref={function}
                                          aria-labelledby={undefined}
                                          autoFocus={false}
                                          defaultValue={undefined}
                                          onChange={function}
                                          onFocus={function}
                                          onBlur={function}
                                          onKeyDown={function}
                                          type={undefined}
                                          data-slot="input"
                                          autoComplete="name"
                                          required={true}
                                          aria-describedby={undefined}
                                          className="h-12 w-full min-w-0 rounded-xl border border-input bg-muted/50 px..."
-                                         style={{caret-color:"transparent"}}
                                        >
                                ...
                                  <Input id="contact-email" name="email" type="email" autoComplete="email" ...>
                                    <Input type="email" data-slot="input" className="h-12 w-ful..." id="contact-email" ...>
                                      <FieldControl ref={null} type="email" data-slot="input" className="h-12 w-ful..." ...>
                                        <input
                                          id="contact-email"
                                          disabled={false}
                                          name="email"
                                          ref={function}
                                          aria-labelledby={undefined}
                                          autoFocus={false}
                                          defaultValue={undefined}
                                          onChange={function}
                                          onFocus={function}
                                          onBlur={function}
                                          onKeyDown={function}
                                          type="email"
                                          data-slot="input"
                                          autoComplete="email"
                                          inputMode="email"
                                          required={true}
                                          className="h-12 w-full min-w-0 rounded-xl border border-input bg-muted/50 px..."
-                                         style={{caret-color:"transparent"}}
                                        >
                                ...
                                  <Input id="contact-phone" name="phone" type="tel" autoComplete="tel" inputMode="tel" ...>
                                    <Input type="tel" data-slot="input" className="h-12 w-ful..." id="contact-phone" ...>
                                      <FieldControl ref={null} type="tel" data-slot="input" className="h-12 w-ful..." ...>
                                        <input
                                          id="contact-phone"
                                          disabled={false}
                                          name="phone"
                                          ref={function}
                                          aria-labelledby={undefined}
                                          autoFocus={false}
                                          defaultValue={undefined}
                                          onChange={function}
                                          onFocus={function}
                                          onBlur={function}
                                          onKeyDown={function}
                                          type="tel"
                                          data-slot="input"
                                          autoComplete="tel"
                                          inputMode="tel"
                                          required={true}
                                          className="h-12 w-full min-w-0 rounded-xl border border-input bg-muted/50 px..."
-                                         style={{caret-color:"transparent"}}
                                        >
                                <Field label="Message" htmlFor="contact-me...">
                                  <div className="grid gap-1.5">
                                    <label>
                                    <div data-describedby={undefined}>
                                      <Textarea id="contact-me..." name="message" required={true} maxLength={1000}>
                                        <textarea
                                          data-slot="textarea"
                                          className="flex field-sizing-content min-h-28 w-full rounded-xl border borde..."
                                          id="contact-message"
                                          name="message"
                                          required={true}
                                          maxLength={1000}
-                                         style={{caret-color:"transparent"}}
                                        >
                                <input
                                  name="company"
                                  tabIndex={-1}
                                  autoComplete="off"
                                  className="hidden"
                                  aria-hidden="true"
-                                 style={{caret-color:"transparent"}}
                                >
                                ...
              ...
            ...
 @ http://localhost:3000/_next/static/chunks/1ldn_next_dist_06gedf1._.js:1052
[  598825ms] [LOG] [Fast Refresh] rebuilding @ http://localhost:3000/_next/static/chunks/1ldn_next_dist_06gedf1._.js:776
[  598887ms] [LOG] [Fast Refresh] done in 178ms @ http://localhost:3000/_next/static/chunks/1ldn_next_dist_06gedf1._.js:776
[  612722ms] [INFO] %cDownload the React DevTools for a better development experience: https://react.dev/link/react-devtools font-weight:bold @ http://localhost:3000/_next/static/chunks/1ldn_next_dist_06gedf1._.js:776
[  612845ms] [LOG] [HMR] connected @ http://localhost:3000/_next/static/chunks/1ldn_next_dist_06gedf1._.js:776
[  656889ms] [INFO] %cDownload the React DevTools for a better development experience: https://react.dev/link/react-devtools font-weight:bold @ http://localhost:3000/_next/static/chunks/1ldn_next_dist_06gedf1._.js:776
[  657001ms] [LOG] [HMR] connected @ http://localhost:3000/_next/static/chunks/1ldn_next_dist_06gedf1._.js:776
[  768904ms] [LOG] [Fast Refresh] rebuilding @ http://localhost:3000/_next/static/chunks/1ldn_next_dist_06gedf1._.js:776
[  769001ms] [LOG] [Fast Refresh] done in 205ms @ http://localhost:3000/_next/static/chunks/1ldn_next_dist_06gedf1._.js:776
[  782267ms] [ERROR] WebSocket connection to 'ws://localhost:3000/_next/hmr?id=C47tujMf-hi7ehScpssRc' failed: Error in connection establishment: net::ERR_CONNECTION_REFUSED @ http://localhost:3000/_next/static/chunks/1ldn_next_dist_client_1qeohaf._.js:16348
[  783276ms] [ERROR] WebSocket connection to 'ws://localhost:3000/_next/hmr?id=C47tujMf-hi7ehScpssRc' failed: Error in connection establishment: net::ERR_CONNECTION_REFUSED @ http://localhost:3000/_next/static/chunks/1ldn_next_dist_client_1qeohaf._.js:16348
[  784294ms] [ERROR] WebSocket connection to 'ws://localhost:3000/_next/hmr?id=C47tujMf-hi7ehScpssRc' failed: Error in connection establishment: net::ERR_CONNECTION_REFUSED @ http://localhost:3000/_next/static/chunks/1ldn_next_dist_client_1qeohaf._.js:16348
[  788072ms] [LOG] [HMR] connected @ http://localhost:3000/_next/static/chunks/1ldn_next_dist_06gedf1._.js:776
[  792723ms] [INFO] %cDownload the React DevTools for a better development experience: https://react.dev/link/react-devtools font-weight:bold @ http://localhost:3000/_next/static/chunks/1ldn_next_dist_06gedf1._.js:776
[  792818ms] [LOG] [HMR] connected @ http://localhost:3000/_next/static/chunks/1ldn_next_dist_06gedf1._.js:776
[  941019ms] [LOG] [Fast Refresh] rebuilding @ http://localhost:3000/_next/static/chunks/1ldn_next_dist_06gedf1._.js:776
[  942715ms] [LOG] [Fast Refresh] done in 1611ms @ http://localhost:3000/_next/static/chunks/1ldn_next_dist_06gedf1._.js:776
[  942913ms] [LOG] [Fast Refresh] rebuilding @ http://localhost:3000/_next/static/chunks/1ldn_next_dist_06gedf1._.js:776
[  943017ms] [LOG] [Fast Refresh] done in 45ms @ http://localhost:3000/_next/static/chunks/1ldn_next_dist_06gedf1._.js:776
[  943211ms] [LOG] [Fast Refresh] rebuilding @ http://localhost:3000/_next/static/chunks/1ldn_next_dist_06gedf1._.js:776
[  943295ms] [LOG] [Fast Refresh] done in 73ms @ http://localhost:3000/_next/static/chunks/1ldn_next_dist_06gedf1._.js:776
[  943369ms] [LOG] [Fast Refresh] done in 73ms @ http://localhost:3000/_next/static/chunks/1ldn_next_dist_06gedf1._.js:776
[  943432ms] [LOG] [Fast Refresh] done in 73ms @ http://localhost:3000/_next/static/chunks/1ldn_next_dist_06gedf1._.js:776
[  943516ms] [LOG] [Fast Refresh] done in 73ms @ http://localhost:3000/_next/static/chunks/1ldn_next_dist_06gedf1._.js:776
[  943580ms] [LOG] [Fast Refresh] done in 73ms @ http://localhost:3000/_next/static/chunks/1ldn_next_dist_06gedf1._.js:776
[  943643ms] [LOG] [Fast Refresh] done in 73ms @ http://localhost:3000/_next/static/chunks/1ldn_next_dist_06gedf1._.js:776
[  943705ms] [LOG] [Fast Refresh] done in 73ms @ http://localhost:3000/_next/static/chunks/1ldn_next_dist_06gedf1._.js:776
[  943783ms] [LOG] [Fast Refresh] done in 73ms @ http://localhost:3000/_next/static/chunks/1ldn_next_dist_06gedf1._.js:776
[  943845ms] [LOG] [Fast Refresh] done in 73ms @ http://localhost:3000/_next/static/chunks/1ldn_next_dist_06gedf1._.js:776
[  944080ms] [LOG] [Fast Refresh] rebuilding @ http://localhost:3000/_next/static/chunks/1ldn_next_dist_06gedf1._.js:776
[  944191ms] [LOG] [Fast Refresh] done in 158ms @ http://localhost:3000/_next/static/chunks/1ldn_next_dist_06gedf1._.js:776
[  944321ms] [LOG] [Fast Refresh] done in 158ms @ http://localhost:3000/_next/static/chunks/1ldn_next_dist_06gedf1._.js:776
[  944389ms] [LOG] [Fast Refresh] done in 158ms @ http://localhost:3000/_next/static/chunks/1ldn_next_dist_06gedf1._.js:776
[  944475ms] [LOG] [Fast Refresh] done in 158ms @ http://localhost:3000/_next/static/chunks/1ldn_next_dist_06gedf1._.js:776
[  944539ms] [LOG] [Fast Refresh] done in 158ms @ http://localhost:3000/_next/static/chunks/1ldn_next_dist_06gedf1._.js:776
[  944601ms] [LOG] [Fast Refresh] done in 158ms @ http://localhost:3000/_next/static/chunks/1ldn_next_dist_06gedf1._.js:776
[  944661ms] [LOG] [Fast Refresh] done in 158ms @ http://localhost:3000/_next/static/chunks/1ldn_next_dist_06gedf1._.js:776
[  944722ms] [LOG] [Fast Refresh] done in 158ms @ http://localhost:3000/_next/static/chunks/1ldn_next_dist_06gedf1._.js:776
[  944868ms] [LOG] [Fast Refresh] rebuilding @ http://localhost:3000/_next/static/chunks/1ldn_next_dist_06gedf1._.js:776
[  945007ms] [LOG] [Fast Refresh] done in 59ms @ http://localhost:3000/_next/static/chunks/1ldn_next_dist_06gedf1._.js:776
[  945075ms] [LOG] [Fast Refresh] done in 59ms @ http://localhost:3000/_next/static/chunks/1ldn_next_dist_06gedf1._.js:776
[  945167ms] [LOG] [Fast Refresh] done in 59ms @ http://localhost:3000/_next/static/chunks/1ldn_next_dist_06gedf1._.js:776
[  945230ms] [LOG] [Fast Refresh] done in 59ms @ http://localhost:3000/_next/static/chunks/1ldn_next_dist_06gedf1._.js:776
[  945294ms] [LOG] [Fast Refresh] done in 59ms @ http://localhost:3000/_next/static/chunks/1ldn_next_dist_06gedf1._.js:776
[  945524ms] [LOG] [Fast Refresh] rebuilding @ http://localhost:3000/_next/static/chunks/1ldn_next_dist_06gedf1._.js:776
[  946633ms] [LOG] [Fast Refresh] done in 987ms @ http://localhost:3000/_next/static/chunks/1ldn_next_dist_06gedf1._.js:776
[  946706ms] [LOG] [Fast Refresh] done in 987ms @ http://localhost:3000/_next/static/chunks/1ldn_next_dist_06gedf1._.js:776
[  946778ms] [LOG] [Fast Refresh] done in 987ms @ http://localhost:3000/_next/static/chunks/1ldn_next_dist_06gedf1._.js:776
[  946841ms] [LOG] [Fast Refresh] done in 987ms @ http://localhost:3000/_next/static/chunks/1ldn_next_dist_06gedf1._.js:776
[  946903ms] [LOG] [Fast Refresh] done in 987ms @ http://localhost:3000/_next/static/chunks/1ldn_next_dist_06gedf1._.js:776
[  946983ms] [LOG] [Fast Refresh] done in 987ms @ http://localhost:3000/_next/static/chunks/1ldn_next_dist_06gedf1._.js:776
[  947044ms] [LOG] [Fast Refresh] done in 987ms @ http://localhost:3000/_next/static/chunks/1ldn_next_dist_06gedf1._.js:776
[  947106ms] [LOG] [Fast Refresh] done in 987ms @ http://localhost:3000/_next/static/chunks/1ldn_next_dist_06gedf1._.js:776
[  947168ms] [LOG] [Fast Refresh] done in 987ms @ http://localhost:3000/_next/static/chunks/1ldn_next_dist_06gedf1._.js:776
[  947231ms] [LOG] [Fast Refresh] done in 987ms @ http://localhost:3000/_next/static/chunks/1ldn_next_dist_06gedf1._.js:776
[  947293ms] [LOG] [Fast Refresh] done in 987ms @ http://localhost:3000/_next/static/chunks/1ldn_next_dist_06gedf1._.js:776
[  947355ms] [LOG] [Fast Refresh] done in 987ms @ http://localhost:3000/_next/static/chunks/1ldn_next_dist_06gedf1._.js:776
[  947432ms] [LOG] [Fast Refresh] done in 987ms @ http://localhost:3000/_next/static/chunks/1ldn_next_dist_06gedf1._.js:776
[  947496ms] [LOG] [Fast Refresh] done in 987ms @ http://localhost:3000/_next/static/chunks/1ldn_next_dist_06gedf1._.js:776
[  947558ms] [LOG] [Fast Refresh] done in 987ms @ http://localhost:3000/_next/static/chunks/1ldn_next_dist_06gedf1._.js:776
[  947621ms] [LOG] [Fast Refresh] done in 987ms @ http://localhost:3000/_next/static/chunks/1ldn_next_dist_06gedf1._.js:776
[  947682ms] [LOG] [Fast Refresh] done in 987ms @ http://localhost:3000/_next/static/chunks/1ldn_next_dist_06gedf1._.js:776
[  947747ms] [LOG] [Fast Refresh] done in 987ms @ http://localhost:3000/_next/static/chunks/1ldn_next_dist_06gedf1._.js:776
[  947808ms] [LOG] [Fast Refresh] done in 987ms @ http://localhost:3000/_next/static/chunks/1ldn_next_dist_06gedf1._.js:776
[  947870ms] [LOG] [Fast Refresh] done in 987ms @ http://localhost:3000/_next/static/chunks/1ldn_next_dist_06gedf1._.js:776
[  947931ms] [LOG] [Fast Refresh] done in 987ms @ http://localhost:3000/_next/static/chunks/1ldn_next_dist_06gedf1._.js:776
[  947993ms] [LOG] [Fast Refresh] done in 987ms @ http://localhost:3000/_next/static/chunks/1ldn_next_dist_06gedf1._.js:776
[  948055ms] [LOG] [Fast Refresh] done in 987ms @ http://localhost:3000/_next/static/chunks/1ldn_next_dist_06gedf1._.js:776
[  948117ms] [LOG] [Fast Refresh] done in 987ms @ http://localhost:3000/_next/static/chunks/1ldn_next_dist_06gedf1._.js:776
[  948180ms] [LOG] [Fast Refresh] done in 987ms @ http://localhost:3000/_next/static/chunks/1ldn_next_dist_06gedf1._.js:776
[  948240ms] [LOG] [Fast Refresh] done in 987ms @ http://localhost:3000/_next/static/chunks/1ldn_next_dist_06gedf1._.js:776
[  948304ms] [LOG] [Fast Refresh] done in 987ms @ http://localhost:3000/_next/static/chunks/1ldn_next_dist_06gedf1._.js:776
[  948368ms] [LOG] [Fast Refresh] done in 987ms @ http://localhost:3000/_next/static/chunks/1ldn_next_dist_06gedf1._.js:776
[  948431ms] [LOG] [Fast Refresh] done in 987ms @ http://localhost:3000/_next/static/chunks/1ldn_next_dist_06gedf1._.js:776
[  948493ms] [LOG] [Fast Refresh] done in 987ms @ http://localhost:3000/_next/static/chunks/1ldn_next_dist_06gedf1._.js:776
[  948556ms] [LOG] [Fast Refresh] done in 987ms @ http://localhost:3000/_next/static/chunks/1ldn_next_dist_06gedf1._.js:776
[  948618ms] [LOG] [Fast Refresh] done in 987ms @ http://localhost:3000/_next/static/chunks/1ldn_next_dist_06gedf1._.js:776
[  948680ms] [LOG] [Fast Refresh] done in 987ms @ http://localhost:3000/_next/static/chunks/1ldn_next_dist_06gedf1._.js:776
[  948742ms] [LOG] [Fast Refresh] done in 987ms @ http://localhost:3000/_next/static/chunks/1ldn_next_dist_06gedf1._.js:776
[  948802ms] [LOG] [Fast Refresh] done in 987ms @ http://localhost:3000/_next/static/chunks/1ldn_next_dist_06gedf1._.js:776
[  948865ms] [LOG] [Fast Refresh] done in 987ms @ http://localhost:3000/_next/static/chunks/1ldn_next_dist_06gedf1._.js:776
[  948929ms] [LOG] [Fast Refresh] done in 987ms @ http://localhost:3000/_next/static/chunks/1ldn_next_dist_06gedf1._.js:776
[  948990ms] [LOG] [Fast Refresh] done in 987ms @ http://localhost:3000/_next/static/chunks/1ldn_next_dist_06gedf1._.js:776
[  949052ms] [LOG] [Fast Refresh] done in 987ms @ http://localhost:3000/_next/static/chunks/1ldn_next_dist_06gedf1._.js:776
[  949115ms] [LOG] [Fast Refresh] done in 987ms @ http://localhost:3000/_next/static/chunks/1ldn_next_dist_06gedf1._.js:776
[  949178ms] [LOG] [Fast Refresh] done in 987ms @ http://localhost:3000/_next/static/chunks/1ldn_next_dist_06gedf1._.js:776
[  949239ms] [LOG] [Fast Refresh] done in 987ms @ http://localhost:3000/_next/static/chunks/1ldn_next_dist_06gedf1._.js:776
[  949301ms] [LOG] [Fast Refresh] done in 987ms @ http://localhost:3000/_next/static/chunks/1ldn_next_dist_06gedf1._.js:776
[  949363ms] [LOG] [Fast Refresh] done in 987ms @ http://localhost:3000/_next/static/chunks/1ldn_next_dist_06gedf1._.js:776
[  949442ms] [LOG] [Fast Refresh] done in 987ms @ http://localhost:3000/_next/static/chunks/1ldn_next_dist_06gedf1._.js:776
[  949503ms] [LOG] [Fast Refresh] done in 987ms @ http://localhost:3000/_next/static/chunks/1ldn_next_dist_06gedf1._.js:776
[  949565ms] [LOG] [Fast Refresh] done in 987ms @ http://localhost:3000/_next/static/chunks/1ldn_next_dist_06gedf1._.js:776
[  949635ms] [LOG] [Fast Refresh] done in 987ms @ http://localhost:3000/_next/static/chunks/1ldn_next_dist_06gedf1._.js:776
[  949696ms] [LOG] [Fast Refresh] done in 987ms @ http://localhost:3000/_next/static/chunks/1ldn_next_dist_06gedf1._.js:776
[  949758ms] [LOG] [Fast Refresh] done in 987ms @ http://localhost:3000/_next/static/chunks/1ldn_next_dist_06gedf1._.js:776
[  949821ms] [LOG] [Fast Refresh] done in 987ms @ http://localhost:3000/_next/static/chunks/1ldn_next_dist_06gedf1._.js:776
[  949899ms] [LOG] [Fast Refresh] done in 987ms @ http://localhost:3000/_next/static/chunks/1ldn_next_dist_06gedf1._.js:776
[  949961ms] [LOG] [Fast Refresh] done in 987ms @ http://localhost:3000/_next/static/chunks/1ldn_next_dist_06gedf1._.js:776
[  950023ms] [LOG] [Fast Refresh] done in 987ms @ http://localhost:3000/_next/static/chunks/1ldn_next_dist_06gedf1._.js:776
[  950086ms] [LOG] [Fast Refresh] done in 987ms @ http://localhost:3000/_next/static/chunks/1ldn_next_dist_06gedf1._.js:776
[  950149ms] [LOG] [Fast Refresh] done in 987ms @ http://localhost:3000/_next/static/chunks/1ldn_next_dist_06gedf1._.js:776
[  950211ms] [LOG] [Fast Refresh] done in 987ms @ http://localhost:3000/_next/static/chunks/1ldn_next_dist_06gedf1._.js:776
[  950270ms] [LOG] [Fast Refresh] done in 987ms @ http://localhost:3000/_next/static/chunks/1ldn_next_dist_06gedf1._.js:776
[  950335ms] [LOG] [Fast Refresh] done in 987ms @ http://localhost:3000/_next/static/chunks/1ldn_next_dist_06gedf1._.js:776
[  950397ms] [LOG] [Fast Refresh] done in 987ms @ http://localhost:3000/_next/static/chunks/1ldn_next_dist_06gedf1._.js:776
[  950458ms] [LOG] [Fast Refresh] done in 987ms @ http://localhost:3000/_next/static/chunks/1ldn_next_dist_06gedf1._.js:776
[  950518ms] [LOG] [Fast Refresh] done in 987ms @ http://localhost:3000/_next/static/chunks/1ldn_next_dist_06gedf1._.js:776
[  950581ms] [LOG] [Fast Refresh] done in 987ms @ http://localhost:3000/_next/static/chunks/1ldn_next_dist_06gedf1._.js:776
[  950642ms] [LOG] [Fast Refresh] done in 987ms @ http://localhost:3000/_next/static/chunks/1ldn_next_dist_06gedf1._.js:776
[  950705ms] [LOG] [Fast Refresh] done in 987ms @ http://localhost:3000/_next/static/chunks/1ldn_next_dist_06gedf1._.js:776
[  950766ms] [LOG] [Fast Refresh] done in 987ms @ http://localhost:3000/_next/static/chunks/1ldn_next_dist_06gedf1._.js:776
[  950829ms] [LOG] [Fast Refresh] done in 987ms @ http://localhost:3000/_next/static/chunks/1ldn_next_dist_06gedf1._.js:776
[  950892ms] [LOG] [Fast Refresh] done in 987ms @ http://localhost:3000/_next/static/chunks/1ldn_next_dist_06gedf1._.js:776
[  950954ms] [LOG] [Fast Refresh] done in 987ms @ http://localhost:3000/_next/static/chunks/1ldn_next_dist_06gedf1._.js:776
[  951015ms] [LOG] [Fast Refresh] done in 987ms @ http://localhost:3000/_next/static/chunks/1ldn_next_dist_06gedf1._.js:776
[  951075ms] [LOG] [Fast Refresh] done in 987ms @ http://localhost:3000/_next/static/chunks/1ldn_next_dist_06gedf1._.js:776
[  951139ms] [LOG] [Fast Refresh] done in 987ms @ http://localhost:3000/_next/static/chunks/1ldn_next_dist_06gedf1._.js:776
[  951199ms] [LOG] [Fast Refresh] done in 987ms @ http://localhost:3000/_next/static/chunks/1ldn_next_dist_06gedf1._.js:776
[  951262ms] [LOG] [Fast Refresh] done in 987ms @ http://localhost:3000/_next/static/chunks/1ldn_next_dist_06gedf1._.js:776
[  951324ms] [LOG] [Fast Refresh] done in 987ms @ http://localhost:3000/_next/static/chunks/1ldn_next_dist_06gedf1._.js:776
[  951386ms] [LOG] [Fast Refresh] done in 987ms @ http://localhost:3000/_next/static/chunks/1ldn_next_dist_06gedf1._.js:776
[  951450ms] [LOG] [Fast Refresh] done in 987ms @ http://localhost:3000/_next/static/chunks/1ldn_next_dist_06gedf1._.js:776
[  951513ms] [LOG] [Fast Refresh] done in 987ms @ http://localhost:3000/_next/static/chunks/1ldn_next_dist_06gedf1._.js:776
[  951574ms] [LOG] [Fast Refresh] done in 987ms @ http://localhost:3000/_next/static/chunks/1ldn_next_dist_06gedf1._.js:776
[  951638ms] [LOG] [Fast Refresh] done in 987ms @ http://localhost:3000/_next/static/chunks/1ldn_next_dist_06gedf1._.js:776
[  951702ms] [LOG] [Fast Refresh] done in 987ms @ http://localhost:3000/_next/static/chunks/1ldn_next_dist_06gedf1._.js:776
[  951766ms] [LOG] [Fast Refresh] done in 987ms @ http://localhost:3000/_next/static/chunks/1ldn_next_dist_06gedf1._.js:776
[  951829ms] [LOG] [Fast Refresh] done in 987ms @ http://localhost:3000/_next/static/chunks/1ldn_next_dist_06gedf1._.js:776
[  951894ms] [LOG] [Fast Refresh] done in 987ms @ http://localhost:3000/_next/static/chunks/1ldn_next_dist_06gedf1._.js:776
[  951955ms] [LOG] [Fast Refresh] done in 987ms @ http://localhost:3000/_next/static/chunks/1ldn_next_dist_06gedf1._.js:776
[  952222ms] [LOG] [Fast Refresh] rebuilding @ http://localhost:3000/_next/static/chunks/1ldn_next_dist_06gedf1._.js:776
[  952306ms] [LOG] [Fast Refresh] done in 125ms @ http://localhost:3000/_next/static/chunks/1ldn_next_dist_06gedf1._.js:776
[  952365ms] [LOG] [Fast Refresh] done in 125ms @ http://localhost:3000/_next/static/chunks/1ldn_next_dist_06gedf1._.js:776
[  952427ms] [LOG] [Fast Refresh] done in 125ms @ http://localhost:3000/_next/static/chunks/1ldn_next_dist_06gedf1._.js:776
[  952492ms] [LOG] [Fast Refresh] done in 125ms @ http://localhost:3000/_next/static/chunks/1ldn_next_dist_06gedf1._.js:776
[  952553ms] [LOG] [Fast Refresh] done in 125ms @ http://localhost:3000/_next/static/chunks/1ldn_next_dist_06gedf1._.js:776
[  952617ms] [LOG] [Fast Refresh] done in 125ms @ http://localhost:3000/_next/static/chunks/1ldn_next_dist_06gedf1._.js:776
[  952680ms] [LOG] [Fast Refresh] done in 125ms @ http://localhost:3000/_next/static/chunks/1ldn_next_dist_06gedf1._.js:776
[  952742ms] [LOG] [Fast Refresh] done in 125ms @ http://localhost:3000/_next/static/chunks/1ldn_next_dist_06gedf1._.js:776
[  952804ms] [LOG] [Fast Refresh] done in 125ms @ http://localhost:3000/_next/static/chunks/1ldn_next_dist_06gedf1._.js:776
[  952867ms] [LOG] [Fast Refresh] done in 125ms @ http://localhost:3000/_next/static/chunks/1ldn_next_dist_06gedf1._.js:776
[  952930ms] [LOG] [Fast Refresh] done in 125ms @ http://localhost:3000/_next/static/chunks/1ldn_next_dist_06gedf1._.js:776
[  952994ms] [LOG] [Fast Refresh] done in 125ms @ http://localhost:3000/_next/static/chunks/1ldn_next_dist_06gedf1._.js:776
[  953056ms] [LOG] [Fast Refresh] done in 125ms @ http://localhost:3000/_next/static/chunks/1ldn_next_dist_06gedf1._.js:776
[  953117ms] [LOG] [Fast Refresh] done in 125ms @ http://localhost:3000/_next/static/chunks/1ldn_next_dist_06gedf1._.js:776
[  953180ms] [LOG] [Fast Refresh] done in 125ms @ http://localhost:3000/_next/static/chunks/1ldn_next_dist_06gedf1._.js:776
[  953243ms] [LOG] [Fast Refresh] done in 125ms @ http://localhost:3000/_next/static/chunks/1ldn_next_dist_06gedf1._.js:776
[  953306ms] [LOG] [Fast Refresh] done in 125ms @ http://localhost:3000/_next/static/chunks/1ldn_next_dist_06gedf1._.js:776
[  953367ms] [LOG] [Fast Refresh] done in 125ms @ http://localhost:3000/_next/static/chunks/1ldn_next_dist_06gedf1._.js:776
[  953430ms] [LOG] [Fast Refresh] done in 125ms @ http://localhost:3000/_next/static/chunks/1ldn_next_dist_06gedf1._.js:776
[  953493ms] [LOG] [Fast Refresh] done in 125ms @ http://localhost:3000/_next/static/chunks/1ldn_next_dist_06gedf1._.js:776
[  953554ms] [LOG] [Fast Refresh] done in 125ms @ http://localhost:3000/_next/static/chunks/1ldn_next_dist_06gedf1._.js:776
[  953615ms] [LOG] [Fast Refresh] done in 125ms @ http://localhost:3000/_next/static/chunks/1ldn_next_dist_06gedf1._.js:776
[  953677ms] [LOG] [Fast Refresh] done in 125ms @ http://localhost:3000/_next/static/chunks/1ldn_next_dist_06gedf1._.js:776
[  953739ms] [LOG] [Fast Refresh] done in 125ms @ http://localhost:3000/_next/static/chunks/1ldn_next_dist_06gedf1._.js:776
[  953801ms] [LOG] [Fast Refresh] done in 125ms @ http://localhost:3000/_next/static/chunks/1ldn_next_dist_06gedf1._.js:776
[  953867ms] [LOG] [Fast Refresh] done in 125ms @ http://localhost:3000/_next/static/chunks/1ldn_next_dist_06gedf1._.js:776
[  953929ms] [LOG] [Fast Refresh] done in 125ms @ http://localhost:3000/_next/static/chunks/1ldn_next_dist_06gedf1._.js:776
[  953991ms] [LOG] [Fast Refresh] done in 125ms @ http://localhost:3000/_next/static/chunks/1ldn_next_dist_06gedf1._.js:776
[  954052ms] [LOG] [Fast Refresh] done in 125ms @ http://localhost:3000/_next/static/chunks/1ldn_next_dist_06gedf1._.js:776
[  954113ms] [LOG] [Fast Refresh] done in 125ms @ http://localhost:3000/_next/static/chunks/1ldn_next_dist_06gedf1._.js:776
[  954175ms] [LOG] [Fast Refresh] done in 125ms @ http://localhost:3000/_next/static/chunks/1ldn_next_dist_06gedf1._.js:776
[  954238ms] [LOG] [Fast Refresh] done in 125ms @ http://localhost:3000/_next/static/chunks/1ldn_next_dist_06gedf1._.js:776
[  954316ms] [LOG] [Fast Refresh] done in 125ms @ http://localhost:3000/_next/static/chunks/1ldn_next_dist_06gedf1._.js:776
[  954380ms] [LOG] [Fast Refresh] done in 125ms @ http://localhost:3000/_next/static/chunks/1ldn_next_dist_06gedf1._.js:776
[  954442ms] [LOG] [Fast Refresh] done in 125ms @ http://localhost:3000/_next/static/chunks/1ldn_next_dist_06gedf1._.js:776
[  954504ms] [LOG] [Fast Refresh] done in 125ms @ http://localhost:3000/_next/static/chunks/1ldn_next_dist_06gedf1._.js:776
[  954566ms] [LOG] [Fast Refresh] done in 125ms @ http://localhost:3000/_next/static/chunks/1ldn_next_dist_06gedf1._.js:776
[  954630ms] [LOG] [Fast Refresh] done in 125ms @ http://localhost:3000/_next/static/chunks/1ldn_next_dist_06gedf1._.js:776
[  954692ms] [LOG] [Fast Refresh] done in 125ms @ http://localhost:3000/_next/static/chunks/1ldn_next_dist_06gedf1._.js:776
[  954767ms] [LOG] [Fast Refresh] done in 125ms @ http://localhost:3000/_next/static/chunks/1ldn_next_dist_06gedf1._.js:776
[  954831ms] [LOG] [Fast Refresh] done in 125ms @ http://localhost:3000/_next/static/chunks/1ldn_next_dist_06gedf1._.js:776
[  954895ms] [LOG] [Fast Refresh] done in 125ms @ http://localhost:3000/_next/static/chunks/1ldn_next_dist_06gedf1._.js:776
[  954958ms] [LOG] [Fast Refresh] done in 125ms @ http://localhost:3000/_next/static/chunks/1ldn_next_dist_06gedf1._.js:776
[  955019ms] [LOG] [Fast Refresh] done in 125ms @ http://localhost:3000/_next/static/chunks/1ldn_next_dist_06gedf1._.js:776
[  955082ms] [LOG] [Fast Refresh] done in 125ms @ http://localhost:3000/_next/static/chunks/1ldn_next_dist_06gedf1._.js:776
[  955144ms] [LOG] [Fast Refresh] done in 125ms @ http://localhost:3000/_next/static/chunks/1ldn_next_dist_06gedf1._.js:776
[  955207ms] [LOG] [Fast Refresh] done in 125ms @ http://localhost:3000/_next/static/chunks/1ldn_next_dist_06gedf1._.js:776
[  955278ms] [LOG] [Fast Refresh] done in 125ms @ http://localhost:3000/_next/static/chunks/1ldn_next_dist_06gedf1._.js:776
[  955357ms] [LOG] [Fast Refresh] done in 125ms @ http://localhost:3000/_next/static/chunks/1ldn_next_dist_06gedf1._.js:776
[  955436ms] [LOG] [Fast Refresh] done in 125ms @ http://localhost:3000/_next/static/chunks/1ldn_next_dist_06gedf1._.js:776
[  955498ms] [LOG] [Fast Refresh] done in 125ms @ http://localhost:3000/_next/static/chunks/1ldn_next_dist_06gedf1._.js:776
[  955561ms] [LOG] [Fast Refresh] done in 125ms @ http://localhost:3000/_next/static/chunks/1ldn_next_dist_06gedf1._.js:776
[  955624ms] [LOG] [Fast Refresh] done in 125ms @ http://localhost:3000/_next/static/chunks/1ldn_next_dist_06gedf1._.js:776
[  955685ms] [LOG] [Fast Refresh] done in 125ms @ http://localhost:3000/_next/static/chunks/1ldn_next_dist_06gedf1._.js:776
[  955747ms] [LOG] [Fast Refresh] done in 125ms @ http://localhost:3000/_next/static/chunks/1ldn_next_dist_06gedf1._.js:776
[  955809ms] [LOG] [Fast Refresh] done in 125ms @ http://localhost:3000/_next/static/chunks/1ldn_next_dist_06gedf1._.js:776
[  955872ms] [LOG] [Fast Refresh] done in 125ms @ http://localhost:3000/_next/static/chunks/1ldn_next_dist_06gedf1._.js:776
[  955933ms] [LOG] [Fast Refresh] done in 125ms @ http://localhost:3000/_next/static/chunks/1ldn_next_dist_06gedf1._.js:776
[  955995ms] [LOG] [Fast Refresh] done in 125ms @ http://localhost:3000/_next/static/chunks/1ldn_next_dist_06gedf1._.js:776
[  956058ms] [LOG] [Fast Refresh] done in 125ms @ http://localhost:3000/_next/static/chunks/1ldn_next_dist_06gedf1._.js:776
[  956122ms] [LOG] [Fast Refresh] done in 125ms @ http://localhost:3000/_next/static/chunks/1ldn_next_dist_06gedf1._.js:776
[  956184ms] [LOG] [Fast Refresh] done in 125ms @ http://localhost:3000/_next/static/chunks/1ldn_next_dist_06gedf1._.js:776
[  956247ms] [LOG] [Fast Refresh] done in 125ms @ http://localhost:3000/_next/static/chunks/1ldn_next_dist_06gedf1._.js:776
[  956309ms] [LOG] [Fast Refresh] done in 125ms @ http://localhost:3000/_next/static/chunks/1ldn_next_dist_06gedf1._.js:776
[  956374ms] [LOG] [Fast Refresh] done in 125ms @ http://localhost:3000/_next/static/chunks/1ldn_next_dist_06gedf1._.js:776
[  956436ms] [LOG] [Fast Refresh] done in 125ms @ http://localhost:3000/_next/static/chunks/1ldn_next_dist_06gedf1._.js:776
[  956499ms] [LOG] [Fast Refresh] done in 125ms @ http://localhost:3000/_next/static/chunks/1ldn_next_dist_06gedf1._.js:776
[  956561ms] [LOG] [Fast Refresh] done in 125ms @ http://localhost:3000/_next/static/chunks/1ldn_next_dist_06gedf1._.js:776
[  956624ms] [LOG] [Fast Refresh] done in 125ms @ http://localhost:3000/_next/static/chunks/1ldn_next_dist_06gedf1._.js:776
[  956687ms] [LOG] [Fast Refresh] done in 125ms @ http://localhost:3000/_next/static/chunks/1ldn_next_dist_06gedf1._.js:776
[  956763ms] [LOG] [Fast Refresh] done in 125ms @ http://localhost:3000/_next/static/chunks/1ldn_next_dist_06gedf1._.js:776
[  956825ms] [LOG] [Fast Refresh] done in 125ms @ http://localhost:3000/_next/static/chunks/1ldn_next_dist_06gedf1._.js:776
[  956889ms] [LOG] [Fast Refresh] done in 125ms @ http://localhost:3000/_next/static/chunks/1ldn_next_dist_06gedf1._.js:776
[  956949ms] [LOG] [Fast Refresh] done in 125ms @ http://localhost:3000/_next/static/chunks/1ldn_next_dist_06gedf1._.js:776
[  957011ms] [LOG] [Fast Refresh] done in 125ms @ http://localhost:3000/_next/static/chunks/1ldn_next_dist_06gedf1._.js:776
[  957073ms] [LOG] [Fast Refresh] done in 125ms @ http://localhost:3000/_next/static/chunks/1ldn_next_dist_06gedf1._.js:776
[  957135ms] [LOG] [Fast Refresh] done in 125ms @ http://localhost:3000/_next/static/chunks/1ldn_next_dist_06gedf1._.js:776
[  957196ms] [LOG] [Fast Refresh] done in 125ms @ http://localhost:3000/_next/static/chunks/1ldn_next_dist_06gedf1._.js:776
[  957258ms] [LOG] [Fast Refresh] done in 125ms @ http://localhost:3000/_next/static/chunks/1ldn_next_dist_06gedf1._.js:776
[  957320ms] [LOG] [Fast Refresh] done in 125ms @ http://localhost:3000/_next/static/chunks/1ldn_next_dist_06gedf1._.js:776
[  957382ms] [LOG] [Fast Refresh] done in 125ms @ http://localhost:3000/_next/static/chunks/1ldn_next_dist_06gedf1._.js:776
[  957444ms] [LOG] [Fast Refresh] done in 125ms @ http://localhost:3000/_next/static/chunks/1ldn_next_dist_06gedf1._.js:776
[  957508ms] [LOG] [Fast Refresh] done in 125ms @ http://localhost:3000/_next/static/chunks/1ldn_next_dist_06gedf1._.js:776
[  957570ms] [LOG] [Fast Refresh] done in 125ms @ http://localhost:3000/_next/static/chunks/1ldn_next_dist_06gedf1._.js:776
[  957631ms] [LOG] [Fast Refresh] done in 125ms @ http://localhost:3000/_next/static/chunks/1ldn_next_dist_06gedf1._.js:776
[  957693ms] [LOG] [Fast Refresh] done in 125ms @ http://localhost:3000/_next/static/chunks/1ldn_next_dist_06gedf1._.js:776
[  957755ms] [LOG] [Fast Refresh] done in 125ms @ http://localhost:3000/_next/static/chunks/1ldn_next_dist_06gedf1._.js:776
[  957814ms] [LOG] [Fast Refresh] done in 125ms @ http://localhost:3000/_next/static/chunks/1ldn_next_dist_06gedf1._.js:776
[  957877ms] [LOG] [Fast Refresh] done in 125ms @ http://localhost:3000/_next/static/chunks/1ldn_next_dist_06gedf1._.js:776
[  957940ms] [LOG] [Fast Refresh] done in 125ms @ http://localhost:3000/_next/static/chunks/1ldn_next_dist_06gedf1._.js:776
[  958002ms] [LOG] [Fast Refresh] done in 125ms @ http://localhost:3000/_next/static/chunks/1ldn_next_dist_06gedf1._.js:776
[  958063ms] [LOG] [Fast Refresh] done in 125ms @ http://localhost:3000/_next/static/chunks/1ldn_next_dist_06gedf1._.js:776
[  958126ms] [LOG] [Fast Refresh] done in 125ms @ http://localhost:3000/_next/static/chunks/1ldn_next_dist_06gedf1._.js:776
[  958189ms] [LOG] [Fast Refresh] done in 125ms @ http://localhost:3000/_next/static/chunks/1ldn_next_dist_06gedf1._.js:776
[  958252ms] [LOG] [Fast Refresh] done in 125ms @ http://localhost:3000/_next/static/chunks/1ldn_next_dist_06gedf1._.js:776
[  958314ms] [LOG] [Fast Refresh] done in 125ms @ http://localhost:3000/_next/static/chunks/1ldn_next_dist_06gedf1._.js:776
[  958376ms] [LOG] [Fast Refresh] done in 125ms @ http://localhost:3000/_next/static/chunks/1ldn_next_dist_06gedf1._.js:776
[  958439ms] [LOG] [Fast Refresh] done in 125ms @ http://localhost:3000/_next/static/chunks/1ldn_next_dist_06gedf1._.js:776
[  958502ms] [LOG] [Fast Refresh] done in 125ms @ http://localhost:3000/_next/static/chunks/1ldn_next_dist_06gedf1._.js:776
[  958581ms] [LOG] [Fast Refresh] done in 125ms @ http://localhost:3000/_next/static/chunks/1ldn_next_dist_06gedf1._.js:776
[  958643ms] [LOG] [Fast Refresh] done in 125ms @ http://localhost:3000/_next/static/chunks/1ldn_next_dist_06gedf1._.js:776
[  958705ms] [LOG] [Fast Refresh] done in 125ms @ http://localhost:3000/_next/static/chunks/1ldn_next_dist_06gedf1._.js:776
[  958768ms] [LOG] [Fast Refresh] done in 125ms @ http://localhost:3000/_next/static/chunks/1ldn_next_dist_06gedf1._.js:776
[  958829ms] [LOG] [Fast Refresh] done in 125ms @ http://localhost:3000/_next/static/chunks/1ldn_next_dist_06gedf1._.js:776
[  958891ms] [LOG] [Fast Refresh] done in 125ms @ http://localhost:3000/_next/static/chunks/1ldn_next_dist_06gedf1._.js:776
[  958956ms] [LOG] [Fast Refresh] done in 125ms @ http://localhost:3000/_next/static/chunks/1ldn_next_dist_06gedf1._.js:776
[  959015ms] [LOG] [Fast Refresh] done in 125ms @ http://localhost:3000/_next/static/chunks/1ldn_next_dist_06gedf1._.js:776
[  959076ms] [LOG] [Fast Refresh] done in 125ms @ http://localhost:3000/_next/static/chunks/1ldn_next_dist_06gedf1._.js:776
[  959140ms] [LOG] [Fast Refresh] done in 125ms @ http://localhost:3000/_next/static/chunks/1ldn_next_dist_06gedf1._.js:776
[  959203ms] [LOG] [Fast Refresh] done in 125ms @ http://localhost:3000/_next/static/chunks/1ldn_next_dist_06gedf1._.js:776
[  959264ms] [LOG] [Fast Refresh] done in 125ms @ http://localhost:3000/_next/static/chunks/1ldn_next_dist_06gedf1._.js:776
[  959326ms] [LOG] [Fast Refresh] done in 125ms @ http://localhost:3000/_next/static/chunks/1ldn_next_dist_06gedf1._.js:776
[  959389ms] [LOG] [Fast Refresh] done in 125ms @ http://localhost:3000/_next/static/chunks/1ldn_next_dist_06gedf1._.js:776
[  959450ms] [LOG] [Fast Refresh] done in 125ms @ http://localhost:3000/_next/static/chunks/1ldn_next_dist_06gedf1._.js:776
[  959512ms] [LOG] [Fast Refresh] done in 125ms @ http://localhost:3000/_next/static/chunks/1ldn_next_dist_06gedf1._.js:776
[  959574ms] [LOG] [Fast Refresh] done in 125ms @ http://localhost:3000/_next/static/chunks/1ldn_next_dist_06gedf1._.js:776
[  959637ms] [LOG] [Fast Refresh] done in 125ms @ http://localhost:3000/_next/static/chunks/1ldn_next_dist_06gedf1._.js:776
[  959698ms] [LOG] [Fast Refresh] done in 125ms @ http://localhost:3000/_next/static/chunks/1ldn_next_dist_06gedf1._.js:776
[  959761ms] [LOG] [Fast Refresh] done in 125ms @ http://localhost:3000/_next/static/chunks/1ldn_next_dist_06gedf1._.js:776
[  959823ms] [LOG] [Fast Refresh] done in 125ms @ http://localhost:3000/_next/static/chunks/1ldn_next_dist_06gedf1._.js:776
[  959887ms] [LOG] [Fast Refresh] done in 125ms @ http://localhost:3000/_next/static/chunks/1ldn_next_dist_06gedf1._.js:776
[  959948ms] [LOG] [Fast Refresh] done in 125ms @ http://localhost:3000/_next/static/chunks/1ldn_next_dist_06gedf1._.js:776
[  960010ms] [LOG] [Fast Refresh] done in 125ms @ http://localhost:3000/_next/static/chunks/1ldn_next_dist_06gedf1._.js:776
[  960072ms] [LOG] [Fast Refresh] done in 125ms @ http://localhost:3000/_next/static/chunks/1ldn_next_dist_06gedf1._.js:776
[  960135ms] [LOG] [Fast Refresh] done in 125ms @ http://localhost:3000/_next/static/chunks/1ldn_next_dist_06gedf1._.js:776
[  960197ms] [LOG] [Fast Refresh] done in 125ms @ http://localhost:3000/_next/static/chunks/1ldn_next_dist_06gedf1._.js:776
[  960262ms] [LOG] [Fast Refresh] done in 125ms @ http://localhost:3000/_next/static/chunks/1ldn_next_dist_06gedf1._.js:776
[  960322ms] [LOG] [Fast Refresh] done in 125ms @ http://localhost:3000/_next/static/chunks/1ldn_next_dist_06gedf1._.js:776
[  960384ms] [LOG] [Fast Refresh] done in 125ms @ http://localhost:3000/_next/static/chunks/1ldn_next_dist_06gedf1._.js:776
[  960445ms] [LOG] [Fast Refresh] done in 125ms @ http://localhost:3000/_next/static/chunks/1ldn_next_dist_06gedf1._.js:776
[  960506ms] [LOG] [Fast Refresh] done in 125ms @ http://localhost:3000/_next/static/chunks/1ldn_next_dist_06gedf1._.js:776
[  960570ms] [LOG] [Fast Refresh] done in 125ms @ http://localhost:3000/_next/static/chunks/1ldn_next_dist_06gedf1._.js:776
[  960633ms] [LOG] [Fast Refresh] done in 125ms @ http://localhost:3000/_next/static/chunks/1ldn_next_dist_06gedf1._.js:776
[  960694ms] [LOG] [Fast Refresh] done in 125ms @ http://localhost:3000/_next/static/chunks/1ldn_next_dist_06gedf1._.js:776
[  960757ms] [LOG] [Fast Refresh] done in 125ms @ http://localhost:3000/_next/static/chunks/1ldn_next_dist_06gedf1._.js:776
[  960818ms] [LOG] [Fast Refresh] done in 125ms @ http://localhost:3000/_next/static/chunks/1ldn_next_dist_06gedf1._.js:776
[  960881ms] [LOG] [Fast Refresh] done in 125ms @ http://localhost:3000/_next/static/chunks/1ldn_next_dist_06gedf1._.js:776
[  960946ms] [LOG] [Fast Refresh] done in 125ms @ http://localhost:3000/_next/static/chunks/1ldn_next_dist_06gedf1._.js:776
[  961009ms] [LOG] [Fast Refresh] done in 125ms @ http://localhost:3000/_next/static/chunks/1ldn_next_dist_06gedf1._.js:776
[  961105ms] [LOG] [Fast Refresh] done in 125ms @ http://localhost:3000/_next/static/chunks/1ldn_next_dist_06gedf1._.js:776
[  961665ms] [INFO] %cDownload the React DevTools for a better development experience: https://react.dev/link/react-devtools font-weight:bold @ http://localhost:3000/_next/static/chunks/1ldn_next_dist_06gedf1._.js:776
[  961773ms] [LOG] [HMR] connected @ http://localhost:3000/_next/static/chunks/1ldn_next_dist_06gedf1._.js:776
[  962738ms] [INFO] %cDownload the React DevTools for a better development experience: https://react.dev/link/react-devtools font-weight:bold @ http://localhost:3000/_next/static/chunks/1ldn_next_dist_06gedf1._.js:776
[  962819ms] [LOG] [HMR] connected @ http://localhost:3000/_next/static/chunks/1ldn_next_dist_06gedf1._.js:776
[  963592ms] [INFO] %cDownload the React DevTools for a better development experience: https://react.dev/link/react-devtools font-weight:bold @ http://localhost:3000/_next/static/chunks/1ldn_next_dist_06gedf1._.js:776
[  963658ms] [LOG] [HMR] connected @ http://localhost:3000/_next/static/chunks/1ldn_next_dist_06gedf1._.js:776
[  964505ms] [INFO] %cDownload the React DevTools for a better development experience: https://react.dev/link/react-devtools font-weight:bold @ http://localhost:3000/_next/static/chunks/1ldn_next_dist_06gedf1._.js:776
[  964587ms] [LOG] [HMR] connected @ http://localhost:3000/_next/static/chunks/1ldn_next_dist_06gedf1._.js:776
[  965148ms] [ERROR] A tree hydrated but some attributes of the server rendered HTML didn't match the client properties. This won't be patched up. This can happen if a SSR-ed Client Component used:

- A server/client branch `if (typeof window !== 'undefined')`.
- Variable input such as `Date.now()` or `Math.random()` which changes each time it's called.
- Date formatting in a user's locale which doesn't match the server.
- External changing data without sending a snapshot of it along with the HTML.
- Invalid HTML tag nesting.

It can also happen if the client has a browser extension installed which messes with the HTML before React loaded.

%s%s https://react.dev/link/hydration-mismatch 

  ...
    <HTTPAccessFallbackBoundary notFound={{...}} forbidden={undefined} unauthorized={undefined}>
      <HTTPAccessFallbackErrorBoundary pathname="/" notFound={{...}} forbidden={undefined} unauthorized={undefined} ...>
        <RedirectBoundary>
          <RedirectErrorBoundary router={{...}}>
            <InnerLayoutRouter url="/" tree={[...]} params={{}} cacheNode={{rsc:{...}, ...}} segmentPath={[...]} ...>
              <SegmentViewNode type="page" pagePath="page.tsx">
                <SegmentTrieNode>
                <Home>
                  <HomeLanding>
                    <div>
                      <section>
                      <section>
                      <section>
                      <section>
                      <section className="border-t b...">
                        <div className="mx-auto gr...">
                          <div>
                          <div className="lg:col-spa...">
                            <ContactForm>
                              <form method="post" className="grid gap-4" onFocus={function onFocus} ...>
                                ...
                                  <Input id="contact-name" name="name" autoComplete="name" required={true} ...>
                                    <Input type={undefined} data-slot="input" className="h-12 w-ful..." id="contact-name" ...>
                                      <FieldControl ref={null} type={undefined} data-slot="input" ...>
                                        <input
                                          id="contact-name"
                                          disabled={false}
                                          name="name"
                                          ref={function}
                                          aria-labelledby={undefined}
                                          autoFocus={false}
                                          defaultValue={undefined}
                                          onChange={function}
                                          onFocus={function}
                                          onBlur={function}
                                          onKeyDown={function}
                                          type={undefined}
                                          data-slot="input"
                                          autoComplete="name"
                                          required={true}
                                          aria-describedby={undefined}
                                          className="h-12 w-full min-w-0 rounded-xl border border-input bg-muted/50 px..."
-                                         style={{caret-color:"transparent"}}
                                        >
                                ...
                                  <Input id="contact-email" name="email" type="email" autoComplete="email" ...>
                                    <Input type="email" data-slot="input" className="h-12 w-ful..." id="contact-email" ...>
                                      <FieldControl ref={null} type="email" data-slot="input" className="h-12 w-ful..." ...>
                                        <input
                                          id="contact-email"
                                          disabled={false}
                                          name="email"
                                          ref={function}
                                          aria-labelledby={undefined}
                                          autoFocus={false}
                                          defaultValue={undefined}
                                          onChange={function}
                                          onFocus={function}
                                          onBlur={function}
                                          onKeyDown={function}
                                          type="email"
                                          data-slot="input"
                                          autoComplete="email"
                                          inputMode="email"
                                          required={true}
                                          className="h-12 w-full min-w-0 rounded-xl border border-input bg-muted/50 px..."
-                                         style={{caret-color:"transparent"}}
                                        >
                                ...
                                  <Input id="contact-phone" name="phone" type="tel" autoComplete="tel" inputMode="tel" ...>
                                    <Input type="tel" data-slot="input" className="h-12 w-ful..." id="contact-phone" ...>
                                      <FieldControl ref={null} type="tel" data-slot="input" className="h-12 w-ful..." ...>
                                        <input
                                          id="contact-phone"
                                          disabled={false}
                                          name="phone"
                                          ref={function}
                                          aria-labelledby={undefined}
                                          autoFocus={false}
                                          defaultValue={undefined}
                                          onChange={function}
                                          onFocus={function}
                                          onBlur={function}
                                          onKeyDown={function}
                                          type="tel"
                                          data-slot="input"
                                          autoComplete="tel"
                                          inputMode="tel"
                                          required={true}
                                          className="h-12 w-full min-w-0 rounded-xl border border-input bg-muted/50 px..."
-                                         style={{caret-color:"transparent"}}
                                        >
                                <Field label="Message" htmlFor="contact-me...">
                                  <div className="grid gap-1.5">
                                    <label>
                                    <div data-describedby={undefined}>
                                      <Textarea id="contact-me..." name="message" required={true} maxLength={1000}>
                                        <textarea
                                          data-slot="textarea"
                                          className="flex field-sizing-content min-h-28 w-full rounded-xl border borde..."
                                          id="contact-message"
                                          name="message"
                                          required={true}
                                          maxLength={1000}
-                                         style={{caret-color:"transparent"}}
                                        >
                                <input
                                  name="company"
                                  tabIndex={-1}
                                  autoComplete="off"
                                  className="hidden"
                                  aria-hidden="true"
-                                 style={{caret-color:"transparent"}}
                                >
                                ...
              ...
            ...
 @ http://localhost:3000/_next/static/chunks/1ldn_next_dist_06gedf1._.js:1052
[  965517ms] [LOG] [Fast Refresh] rebuilding @ http://localhost:3000/_next/static/chunks/1ldn_next_dist_06gedf1._.js:776
[  965520ms] [LOG] [Fast Refresh] done in 108ms @ http://localhost:3000/_next/static/chunks/1ldn_next_dist_06gedf1._.js:776
[  994132ms] [LOG] [Fast Refresh] rebuilding @ http://localhost:3000/_next/static/chunks/1ldn_next_dist_06gedf1._.js:776
[  994357ms] [LOG] [Fast Refresh] done in 307ms @ http://localhost:3000/_next/static/chunks/1ldn_next_dist_06gedf1._.js:776
[  994443ms] [LOG] [Fast Refresh] done in 307ms @ http://localhost:3000/_next/static/chunks/1ldn_next_dist_06gedf1._.js:776
[  994501ms] [LOG] [Fast Refresh] done in 307ms @ http://localhost:3000/_next/static/chunks/1ldn_next_dist_06gedf1._.js:776
[  994562ms] [LOG] [Fast Refresh] done in 307ms @ http://localhost:3000/_next/static/chunks/1ldn_next_dist_06gedf1._.js:776
[  994629ms] [LOG] [Fast Refresh] done in 307ms @ http://localhost:3000/_next/static/chunks/1ldn_next_dist_06gedf1._.js:776
[  994632ms] [LOG] [Fast Refresh] done in 307ms @ http://localhost:3000/_next/static/chunks/1ldn_next_dist_06gedf1._.js:776
[  994724ms] [LOG] [Fast Refresh] done in 307ms @ http://localhost:3000/_next/static/chunks/1ldn_next_dist_06gedf1._.js:776
[  994900ms] [LOG] [Fast Refresh] rebuilding @ http://localhost:3000/_next/static/chunks/1ldn_next_dist_06gedf1._.js:776
[  995089ms] [LOG] [Fast Refresh] done in 117ms @ http://localhost:3000/_next/static/chunks/1ldn_next_dist_06gedf1._.js:776
[  995172ms] [LOG] [Fast Refresh] done in 117ms @ http://localhost:3000/_next/static/chunks/1ldn_next_dist_06gedf1._.js:776
[  995232ms] [LOG] [Fast Refresh] done in 117ms @ http://localhost:3000/_next/static/chunks/1ldn_next_dist_06gedf1._.js:776
[  995323ms] [LOG] [Fast Refresh] done in 117ms @ http://localhost:3000/_next/static/chunks/1ldn_next_dist_06gedf1._.js:776
[  995387ms] [LOG] [Fast Refresh] done in 117ms @ http://localhost:3000/_next/static/chunks/1ldn_next_dist_06gedf1._.js:776
[  995448ms] [LOG] [Fast Refresh] done in 117ms @ http://localhost:3000/_next/static/chunks/1ldn_next_dist_06gedf1._.js:776
[  995512ms] [LOG] [Fast Refresh] done in 117ms @ http://localhost:3000/_next/static/chunks/1ldn_next_dist_06gedf1._.js:776
[  995669ms] [LOG] [Fast Refresh] rebuilding @ http://localhost:3000/_next/static/chunks/1ldn_next_dist_06gedf1._.js:776
[  995777ms] [LOG] [Fast Refresh] done in 72ms @ http://localhost:3000/_next/static/chunks/1ldn_next_dist_06gedf1._.js:776
[  995848ms] [LOG] [Fast Refresh] done in 72ms @ http://localhost:3000/_next/static/chunks/1ldn_next_dist_06gedf1._.js:776
[  996069ms] [LOG] [Fast Refresh] rebuilding @ http://localhost:3000/_next/static/chunks/1ldn_next_dist_06gedf1._.js:776
[  996124ms] [LOG] [Fast Refresh] done in 109ms @ http://localhost:3000/_next/static/chunks/1ldn_next_dist_06gedf1._.js:776
[  996197ms] [LOG] [Fast Refresh] done in 109ms @ http://localhost:3000/_next/static/chunks/1ldn_next_dist_06gedf1._.js:776
[  996261ms] [LOG] [Fast Refresh] done in 109ms @ http://localhost:3000/_next/static/chunks/1ldn_next_dist_06gedf1._.js:776
[  996346ms] [LOG] [Fast Refresh] done in 109ms @ http://localhost:3000/_next/static/chunks/1ldn_next_dist_06gedf1._.js:776
[ 1079138ms] [ERROR] WebSocket connection to 'ws://localhost:3000/_next/hmr?id=4W89YFbx66xCzQA_5c3Z8' failed: Error in connection establishment: net::ERR_CONNECTION_REFUSED @ http://localhost:3000/_next/static/chunks/1ldn_next_dist_client_1qeohaf._.js:16348
[ 1080153ms] [ERROR] WebSocket connection to 'ws://localhost:3000/_next/hmr?id=4W89YFbx66xCzQA_5c3Z8' failed: Error in connection establishment: net::ERR_CONNECTION_REFUSED @ http://localhost:3000/_next/static/chunks/1ldn_next_dist_client_1qeohaf._.js:16348
[ 1081169ms] [ERROR] WebSocket connection to 'ws://localhost:3000/_next/hmr?id=4W89YFbx66xCzQA_5c3Z8' failed: Error in connection establishment: net::ERR_CONNECTION_REFUSED @ http://localhost:3000/_next/static/chunks/1ldn_next_dist_client_1qeohaf._.js:16348
