[    2213ms] [WARNING] Allow attribute will take precedence over 'allowfullscreen'. @ http://localhost:3000/recce:24
[    2537ms] [INFO] %cDownload the React DevTools for a better development experience: https://react.dev/link/react-devtools font-weight:bold @ http://localhost:3000/_next/static/chunks/1ldn_next_dist_06gedf1._.js:776
[    2863ms] [LOG] [HMR] connected @ http://localhost:3000/_next/static/chunks/1ldn_next_dist_06gedf1._.js:776
[    3196ms] [LOG] [Fast Refresh] rebuilding @ http://localhost:3000/_next/static/chunks/1ldn_next_dist_06gedf1._.js:776
[    5167ms] [ERROR] Permissions policy violation: accelerometer is not allowed in this document. @ https://storage.googleapis.com/bigdatahomes/frontend-static/vendors~2.7df4f64c5b86cc63.js:3
[    5170ms] [WARNING] The deviceorientation events are blocked by permissions policy. See https://github.com/w3c/webappsec-permissions-policy/blob/master/features.md#sensor-features @ https://storage.googleapis.com/bigdatahomes/frontend-static/vendors~2.7df4f64c5b86cc63.js:3
[    5172ms] [ERROR] Permissions policy violation: accelerometer is not allowed in this document. @ https://storage.googleapis.com/bigdatahomes/frontend-static/vendors~2.7df4f64c5b86cc63.js:3
[    5172ms] [WARNING] The deviceorientation events are blocked by permissions policy. See https://github.com/w3c/webappsec-permissions-policy/blob/master/features.md#sensor-features @ https://storage.googleapis.com/bigdatahomes/frontend-static/vendors~2.7df4f64c5b86cc63.js:3
[    5245ms] [ERROR] Permissions policy violation: accelerometer is not allowed in this document. @ https://storage.googleapis.com/bigdatahomes/frontend-static/vendors~2.7df4f64c5b86cc63.js:3
[    5245ms] [WARNING] The deviceorientation events are blocked by permissions policy. See https://github.com/w3c/webappsec-permissions-policy/blob/master/features.md#sensor-features @ https://storage.googleapis.com/bigdatahomes/frontend-static/vendors~2.7df4f64c5b86cc63.js:3
[    5372ms] [LOG] [Fast Refresh] done in 2287ms @ http://localhost:3000/_next/static/chunks/1ldn_next_dist_06gedf1._.js:776
[    6404ms] [LOG] %c [UTS] [34977] [e_c] Initialized: web v1.0.0 color: green; @ https://storage.googleapis.com/bigdatahomes/frontend-static/vendors~2.7df4f64c5b86cc63.js:23
[    8488ms] [WARNING] [Meta pixel] 876810729805531 is unavailable on this website due to it's traffic permission settings. Go to https://www.facebook.com/business/help/572690630080597 to learn more. @ https://storage.googleapis.com/bigdatahomes/frontend-static/vendors~2.7df4f64c5b86cc63.js:23
[    8973ms] [LOG] %c [UTS] [34977] [gusid] HB-ET_288a646ad72b31113ace13fe2aef9b68426bb48a16d9148f839c3744dd77a328 color: green; @ https://storage.googleapis.com/bigdatahomes/frontend-static/vendors~2.7df4f64c5b86cc63.js:23
[    8997ms] [LOG] [Fast Refresh] rebuilding @ http://localhost:3000/_next/static/chunks/1ldn_next_dist_06gedf1._.js:776
[    9739ms] [LOG] [Fast Refresh] done in 917ms @ http://localhost:3000/_next/static/chunks/1ldn_next_dist_06gedf1._.js:776
[   10808ms] [ERROR] Access to fetch at 'https://t.cloudpano.com/v1/lst/pc?prev_url=http%3A%2F%2Flocalhost%3A3000%2F&ref_url=https%3A%2F%2Fapp.cloudpano.com%2Ftours%2FWB5YSd4dWBak%3FsceneId%3DhVMu_wGjCM&u_agent=Mozilla%2F5.0+%28Windows+NT+10.0%3B+Win64%3B+x64%29+AppleWebKit%2F537.36+%28KHTML%2C+like+Gecko%29+Chrome%2F154.0.0.0+Safari%2F537.36' from origin 'https://app.cloudpano.com' has been blocked by CORS policy: Response to preflight request doesn't pass access control check: No 'Access-Control-Allow-Origin' header is present on the requested resource. @ https://app.cloudpano.com/tours/WB5YSd4dWBak?sceneId=hVMu_wGjCM:0
[   10813ms] [ERROR] Failed to load resource: net::ERR_FAILED @ https://t.cloudpano.com/v1/lst/pc?prev_url=http%3A%2F%2Flocalhost%3A3000%2F&ref_url=https%3A%2F%2Fapp.cloudpano.com%2Ftours%2FWB5YSd4dWBak%3FsceneId%3DhVMu_wGjCM&u_agent=Mozilla%2F5.0+%28Windows+NT+10.0%3B+Win64%3B+x64%29+AppleWebKit%2F537.36+%28KHTML%2C+like+Gecko%29+Chrome%2F154.0.0.0+Safari%2F537.36:0
[   11070ms] [ERROR] Access to XMLHttpRequest at 'https://t.cloudpano.com/v1/lst/pc?prev_url=http%3A%2F%2Flocalhost%3A3000%2F&ref_url=https%3A%2F%2Fapp.cloudpano.com%2Ftours%2FWB5YSd4dWBak%3FsceneId%3DhVMu_wGjCM&u_agent=Mozilla%2F5.0+%28Windows+NT+10.0%3B+Win64%3B+x64%29+AppleWebKit%2F537.36+%28KHTML%2C+like+Gecko%29+Chrome%2F154.0.0.0+Safari%2F537.36' from origin 'https://app.cloudpano.com' has been blocked by CORS policy: Response to preflight request doesn't pass access control check: No 'Access-Control-Allow-Origin' header is present on the requested resource. @ https://app.cloudpano.com/tours/WB5YSd4dWBak?sceneId=hVMu_wGjCM:0
[   11072ms] [ERROR] Failed to load resource: net::ERR_FAILED @ https://t.cloudpano.com/v1/lst/pc?prev_url=http%3A%2F%2Flocalhost%3A3000%2F&ref_url=https%3A%2F%2Fapp.cloudpano.com%2Ftours%2FWB5YSd4dWBak%3FsceneId%3DhVMu_wGjCM&u_agent=Mozilla%2F5.0+%28Windows+NT+10.0%3B+Win64%3B+x64%29+AppleWebKit%2F537.36+%28KHTML%2C+like+Gecko%29+Chrome%2F154.0.0.0+Safari%2F537.36:0
[   11321ms] [ERROR] Access to fetch at 'https://t.cloudpano.com/v1/lst/pc?prev_url=http%3A%2F%2Flocalhost%3A3000%2F&ref_url=https%3A%2F%2Fapp.cloudpano.com%2Ftours%2FWB5YSd4dWBak%3FsceneId%3DhVMu_wGjCM&u_agent=Mozilla%2F5.0+%28Windows+NT+10.0%3B+Win64%3B+x64%29+AppleWebKit%2F537.36+%28KHTML%2C+like+Gecko%29+Chrome%2F154.0.0.0+Safari%2F537.36' from origin 'https://app.cloudpano.com' has been blocked by CORS policy: Response to preflight request doesn't pass access control check: No 'Access-Control-Allow-Origin' header is present on the requested resource. @ https://app.cloudpano.com/tours/WB5YSd4dWBak?sceneId=hVMu_wGjCM:0
[   11322ms] [ERROR] Failed to load resource: net::ERR_FAILED @ https://t.cloudpano.com/v1/lst/pc?prev_url=http%3A%2F%2Flocalhost%3A3000%2F&ref_url=https%3A%2F%2Fapp.cloudpano.com%2Ftours%2FWB5YSd4dWBak%3FsceneId%3DhVMu_wGjCM&u_agent=Mozilla%2F5.0+%28Windows+NT+10.0%3B+Win64%3B+x64%29+AppleWebKit%2F537.36+%28KHTML%2C+like+Gecko%29+Chrome%2F154.0.0.0+Safari%2F537.36:0
[   11352ms] Uncaught (in promise) TypeError: Cannot read properties of undefined (reading 'clickId')
    at processFirstName (https://t.cloudpano.com/v1/lst/universal-script?ph=3497790c2bc9033ae79725f86bba7a43e67712f507789e8ce6c6999c40c68a3a&tag=!clicked&ref_url=https://app.cloudpano.com/tours/WB5YSd4dWBak?sceneId=hVMu_wGjCM:0:67333)
    at <anonymous> (https://t.cloudpano.com/v1/lst/universal-script?ph=3497790c2bc9033ae79725f86bba7a43e67712f507789e8ce6c6999c40c68a3a&tag=!clicked&ref_url=https://app.cloudpano.com/tours/WB5YSd4dWBak?sceneId=hVMu_wGjCM:0:119788)
[   18159ms] [LOG] [Fast Refresh] rebuilding @ http://localhost:3000/_next/static/chunks/1ldn_next_dist_06gedf1._.js:776
[   18531ms] [LOG] [Fast Refresh] done in 475ms @ http://localhost:3000/_next/static/chunks/1ldn_next_dist_06gedf1._.js:776
[   20532ms] [LOG] [Fast Refresh] rebuilding @ http://localhost:3000/_next/static/chunks/1ldn_next_dist_06gedf1._.js:776
[   21650ms] [WARNING] THREE.Clock: This module has been deprecated. Please use THREE.Timer instead. @ http://localhost:3000/_next/static/chunks/1ldn_next_dist_06gedf1._.js:776
[   22109ms] [LOG] [Fast Refresh] done in 1574ms @ http://localhost:3000/_next/static/chunks/1ldn_next_dist_06gedf1._.js:776
[   22250ms] [LOG] [Fast Refresh] done in 1574ms @ http://localhost:3000/_next/static/chunks/1ldn_next_dist_06gedf1._.js:776
[   22680ms] [WARNING] [Meta pixel] 876810729805531 is unavailable on this website due to it's traffic permission settings. Go to https://www.facebook.com/business/help/572690630080597 to learn more. @ https://storage.googleapis.com/bigdatahomes/frontend-static/vendors~2.7df4f64c5b86cc63.js:23
[   22866ms] [LOG] [Fast Refresh] done in 1574ms @ http://localhost:3000/_next/static/chunks/1ldn_next_dist_06gedf1._.js:776
[   22912ms] [LOG] [Fast Refresh] done in 1574ms @ http://localhost:3000/_next/static/chunks/1ldn_next_dist_06gedf1._.js:776
[   23065ms] [LOG] [Fast Refresh] done in 1574ms @ http://localhost:3000/_next/static/chunks/1ldn_next_dist_06gedf1._.js:776
[   23162ms] [LOG] [Fast Refresh] done in 1574ms @ http://localhost:3000/_next/static/chunks/1ldn_next_dist_06gedf1._.js:776
[   23231ms] [LOG] [Fast Refresh] done in 1574ms @ http://localhost:3000/_next/static/chunks/1ldn_next_dist_06gedf1._.js:776
[   23274ms] [LOG] [Fast Refresh] done in 1574ms @ http://localhost:3000/_next/static/chunks/1ldn_next_dist_06gedf1._.js:776
[   23351ms] [LOG] [Fast Refresh] done in 1574ms @ http://localhost:3000/_next/static/chunks/1ldn_next_dist_06gedf1._.js:776
[   23408ms] [LOG] [Fast Refresh] done in 1574ms @ http://localhost:3000/_next/static/chunks/1ldn_next_dist_06gedf1._.js:776
[   23577ms] [LOG] [Fast Refresh] done in 1574ms @ http://localhost:3000/_next/static/chunks/1ldn_next_dist_06gedf1._.js:776
[   25251ms] [LOG] %c [UTS] [34977] [e_c] Initialized: web v1.0.0 color: green; @ https://storage.googleapis.com/bigdatahomes/frontend-static/vendors~2.7df4f64c5b86cc63.js:23
[   25603ms] [LOG] %c [UTS] [34977] [gusid] HB-ET_288a646ad72b31113ace13fe2aef9b68426bb48a16d9148f839c3744dd77a328 color: green; @ https://storage.googleapis.com/bigdatahomes/frontend-static/vendors~2.7df4f64c5b86cc63.js:23
[   26752ms] [WARNING] Allow attribute will take precedence over 'allowfullscreen'. @ http://localhost:3000/studios/empty-studio:148
[   26989ms] [INFO] %cDownload the React DevTools for a better development experience: https://react.dev/link/react-devtools font-weight:bold @ http://localhost:3000/_next/static/chunks/1ldn_next_dist_06gedf1._.js:776
[   27073ms] [LOG] [HMR] connected @ http://localhost:3000/_next/static/chunks/1ldn_next_dist_06gedf1._.js:776
[   27486ms] [LOG] [Fast Refresh] rebuilding @ http://localhost:3000/_next/static/chunks/1ldn_next_dist_06gedf1._.js:776
[   28169ms] [WARNING] [Meta pixel] 876810729805531 is unavailable on this website due to it's traffic permission settings. Go to https://www.facebook.com/business/help/572690630080597 to learn more. @ https://storage.googleapis.com/bigdatahomes/frontend-static/vendors~2.7df4f64c5b86cc63.js:23
[   28185ms] [LOG] [Fast Refresh] done in 807ms @ http://localhost:3000/_next/static/chunks/1ldn_next_dist_06gedf1._.js:776
[   28404ms] [WARNING] THREE.Clock: This module has been deprecated. Please use THREE.Timer instead. @ http://localhost:3000/_next/static/chunks/1ldn_next_dist_06gedf1._.js:776
[   30031ms] [LOG] %c [UTS] [34977] [e_c] Initialized: web v1.0.0 color: green; @ https://storage.googleapis.com/bigdatahomes/frontend-static/vendors~2.7df4f64c5b86cc63.js:23
[   30330ms] [LOG] %c [UTS] [34977] [gusid] HB-ET_288a646ad72b31113ace13fe2aef9b68426bb48a16d9148f839c3744dd77a328 color: green; @ https://storage.googleapis.com/bigdatahomes/frontend-static/vendors~2.7df4f64c5b86cc63.js:23
[   30848ms] [ERROR] Access to fetch at 'https://t.cloudpano.com/v1/lst/pc?prev_url=http%3A%2F%2Flocalhost%3A3000%2F&ref_url=https%3A%2F%2Fapp.cloudpano.com%2Ftours%2FWB5YSd4dWBak%3FsceneId%3DhVMu_wGjCM&u_agent=Mozilla%2F5.0+%28Windows+NT+10.0%3B+Win64%3B+x64%29+AppleWebKit%2F537.36+%28KHTML%2C+like+Gecko%29+Chrome%2F154.0.0.0+Safari%2F537.36' from origin 'https://app.cloudpano.com' has been blocked by CORS policy: Response to preflight request doesn't pass access control check: No 'Access-Control-Allow-Origin' header is present on the requested resource. @ https://app.cloudpano.com/tours/WB5YSd4dWBak?sceneId=hVMu_wGjCM:0
[   30848ms] [ERROR] Failed to load resource: net::ERR_FAILED @ https://t.cloudpano.com/v1/lst/pc?prev_url=http%3A%2F%2Flocalhost%3A3000%2F&ref_url=https%3A%2F%2Fapp.cloudpano.com%2Ftours%2FWB5YSd4dWBak%3FsceneId%3DhVMu_wGjCM&u_agent=Mozilla%2F5.0+%28Windows+NT+10.0%3B+Win64%3B+x64%29+AppleWebKit%2F537.36+%28KHTML%2C+like+Gecko%29+Chrome%2F154.0.0.0+Safari%2F537.36:0
[   31102ms] [ERROR] Access to XMLHttpRequest at 'https://t.cloudpano.com/v1/lst/pc?prev_url=http%3A%2F%2Flocalhost%3A3000%2F&ref_url=https%3A%2F%2Fapp.cloudpano.com%2Ftours%2FWB5YSd4dWBak%3FsceneId%3DhVMu_wGjCM&u_agent=Mozilla%2F5.0+%28Windows+NT+10.0%3B+Win64%3B+x64%29+AppleWebKit%2F537.36+%28KHTML%2C+like+Gecko%29+Chrome%2F154.0.0.0+Safari%2F537.36' from origin 'https://app.cloudpano.com' has been blocked by CORS policy: Response to preflight request doesn't pass access control check: No 'Access-Control-Allow-Origin' header is present on the requested resource. @ https://app.cloudpano.com/tours/WB5YSd4dWBak?sceneId=hVMu_wGjCM:0
[   31104ms] [ERROR] Failed to load resource: net::ERR_FAILED @ https://t.cloudpano.com/v1/lst/pc?prev_url=http%3A%2F%2Flocalhost%3A3000%2F&ref_url=https%3A%2F%2Fapp.cloudpano.com%2Ftours%2FWB5YSd4dWBak%3FsceneId%3DhVMu_wGjCM&u_agent=Mozilla%2F5.0+%28Windows+NT+10.0%3B+Win64%3B+x64%29+AppleWebKit%2F537.36+%28KHTML%2C+like+Gecko%29+Chrome%2F154.0.0.0+Safari%2F537.36:0
[   31355ms] [ERROR] Access to fetch at 'https://t.cloudpano.com/v1/lst/pc?prev_url=http%3A%2F%2Flocalhost%3A3000%2F&ref_url=https%3A%2F%2Fapp.cloudpano.com%2Ftours%2FWB5YSd4dWBak%3FsceneId%3DhVMu_wGjCM&u_agent=Mozilla%2F5.0+%28Windows+NT+10.0%3B+Win64%3B+x64%29+AppleWebKit%2F537.36+%28KHTML%2C+like+Gecko%29+Chrome%2F154.0.0.0+Safari%2F537.36' from origin 'https://app.cloudpano.com' has been blocked by CORS policy: Response to preflight request doesn't pass access control check: No 'Access-Control-Allow-Origin' header is present on the requested resource. @ https://app.cloudpano.com/tours/WB5YSd4dWBak?sceneId=hVMu_wGjCM:0
[   31356ms] [ERROR] Failed to load resource: net::ERR_FAILED @ https://t.cloudpano.com/v1/lst/pc?prev_url=http%3A%2F%2Flocalhost%3A3000%2F&ref_url=https%3A%2F%2Fapp.cloudpano.com%2Ftours%2FWB5YSd4dWBak%3FsceneId%3DhVMu_wGjCM&u_agent=Mozilla%2F5.0+%28Windows+NT+10.0%3B+Win64%3B+x64%29+AppleWebKit%2F537.36+%28KHTML%2C+like+Gecko%29+Chrome%2F154.0.0.0+Safari%2F537.36:0
[   31374ms] Uncaught (in promise) TypeError: Cannot read properties of undefined (reading 'clickId')
    at processFirstName (https://t.cloudpano.com/v1/lst/universal-script?ph=3497790c2bc9033ae79725f86bba7a43e67712f507789e8ce6c6999c40c68a3a&tag=!clicked&ref_url=https://app.cloudpano.com/tours/WB5YSd4dWBak?sceneId=hVMu_wGjCM:0:67403)
    at <anonymous> (https://t.cloudpano.com/v1/lst/universal-script?ph=3497790c2bc9033ae79725f86bba7a43e67712f507789e8ce6c6999c40c68a3a&tag=!clicked&ref_url=https://app.cloudpano.com/tours/WB5YSd4dWBak?sceneId=hVMu_wGjCM:0:119858)
[   63293ms] [LOG] [Fast Refresh] rebuilding @ http://localhost:3000/_next/static/chunks/1ldn_next_dist_06gedf1._.js:776
[   63316ms] [LOG] [Fast Refresh] done in 126ms @ http://localhost:3000/_next/static/chunks/1ldn_next_dist_06gedf1._.js:776
[  288320ms] [LOG] [Fast Refresh] rebuilding @ http://localhost:3000/_next/static/chunks/1ldn_next_dist_06gedf1._.js:776
[  288321ms] [LOG] [Fast Refresh] done in 102ms @ http://localhost:3000/_next/static/chunks/1ldn_next_dist_06gedf1._.js:776
[  289037ms] [WARNING] Allow attribute will take precedence over 'allowfullscreen'. @ http://localhost:3000/studios/empty-studio:148
[  289138ms] [INFO] %cDownload the React DevTools for a better development experience: https://react.dev/link/react-devtools font-weight:bold @ http://localhost:3000/_next/static/chunks/1ldn_next_dist_06gedf1._.js:776
[  289198ms] [LOG] [HMR] connected @ http://localhost:3000/_next/static/chunks/1ldn_next_dist_06gedf1._.js:776
[  289867ms] [WARNING] THREE.Clock: This module has been deprecated. Please use THREE.Timer instead. @ http://localhost:3000/_next/static/chunks/1ldn_next_dist_06gedf1._.js:776
[  290053ms] [WARNING] [Meta pixel] 876810729805531 is unavailable on this website due to it's traffic permission settings. Go to https://www.facebook.com/business/help/572690630080597 to learn more. @ https://storage.googleapis.com/bigdatahomes/frontend-static/vendors~2.7df4f64c5b86cc63.js:23
[  295199ms] [LOG] %c [UTS] [34977] [e_c] Initialized: web v1.0.0 color: green; @ https://storage.googleapis.com/bigdatahomes/frontend-static/vendors~2.7df4f64c5b86cc63.js:23
[  295508ms] [LOG] %c [UTS] [34977] [gusid] HB-ET_288a646ad72b31113ace13fe2aef9b68426bb48a16d9148f839c3744dd77a328 color: green; @ https://storage.googleapis.com/bigdatahomes/frontend-static/vendors~2.7df4f64c5b86cc63.js:23
[  297039ms] [ERROR] Access to fetch at 'https://t.cloudpano.com/v1/lst/pc?prev_url=http%3A%2F%2Flocalhost%3A3000%2F&ref_url=https%3A%2F%2Fapp.cloudpano.com%2Ftours%2FWB5YSd4dWBak%3FsceneId%3DhVMu_wGjCM&u_agent=Mozilla%2F5.0+%28Windows+NT+10.0%3B+Win64%3B+x64%29+AppleWebKit%2F537.36+%28KHTML%2C+like+Gecko%29+Chrome%2F154.0.0.0+Safari%2F537.36' from origin 'https://app.cloudpano.com' has been blocked by CORS policy: Response to preflight request doesn't pass access control check: No 'Access-Control-Allow-Origin' header is present on the requested resource. @ https://app.cloudpano.com/tours/WB5YSd4dWBak?sceneId=hVMu_wGjCM:0
[  297039ms] [ERROR] Failed to load resource: net::ERR_FAILED @ https://t.cloudpano.com/v1/lst/pc?prev_url=http%3A%2F%2Flocalhost%3A3000%2F&ref_url=https%3A%2F%2Fapp.cloudpano.com%2Ftours%2FWB5YSd4dWBak%3FsceneId%3DhVMu_wGjCM&u_agent=Mozilla%2F5.0+%28Windows+NT+10.0%3B+Win64%3B+x64%29+AppleWebKit%2F537.36+%28KHTML%2C+like+Gecko%29+Chrome%2F154.0.0.0+Safari%2F537.36:0
[  297302ms] [ERROR] Access to XMLHttpRequest at 'https://t.cloudpano.com/v1/lst/pc?prev_url=http%3A%2F%2Flocalhost%3A3000%2F&ref_url=https%3A%2F%2Fapp.cloudpano.com%2Ftours%2FWB5YSd4dWBak%3FsceneId%3DhVMu_wGjCM&u_agent=Mozilla%2F5.0+%28Windows+NT+10.0%3B+Win64%3B+x64%29+AppleWebKit%2F537.36+%28KHTML%2C+like+Gecko%29+Chrome%2F154.0.0.0+Safari%2F537.36' from origin 'https://app.cloudpano.com' has been blocked by CORS policy: Response to preflight request doesn't pass access control check: No 'Access-Control-Allow-Origin' header is present on the requested resource. @ https://app.cloudpano.com/tours/WB5YSd4dWBak?sceneId=hVMu_wGjCM:0
[  297305ms] [ERROR] Failed to load resource: net::ERR_FAILED @ https://t.cloudpano.com/v1/lst/pc?prev_url=http%3A%2F%2Flocalhost%3A3000%2F&ref_url=https%3A%2F%2Fapp.cloudpano.com%2Ftours%2FWB5YSd4dWBak%3FsceneId%3DhVMu_wGjCM&u_agent=Mozilla%2F5.0+%28Windows+NT+10.0%3B+Win64%3B+x64%29+AppleWebKit%2F537.36+%28KHTML%2C+like+Gecko%29+Chrome%2F154.0.0.0+Safari%2F537.36:0
[  297566ms] [ERROR] Access to fetch at 'https://t.cloudpano.com/v1/lst/pc?prev_url=http%3A%2F%2Flocalhost%3A3000%2F&ref_url=https%3A%2F%2Fapp.cloudpano.com%2Ftours%2FWB5YSd4dWBak%3FsceneId%3DhVMu_wGjCM&u_agent=Mozilla%2F5.0+%28Windows+NT+10.0%3B+Win64%3B+x64%29+AppleWebKit%2F537.36+%28KHTML%2C+like+Gecko%29+Chrome%2F154.0.0.0+Safari%2F537.36' from origin 'https://app.cloudpano.com' has been blocked by CORS policy: Response to preflight request doesn't pass access control check: No 'Access-Control-Allow-Origin' header is present on the requested resource. @ https://app.cloudpano.com/tours/WB5YSd4dWBak?sceneId=hVMu_wGjCM:0
[  297566ms] [ERROR] Failed to load resource: net::ERR_FAILED @ https://t.cloudpano.com/v1/lst/pc?prev_url=http%3A%2F%2Flocalhost%3A3000%2F&ref_url=https%3A%2F%2Fapp.cloudpano.com%2Ftours%2FWB5YSd4dWBak%3FsceneId%3DhVMu_wGjCM&u_agent=Mozilla%2F5.0+%28Windows+NT+10.0%3B+Win64%3B+x64%29+AppleWebKit%2F537.36+%28KHTML%2C+like+Gecko%29+Chrome%2F154.0.0.0+Safari%2F537.36:0
[  297586ms] Uncaught (in promise) TypeError: Cannot read properties of undefined (reading 'clickId')
    at processFirstName (https://t.cloudpano.com/v1/lst/universal-script?ph=3497790c2bc9033ae79725f86bba7a43e67712f507789e8ce6c6999c40c68a3a&tag=!clicked&ref_url=https://app.cloudpano.com/tours/WB5YSd4dWBak?sceneId=hVMu_wGjCM:0:67403)
    at <anonymous> (https://t.cloudpano.com/v1/lst/universal-script?ph=3497790c2bc9033ae79725f86bba7a43e67712f507789e8ce6c6999c40c68a3a&tag=!clicked&ref_url=https://app.cloudpano.com/tours/WB5YSd4dWBak?sceneId=hVMu_wGjCM:0:119858)
[ 2359484ms] [LOG] [Fast Refresh] rebuilding @ http://localhost:3000/_next/static/chunks/1ldn_next_dist_06gedf1._.js:776
[ 2359904ms] [LOG] [Fast Refresh] done in 523ms @ http://localhost:3000/_next/static/chunks/1ldn_next_dist_06gedf1._.js:776
[ 2364220ms] [LOG] [Fast Refresh] rebuilding @ http://localhost:3000/_next/static/chunks/1ldn_next_dist_06gedf1._.js:776
[ 2364312ms] [LOG] [Fast Refresh] done in 193ms @ http://localhost:3000/_next/static/chunks/1ldn_next_dist_06gedf1._.js:776
[ 2430844ms] [LOG] [Fast Refresh] rebuilding @ http://localhost:3000/_next/static/chunks/1ldn_next_dist_06gedf1._.js:776
[ 2430935ms] [LOG] [Fast Refresh] done in 195ms @ http://localhost:3000/_next/static/chunks/1ldn_next_dist_06gedf1._.js:776
[ 2445813ms] [LOG] [Fast Refresh] rebuilding @ http://localhost:3000/_next/static/chunks/1ldn_next_dist_06gedf1._.js:776
[ 2446089ms] [LOG] [Fast Refresh] done in 377ms @ http://localhost:3000/_next/static/chunks/1ldn_next_dist_06gedf1._.js:776
[ 2469179ms] [LOG] [Fast Refresh] rebuilding @ http://localhost:3000/_next/static/chunks/1ldn_next_dist_06gedf1._.js:776
[ 2469197ms] [LOG] [Fast Refresh] done in 124ms @ http://localhost:3000/_next/static/chunks/1ldn_next_dist_06gedf1._.js:776
[ 2469520ms] [LOG] [Fast Refresh] rebuilding @ http://localhost:3000/_next/static/chunks/1ldn_next_dist_06gedf1._.js:776
[ 2477080ms] [LOG] [Fast Refresh] done in 7417ms @ http://localhost:3000/_next/static/chunks/1ldn_next_dist_06gedf1._.js:776
[ 2478811ms] [LOG] [Fast Refresh] rebuilding @ http://localhost:3000/_next/static/chunks/1ldn_next_dist_06gedf1._.js:776
[ 2479856ms] [LOG] [Fast Refresh] done in 1142ms @ http://localhost:3000/_next/static/chunks/1ldn_next_dist_06gedf1._.js:776
[ 2481526ms] [LOG] [Fast Refresh] rebuilding @ http://localhost:3000/_next/static/chunks/1ldn_next_dist_06gedf1._.js:776
[ 2481686ms] [ERROR] The final argument passed to %s changed size between renders. The order and size of this array must remain constant.

Previous: %s
Incoming: %s useEffect [-1, ] [-1, 01,02,03,04, ] @ http://localhost:3000/_next/static/chunks/1ldn_next_dist_06gedf1._.js:1052
[ 2481895ms] [LOG] [Fast Refresh] done in 351ms @ http://localhost:3000/_next/static/chunks/1ldn_next_dist_06gedf1._.js:776
[ 2482065ms] [LOG] [Fast Refresh] rebuilding @ http://localhost:3000/_next/static/chunks/1ldn_next_dist_06gedf1._.js:776
[ 2482205ms] [LOG] [Fast Refresh] done in 245ms @ http://localhost:3000/_next/static/chunks/1ldn_next_dist_06gedf1._.js:776
[ 2488247ms] [LOG] [Fast Refresh] rebuilding @ http://localhost:3000/_next/static/chunks/1ldn_next_dist_06gedf1._.js:776
[ 2489280ms] [LOG] [Fast Refresh] done in 912ms @ http://localhost:3000/_next/static/chunks/1ldn_next_dist_06gedf1._.js:776
[ 2489496ms] [LOG] [Fast Refresh] rebuilding @ http://localhost:3000/_next/static/chunks/1ldn_next_dist_06gedf1._.js:776
[ 2489573ms] [LOG] [Fast Refresh] done in 182ms @ http://localhost:3000/_next/static/chunks/1ldn_next_dist_06gedf1._.js:776
[ 2490213ms] [LOG] [Fast Refresh] rebuilding @ http://localhost:3000/_next/static/chunks/1ldn_next_dist_06gedf1._.js:776
[ 2491779ms] [LOG] [Fast Refresh] done in 1499ms @ http://localhost:3000/_next/static/chunks/1ldn_next_dist_06gedf1._.js:776
[ 2491885ms] [LOG] [Fast Refresh] done in 1499ms @ http://localhost:3000/_next/static/chunks/1ldn_next_dist_06gedf1._.js:776
[ 2491952ms] [LOG] [Fast Refresh] done in 1499ms @ http://localhost:3000/_next/static/chunks/1ldn_next_dist_06gedf1._.js:776
[ 2492033ms] [LOG] [Fast Refresh] done in 1499ms @ http://localhost:3000/_next/static/chunks/1ldn_next_dist_06gedf1._.js:776
[ 2492034ms] [LOG] [Fast Refresh] done in 1499ms @ http://localhost:3000/_next/static/chunks/1ldn_next_dist_06gedf1._.js:776
[ 2492587ms] [LOG] [Fast Refresh] done in 1499ms @ http://localhost:3000/_next/static/chunks/1ldn_next_dist_06gedf1._.js:776
[ 2492800ms] [LOG] [Fast Refresh] rebuilding @ http://localhost:3000/_next/static/chunks/1ldn_next_dist_06gedf1._.js:776
[ 2493106ms] [LOG] [Fast Refresh] done in 269ms @ http://localhost:3000/_next/static/chunks/1ldn_next_dist_06gedf1._.js:776
[ 2493194ms] [LOG] [Fast Refresh] done in 269ms @ http://localhost:3000/_next/static/chunks/1ldn_next_dist_06gedf1._.js:776
[ 2493368ms] [LOG] [Fast Refresh] rebuilding @ http://localhost:3000/_next/static/chunks/1ldn_next_dist_06gedf1._.js:776
[ 2493479ms] [LOG] [Fast Refresh] done in 63ms @ http://localhost:3000/_next/static/chunks/1ldn_next_dist_06gedf1._.js:776
[ 2493555ms] [LOG] [Fast Refresh] done in 63ms @ http://localhost:3000/_next/static/chunks/1ldn_next_dist_06gedf1._.js:776
[ 2493625ms] [LOG] [Fast Refresh] done in 63ms @ http://localhost:3000/_next/static/chunks/1ldn_next_dist_06gedf1._.js:776
[ 2493835ms] [LOG] [Fast Refresh] rebuilding @ http://localhost:3000/_next/static/chunks/1ldn_next_dist_06gedf1._.js:776
[ 2494307ms] [LOG] [Fast Refresh] done in 442ms @ http://localhost:3000/_next/static/chunks/1ldn_next_dist_06gedf1._.js:776
[ 2494396ms] [LOG] [Fast Refresh] done in 442ms @ http://localhost:3000/_next/static/chunks/1ldn_next_dist_06gedf1._.js:776
[ 2494461ms] [LOG] [Fast Refresh] done in 442ms @ http://localhost:3000/_next/static/chunks/1ldn_next_dist_06gedf1._.js:776
[ 2494552ms] [LOG] [Fast Refresh] done in 442ms @ http://localhost:3000/_next/static/chunks/1ldn_next_dist_06gedf1._.js:776
[ 2494613ms] [LOG] [Fast Refresh] done in 442ms @ http://localhost:3000/_next/static/chunks/1ldn_next_dist_06gedf1._.js:776
[ 2494676ms] [LOG] [Fast Refresh] done in 442ms @ http://localhost:3000/_next/static/chunks/1ldn_next_dist_06gedf1._.js:776
[ 2494992ms] [LOG] [Fast Refresh] rebuilding @ http://localhost:3000/_next/static/chunks/1ldn_next_dist_06gedf1._.js:776
[ 2495375ms] [LOG] [Fast Refresh] done in 302ms @ http://localhost:3000/_next/static/chunks/1ldn_next_dist_06gedf1._.js:776
[ 2495444ms] [LOG] [Fast Refresh] done in 302ms @ http://localhost:3000/_next/static/chunks/1ldn_next_dist_06gedf1._.js:776
[ 2495508ms] [LOG] [Fast Refresh] done in 302ms @ http://localhost:3000/_next/static/chunks/1ldn_next_dist_06gedf1._.js:776
[ 2495585ms] [LOG] [Fast Refresh] done in 302ms @ http://localhost:3000/_next/static/chunks/1ldn_next_dist_06gedf1._.js:776
[ 2495641ms] [LOG] [Fast Refresh] done in 302ms @ http://localhost:3000/_next/static/chunks/1ldn_next_dist_06gedf1._.js:776
[ 2495705ms] [LOG] [Fast Refresh] done in 302ms @ http://localhost:3000/_next/static/chunks/1ldn_next_dist_06gedf1._.js:776
[ 2495767ms] [LOG] [Fast Refresh] done in 302ms @ http://localhost:3000/_next/static/chunks/1ldn_next_dist_06gedf1._.js:776
[ 2495828ms] [LOG] [Fast Refresh] done in 302ms @ http://localhost:3000/_next/static/chunks/1ldn_next_dist_06gedf1._.js:776
[ 2495890ms] [LOG] [Fast Refresh] done in 302ms @ http://localhost:3000/_next/static/chunks/1ldn_next_dist_06gedf1._.js:776
[ 2495952ms] [LOG] [Fast Refresh] done in 302ms @ http://localhost:3000/_next/static/chunks/1ldn_next_dist_06gedf1._.js:776
[ 2496020ms] [LOG] [Fast Refresh] done in 302ms @ http://localhost:3000/_next/static/chunks/1ldn_next_dist_06gedf1._.js:776
[ 2496082ms] [LOG] [Fast Refresh] done in 302ms @ http://localhost:3000/_next/static/chunks/1ldn_next_dist_06gedf1._.js:776
[ 2496143ms] [LOG] [Fast Refresh] done in 302ms @ http://localhost:3000/_next/static/chunks/1ldn_next_dist_06gedf1._.js:776
[ 2496206ms] [LOG] [Fast Refresh] done in 302ms @ http://localhost:3000/_next/static/chunks/1ldn_next_dist_06gedf1._.js:776
[ 2496268ms] [LOG] [Fast Refresh] done in 302ms @ http://localhost:3000/_next/static/chunks/1ldn_next_dist_06gedf1._.js:776
[ 2496332ms] [LOG] [Fast Refresh] done in 302ms @ http://localhost:3000/_next/static/chunks/1ldn_next_dist_06gedf1._.js:776
[ 2496392ms] [LOG] [Fast Refresh] done in 302ms @ http://localhost:3000/_next/static/chunks/1ldn_next_dist_06gedf1._.js:776
[ 2496454ms] [LOG] [Fast Refresh] done in 302ms @ http://localhost:3000/_next/static/chunks/1ldn_next_dist_06gedf1._.js:776
[ 2496516ms] [LOG] [Fast Refresh] done in 302ms @ http://localhost:3000/_next/static/chunks/1ldn_next_dist_06gedf1._.js:776
[ 2496579ms] [LOG] [Fast Refresh] done in 302ms @ http://localhost:3000/_next/static/chunks/1ldn_next_dist_06gedf1._.js:776
[ 2496640ms] [LOG] [Fast Refresh] done in 302ms @ http://localhost:3000/_next/static/chunks/1ldn_next_dist_06gedf1._.js:776
[ 2496702ms] [LOG] [Fast Refresh] done in 302ms @ http://localhost:3000/_next/static/chunks/1ldn_next_dist_06gedf1._.js:776
[ 2496765ms] [LOG] [Fast Refresh] done in 302ms @ http://localhost:3000/_next/static/chunks/1ldn_next_dist_06gedf1._.js:776
[ 2496827ms] [LOG] [Fast Refresh] done in 302ms @ http://localhost:3000/_next/static/chunks/1ldn_next_dist_06gedf1._.js:776
[ 2496891ms] [LOG] [Fast Refresh] done in 302ms @ http://localhost:3000/_next/static/chunks/1ldn_next_dist_06gedf1._.js:776
[ 2496953ms] [LOG] [Fast Refresh] done in 302ms @ http://localhost:3000/_next/static/chunks/1ldn_next_dist_06gedf1._.js:776
[ 2497014ms] [LOG] [Fast Refresh] done in 302ms @ http://localhost:3000/_next/static/chunks/1ldn_next_dist_06gedf1._.js:776
[ 2497075ms] [LOG] [Fast Refresh] done in 302ms @ http://localhost:3000/_next/static/chunks/1ldn_next_dist_06gedf1._.js:776
[ 2497139ms] [LOG] [Fast Refresh] done in 302ms @ http://localhost:3000/_next/static/chunks/1ldn_next_dist_06gedf1._.js:776
[ 2497201ms] [LOG] [Fast Refresh] done in 302ms @ http://localhost:3000/_next/static/chunks/1ldn_next_dist_06gedf1._.js:776
[ 2497264ms] [LOG] [Fast Refresh] done in 302ms @ http://localhost:3000/_next/static/chunks/1ldn_next_dist_06gedf1._.js:776
[ 2497325ms] [LOG] [Fast Refresh] done in 302ms @ http://localhost:3000/_next/static/chunks/1ldn_next_dist_06gedf1._.js:776
[ 2497387ms] [LOG] [Fast Refresh] done in 302ms @ http://localhost:3000/_next/static/chunks/1ldn_next_dist_06gedf1._.js:776
[ 2497450ms] [LOG] [Fast Refresh] done in 302ms @ http://localhost:3000/_next/static/chunks/1ldn_next_dist_06gedf1._.js:776
[ 2497515ms] [LOG] [Fast Refresh] done in 302ms @ http://localhost:3000/_next/static/chunks/1ldn_next_dist_06gedf1._.js:776
[ 2497572ms] [LOG] [Fast Refresh] done in 302ms @ http://localhost:3000/_next/static/chunks/1ldn_next_dist_06gedf1._.js:776
[ 2497636ms] [LOG] [Fast Refresh] done in 302ms @ http://localhost:3000/_next/static/chunks/1ldn_next_dist_06gedf1._.js:776
[ 2497697ms] [LOG] [Fast Refresh] done in 302ms @ http://localhost:3000/_next/static/chunks/1ldn_next_dist_06gedf1._.js:776
[ 2497761ms] [LOG] [Fast Refresh] done in 302ms @ http://localhost:3000/_next/static/chunks/1ldn_next_dist_06gedf1._.js:776
[ 2497822ms] [LOG] [Fast Refresh] done in 302ms @ http://localhost:3000/_next/static/chunks/1ldn_next_dist_06gedf1._.js:776
[ 2497885ms] [LOG] [Fast Refresh] done in 302ms @ http://localhost:3000/_next/static/chunks/1ldn_next_dist_06gedf1._.js:776
[ 2497948ms] [LOG] [Fast Refresh] done in 302ms @ http://localhost:3000/_next/static/chunks/1ldn_next_dist_06gedf1._.js:776
[ 2498011ms] [LOG] [Fast Refresh] done in 302ms @ http://localhost:3000/_next/static/chunks/1ldn_next_dist_06gedf1._.js:776
[ 2498073ms] [LOG] [Fast Refresh] done in 302ms @ http://localhost:3000/_next/static/chunks/1ldn_next_dist_06gedf1._.js:776
[ 2498136ms] [LOG] [Fast Refresh] done in 302ms @ http://localhost:3000/_next/static/chunks/1ldn_next_dist_06gedf1._.js:776
[ 2498198ms] [LOG] [Fast Refresh] done in 302ms @ http://localhost:3000/_next/static/chunks/1ldn_next_dist_06gedf1._.js:776
[ 2498260ms] [LOG] [Fast Refresh] done in 302ms @ http://localhost:3000/_next/static/chunks/1ldn_next_dist_06gedf1._.js:776
[ 2498323ms] [LOG] [Fast Refresh] done in 302ms @ http://localhost:3000/_next/static/chunks/1ldn_next_dist_06gedf1._.js:776
[ 2498385ms] [LOG] [Fast Refresh] done in 302ms @ http://localhost:3000/_next/static/chunks/1ldn_next_dist_06gedf1._.js:776
[ 2498448ms] [LOG] [Fast Refresh] done in 302ms @ http://localhost:3000/_next/static/chunks/1ldn_next_dist_06gedf1._.js:776
[ 2498510ms] [LOG] [Fast Refresh] done in 302ms @ http://localhost:3000/_next/static/chunks/1ldn_next_dist_06gedf1._.js:776
[ 2498572ms] [LOG] [Fast Refresh] done in 302ms @ http://localhost:3000/_next/static/chunks/1ldn_next_dist_06gedf1._.js:776
[ 2498633ms] [LOG] [Fast Refresh] done in 302ms @ http://localhost:3000/_next/static/chunks/1ldn_next_dist_06gedf1._.js:776
[ 2498695ms] [LOG] [Fast Refresh] done in 302ms @ http://localhost:3000/_next/static/chunks/1ldn_next_dist_06gedf1._.js:776
[ 2498758ms] [LOG] [Fast Refresh] done in 302ms @ http://localhost:3000/_next/static/chunks/1ldn_next_dist_06gedf1._.js:776
[ 2498819ms] [LOG] [Fast Refresh] done in 302ms @ http://localhost:3000/_next/static/chunks/1ldn_next_dist_06gedf1._.js:776
[ 2498883ms] [LOG] [Fast Refresh] done in 302ms @ http://localhost:3000/_next/static/chunks/1ldn_next_dist_06gedf1._.js:776
[ 2498945ms] [LOG] [Fast Refresh] done in 302ms @ http://localhost:3000/_next/static/chunks/1ldn_next_dist_06gedf1._.js:776
[ 2499009ms] [LOG] [Fast Refresh] done in 302ms @ http://localhost:3000/_next/static/chunks/1ldn_next_dist_06gedf1._.js:776
[ 2499071ms] [LOG] [Fast Refresh] done in 302ms @ http://localhost:3000/_next/static/chunks/1ldn_next_dist_06gedf1._.js:776
[ 2499135ms] [LOG] [Fast Refresh] done in 302ms @ http://localhost:3000/_next/static/chunks/1ldn_next_dist_06gedf1._.js:776
[ 2499195ms] [LOG] [Fast Refresh] done in 302ms @ http://localhost:3000/_next/static/chunks/1ldn_next_dist_06gedf1._.js:776
[ 2499256ms] [LOG] [Fast Refresh] done in 302ms @ http://localhost:3000/_next/static/chunks/1ldn_next_dist_06gedf1._.js:776
[ 2499319ms] [LOG] [Fast Refresh] done in 302ms @ http://localhost:3000/_next/static/chunks/1ldn_next_dist_06gedf1._.js:776
[ 2499380ms] [LOG] [Fast Refresh] done in 302ms @ http://localhost:3000/_next/static/chunks/1ldn_next_dist_06gedf1._.js:776
[ 2499444ms] [LOG] [Fast Refresh] done in 302ms @ http://localhost:3000/_next/static/chunks/1ldn_next_dist_06gedf1._.js:776
[ 2499506ms] [LOG] [Fast Refresh] done in 302ms @ http://localhost:3000/_next/static/chunks/1ldn_next_dist_06gedf1._.js:776
[ 2499568ms] [LOG] [Fast Refresh] done in 302ms @ http://localhost:3000/_next/static/chunks/1ldn_next_dist_06gedf1._.js:776
[ 2499630ms] [LOG] [Fast Refresh] done in 302ms @ http://localhost:3000/_next/static/chunks/1ldn_next_dist_06gedf1._.js:776
[ 2499691ms] [LOG] [Fast Refresh] done in 302ms @ http://localhost:3000/_next/static/chunks/1ldn_next_dist_06gedf1._.js:776
[ 2499753ms] [LOG] [Fast Refresh] done in 302ms @ http://localhost:3000/_next/static/chunks/1ldn_next_dist_06gedf1._.js:776
[ 2499816ms] [LOG] [Fast Refresh] done in 302ms @ http://localhost:3000/_next/static/chunks/1ldn_next_dist_06gedf1._.js:776
[ 2499877ms] [LOG] [Fast Refresh] done in 302ms @ http://localhost:3000/_next/static/chunks/1ldn_next_dist_06gedf1._.js:776
[ 2499940ms] [LOG] [Fast Refresh] done in 302ms @ http://localhost:3000/_next/static/chunks/1ldn_next_dist_06gedf1._.js:776
[ 2500002ms] [LOG] [Fast Refresh] done in 302ms @ http://localhost:3000/_next/static/chunks/1ldn_next_dist_06gedf1._.js:776
[ 2500064ms] [LOG] [Fast Refresh] done in 302ms @ http://localhost:3000/_next/static/chunks/1ldn_next_dist_06gedf1._.js:776
[ 2500126ms] [LOG] [Fast Refresh] done in 302ms @ http://localhost:3000/_next/static/chunks/1ldn_next_dist_06gedf1._.js:776
[ 2500218ms] [LOG] [Fast Refresh] done in 302ms @ http://localhost:3000/_next/static/chunks/1ldn_next_dist_06gedf1._.js:776
[ 2500283ms] [LOG] [Fast Refresh] done in 302ms @ http://localhost:3000/_next/static/chunks/1ldn_next_dist_06gedf1._.js:776
[ 2500346ms] [LOG] [Fast Refresh] done in 302ms @ http://localhost:3000/_next/static/chunks/1ldn_next_dist_06gedf1._.js:776
[ 2500408ms] [LOG] [Fast Refresh] done in 302ms @ http://localhost:3000/_next/static/chunks/1ldn_next_dist_06gedf1._.js:776
[ 2500470ms] [LOG] [Fast Refresh] done in 302ms @ http://localhost:3000/_next/static/chunks/1ldn_next_dist_06gedf1._.js:776
[ 2500532ms] [LOG] [Fast Refresh] done in 302ms @ http://localhost:3000/_next/static/chunks/1ldn_next_dist_06gedf1._.js:776
[ 2500594ms] [LOG] [Fast Refresh] done in 302ms @ http://localhost:3000/_next/static/chunks/1ldn_next_dist_06gedf1._.js:776
[ 2500656ms] [LOG] [Fast Refresh] done in 302ms @ http://localhost:3000/_next/static/chunks/1ldn_next_dist_06gedf1._.js:776
[ 2500719ms] [LOG] [Fast Refresh] done in 302ms @ http://localhost:3000/_next/static/chunks/1ldn_next_dist_06gedf1._.js:776
[ 2500781ms] [LOG] [Fast Refresh] done in 302ms @ http://localhost:3000/_next/static/chunks/1ldn_next_dist_06gedf1._.js:776
[ 2500844ms] [LOG] [Fast Refresh] done in 302ms @ http://localhost:3000/_next/static/chunks/1ldn_next_dist_06gedf1._.js:776
[ 2500905ms] [LOG] [Fast Refresh] done in 302ms @ http://localhost:3000/_next/static/chunks/1ldn_next_dist_06gedf1._.js:776
[ 2500967ms] [LOG] [Fast Refresh] done in 302ms @ http://localhost:3000/_next/static/chunks/1ldn_next_dist_06gedf1._.js:776
[ 2501029ms] [LOG] [Fast Refresh] done in 302ms @ http://localhost:3000/_next/static/chunks/1ldn_next_dist_06gedf1._.js:776
[ 2501091ms] [LOG] [Fast Refresh] done in 302ms @ http://localhost:3000/_next/static/chunks/1ldn_next_dist_06gedf1._.js:776
[ 2501154ms] [LOG] [Fast Refresh] done in 302ms @ http://localhost:3000/_next/static/chunks/1ldn_next_dist_06gedf1._.js:776
[ 2501217ms] [LOG] [Fast Refresh] done in 302ms @ http://localhost:3000/_next/static/chunks/1ldn_next_dist_06gedf1._.js:776
[ 2501279ms] [LOG] [Fast Refresh] done in 302ms @ http://localhost:3000/_next/static/chunks/1ldn_next_dist_06gedf1._.js:776
[ 2501341ms] [LOG] [Fast Refresh] done in 302ms @ http://localhost:3000/_next/static/chunks/1ldn_next_dist_06gedf1._.js:776
[ 2501403ms] [LOG] [Fast Refresh] done in 302ms @ http://localhost:3000/_next/static/chunks/1ldn_next_dist_06gedf1._.js:776
[ 2501466ms] [LOG] [Fast Refresh] done in 302ms @ http://localhost:3000/_next/static/chunks/1ldn_next_dist_06gedf1._.js:776
[ 2501529ms] [LOG] [Fast Refresh] done in 302ms @ http://localhost:3000/_next/static/chunks/1ldn_next_dist_06gedf1._.js:776
[ 2501591ms] [LOG] [Fast Refresh] done in 302ms @ http://localhost:3000/_next/static/chunks/1ldn_next_dist_06gedf1._.js:776
[ 2501653ms] [LOG] [Fast Refresh] done in 302ms @ http://localhost:3000/_next/static/chunks/1ldn_next_dist_06gedf1._.js:776
[ 2501717ms] [LOG] [Fast Refresh] done in 302ms @ http://localhost:3000/_next/static/chunks/1ldn_next_dist_06gedf1._.js:776
[ 2501780ms] [LOG] [Fast Refresh] done in 302ms @ http://localhost:3000/_next/static/chunks/1ldn_next_dist_06gedf1._.js:776
[ 2501843ms] [LOG] [Fast Refresh] done in 302ms @ http://localhost:3000/_next/static/chunks/1ldn_next_dist_06gedf1._.js:776
[ 2501906ms] [LOG] [Fast Refresh] done in 302ms @ http://localhost:3000/_next/static/chunks/1ldn_next_dist_06gedf1._.js:776
[ 2501984ms] [LOG] [Fast Refresh] done in 302ms @ http://localhost:3000/_next/static/chunks/1ldn_next_dist_06gedf1._.js:776
[ 2502047ms] [LOG] [Fast Refresh] done in 302ms @ http://localhost:3000/_next/static/chunks/1ldn_next_dist_06gedf1._.js:776
[ 2502287ms] [LOG] [Fast Refresh] rebuilding @ http://localhost:3000/_next/static/chunks/1ldn_next_dist_06gedf1._.js:776
[ 2502755ms] [LOG] [Fast Refresh] done in 271ms @ http://localhost:3000/_next/static/chunks/1ldn_next_dist_06gedf1._.js:776
[ 2502882ms] [LOG] [Fast Refresh] done in 271ms @ http://localhost:3000/_next/static/chunks/1ldn_next_dist_06gedf1._.js:776
[ 2503083ms] [LOG] [Fast Refresh] done in 271ms @ http://localhost:3000/_next/static/chunks/1ldn_next_dist_06gedf1._.js:776
[ 2503179ms] [LOG] [Fast Refresh] done in 271ms @ http://localhost:3000/_next/static/chunks/1ldn_next_dist_06gedf1._.js:776
[ 2503242ms] [LOG] [Fast Refresh] done in 271ms @ http://localhost:3000/_next/static/chunks/1ldn_next_dist_06gedf1._.js:776
[ 2503305ms] [LOG] [Fast Refresh] done in 271ms @ http://localhost:3000/_next/static/chunks/1ldn_next_dist_06gedf1._.js:776
[ 2503366ms] [LOG] [Fast Refresh] done in 271ms @ http://localhost:3000/_next/static/chunks/1ldn_next_dist_06gedf1._.js:776
[ 2503428ms] [LOG] [Fast Refresh] done in 271ms @ http://localhost:3000/_next/static/chunks/1ldn_next_dist_06gedf1._.js:776
[ 2503491ms] [LOG] [Fast Refresh] done in 271ms @ http://localhost:3000/_next/static/chunks/1ldn_next_dist_06gedf1._.js:776
[ 2503552ms] [LOG] [Fast Refresh] done in 271ms @ http://localhost:3000/_next/static/chunks/1ldn_next_dist_06gedf1._.js:776
[ 2503614ms] [LOG] [Fast Refresh] done in 271ms @ http://localhost:3000/_next/static/chunks/1ldn_next_dist_06gedf1._.js:776
[ 2503676ms] [LOG] [Fast Refresh] done in 271ms @ http://localhost:3000/_next/static/chunks/1ldn_next_dist_06gedf1._.js:776
[ 2503737ms] [LOG] [Fast Refresh] done in 271ms @ http://localhost:3000/_next/static/chunks/1ldn_next_dist_06gedf1._.js:776
[ 2503798ms] [LOG] [Fast Refresh] done in 271ms @ http://localhost:3000/_next/static/chunks/1ldn_next_dist_06gedf1._.js:776
[ 2503860ms] [LOG] [Fast Refresh] done in 271ms @ http://localhost:3000/_next/static/chunks/1ldn_next_dist_06gedf1._.js:776
[ 2503922ms] [LOG] [Fast Refresh] done in 271ms @ http://localhost:3000/_next/static/chunks/1ldn_next_dist_06gedf1._.js:776
[ 2503984ms] [LOG] [Fast Refresh] done in 271ms @ http://localhost:3000/_next/static/chunks/1ldn_next_dist_06gedf1._.js:776
[ 2504127ms] [LOG] [Fast Refresh] rebuilding @ http://localhost:3000/_next/static/chunks/1ldn_next_dist_06gedf1._.js:776
[ 2504204ms] [LOG] [Fast Refresh] done in 36ms @ http://localhost:3000/_next/static/chunks/1ldn_next_dist_06gedf1._.js:776
[ 2504276ms] [LOG] [Fast Refresh] done in 36ms @ http://localhost:3000/_next/static/chunks/1ldn_next_dist_06gedf1._.js:776
[ 2504335ms] [LOG] [Fast Refresh] done in 36ms @ http://localhost:3000/_next/static/chunks/1ldn_next_dist_06gedf1._.js:776
[ 2504425ms] [LOG] [Fast Refresh] done in 36ms @ http://localhost:3000/_next/static/chunks/1ldn_next_dist_06gedf1._.js:776
[ 2504492ms] [LOG] [Fast Refresh] done in 36ms @ http://localhost:3000/_next/static/chunks/1ldn_next_dist_06gedf1._.js:776
[ 2504553ms] [LOG] [Fast Refresh] done in 36ms @ http://localhost:3000/_next/static/chunks/1ldn_next_dist_06gedf1._.js:776
[ 2504614ms] [LOG] [Fast Refresh] done in 36ms @ http://localhost:3000/_next/static/chunks/1ldn_next_dist_06gedf1._.js:776
[ 2504676ms] [LOG] [Fast Refresh] done in 36ms @ http://localhost:3000/_next/static/chunks/1ldn_next_dist_06gedf1._.js:776
[ 2504888ms] [LOG] [Fast Refresh] rebuilding @ http://localhost:3000/_next/static/chunks/1ldn_next_dist_06gedf1._.js:776
[ 2504927ms] [LOG] [Fast Refresh] done in 147ms @ http://localhost:3000/_next/static/chunks/1ldn_next_dist_06gedf1._.js:776
[ 2521788ms] [LOG] [Fast Refresh] rebuilding @ http://localhost:3000/_next/static/chunks/1ldn_next_dist_06gedf1._.js:776
[ 2522945ms] [LOG] [Fast Refresh] done in 1092ms @ http://localhost:3000/_next/static/chunks/1ldn_next_dist_06gedf1._.js:776
[ 2523057ms] [LOG] [Fast Refresh] done in 1092ms @ http://localhost:3000/_next/static/chunks/1ldn_next_dist_06gedf1._.js:776
[ 2523167ms] [LOG] [Fast Refresh] done in 1092ms @ http://localhost:3000/_next/static/chunks/1ldn_next_dist_06gedf1._.js:776
[ 2523257ms] [LOG] [Fast Refresh] done in 1092ms @ http://localhost:3000/_next/static/chunks/1ldn_next_dist_06gedf1._.js:776
[ 2523319ms] [LOG] [Fast Refresh] done in 1092ms @ http://localhost:3000/_next/static/chunks/1ldn_next_dist_06gedf1._.js:776
[ 2523411ms] [LOG] [Fast Refresh] done in 1092ms @ http://localhost:3000/_next/static/chunks/1ldn_next_dist_06gedf1._.js:776
[ 2523482ms] [LOG] [Fast Refresh] done in 1092ms @ http://localhost:3000/_next/static/chunks/1ldn_next_dist_06gedf1._.js:776
[ 2523563ms] [LOG] [Fast Refresh] done in 1092ms @ http://localhost:3000/_next/static/chunks/1ldn_next_dist_06gedf1._.js:776
[ 2523625ms] [LOG] [Fast Refresh] done in 1092ms @ http://localhost:3000/_next/static/chunks/1ldn_next_dist_06gedf1._.js:776
[ 2523688ms] [LOG] [Fast Refresh] done in 1092ms @ http://localhost:3000/_next/static/chunks/1ldn_next_dist_06gedf1._.js:776
[ 2523748ms] [LOG] [Fast Refresh] done in 1092ms @ http://localhost:3000/_next/static/chunks/1ldn_next_dist_06gedf1._.js:776
[ 2523811ms] [LOG] [Fast Refresh] done in 1092ms @ http://localhost:3000/_next/static/chunks/1ldn_next_dist_06gedf1._.js:776
[ 2523873ms] [LOG] [Fast Refresh] done in 1092ms @ http://localhost:3000/_next/static/chunks/1ldn_next_dist_06gedf1._.js:776
[ 2523940ms] [LOG] [Fast Refresh] done in 1092ms @ http://localhost:3000/_next/static/chunks/1ldn_next_dist_06gedf1._.js:776
[ 2523997ms] [LOG] [Fast Refresh] done in 1092ms @ http://localhost:3000/_next/static/chunks/1ldn_next_dist_06gedf1._.js:776
[ 2524061ms] [LOG] [Fast Refresh] done in 1092ms @ http://localhost:3000/_next/static/chunks/1ldn_next_dist_06gedf1._.js:776
[ 2524122ms] [LOG] [Fast Refresh] done in 1092ms @ http://localhost:3000/_next/static/chunks/1ldn_next_dist_06gedf1._.js:776
[ 2524185ms] [LOG] [Fast Refresh] done in 1092ms @ http://localhost:3000/_next/static/chunks/1ldn_next_dist_06gedf1._.js:776
[ 2524246ms] [LOG] [Fast Refresh] done in 1092ms @ http://localhost:3000/_next/static/chunks/1ldn_next_dist_06gedf1._.js:776
[ 2524309ms] [LOG] [Fast Refresh] done in 1092ms @ http://localhost:3000/_next/static/chunks/1ldn_next_dist_06gedf1._.js:776
[ 2524372ms] [LOG] [Fast Refresh] done in 1092ms @ http://localhost:3000/_next/static/chunks/1ldn_next_dist_06gedf1._.js:776
[ 2524433ms] [LOG] [Fast Refresh] done in 1092ms @ http://localhost:3000/_next/static/chunks/1ldn_next_dist_06gedf1._.js:776
[ 2524494ms] [LOG] [Fast Refresh] done in 1092ms @ http://localhost:3000/_next/static/chunks/1ldn_next_dist_06gedf1._.js:776
[ 2524556ms] [LOG] [Fast Refresh] done in 1092ms @ http://localhost:3000/_next/static/chunks/1ldn_next_dist_06gedf1._.js:776
[ 2524619ms] [LOG] [Fast Refresh] done in 1092ms @ http://localhost:3000/_next/static/chunks/1ldn_next_dist_06gedf1._.js:776
[ 2524681ms] [LOG] [Fast Refresh] done in 1092ms @ http://localhost:3000/_next/static/chunks/1ldn_next_dist_06gedf1._.js:776
[ 2524745ms] [LOG] [Fast Refresh] done in 1092ms @ http://localhost:3000/_next/static/chunks/1ldn_next_dist_06gedf1._.js:776
[ 2524805ms] [LOG] [Fast Refresh] done in 1092ms @ http://localhost:3000/_next/static/chunks/1ldn_next_dist_06gedf1._.js:776
[ 2524876ms] [LOG] [Fast Refresh] done in 1092ms @ http://localhost:3000/_next/static/chunks/1ldn_next_dist_06gedf1._.js:776
[ 2524940ms] [LOG] [Fast Refresh] done in 1092ms @ http://localhost:3000/_next/static/chunks/1ldn_next_dist_06gedf1._.js:776
[ 2525001ms] [LOG] [Fast Refresh] done in 1092ms @ http://localhost:3000/_next/static/chunks/1ldn_next_dist_06gedf1._.js:776
[ 2525061ms] [LOG] [Fast Refresh] done in 1092ms @ http://localhost:3000/_next/static/chunks/1ldn_next_dist_06gedf1._.js:776
[ 2525123ms] [LOG] [Fast Refresh] done in 1092ms @ http://localhost:3000/_next/static/chunks/1ldn_next_dist_06gedf1._.js:776
[ 2525205ms] [LOG] [Fast Refresh] done in 1092ms @ http://localhost:3000/_next/static/chunks/1ldn_next_dist_06gedf1._.js:776
[ 2525278ms] [LOG] [Fast Refresh] done in 1092ms @ http://localhost:3000/_next/static/chunks/1ldn_next_dist_06gedf1._.js:776
[ 2525339ms] [LOG] [Fast Refresh] done in 1092ms @ http://localhost:3000/_next/static/chunks/1ldn_next_dist_06gedf1._.js:776
[ 2525401ms] [LOG] [Fast Refresh] done in 1092ms @ http://localhost:3000/_next/static/chunks/1ldn_next_dist_06gedf1._.js:776
[ 2525463ms] [LOG] [Fast Refresh] done in 1092ms @ http://localhost:3000/_next/static/chunks/1ldn_next_dist_06gedf1._.js:776
[ 2525526ms] [LOG] [Fast Refresh] done in 1092ms @ http://localhost:3000/_next/static/chunks/1ldn_next_dist_06gedf1._.js:776
[ 2525587ms] [LOG] [Fast Refresh] done in 1092ms @ http://localhost:3000/_next/static/chunks/1ldn_next_dist_06gedf1._.js:776
[ 2525650ms] [LOG] [Fast Refresh] done in 1092ms @ http://localhost:3000/_next/static/chunks/1ldn_next_dist_06gedf1._.js:776
[ 2525712ms] [LOG] [Fast Refresh] done in 1092ms @ http://localhost:3000/_next/static/chunks/1ldn_next_dist_06gedf1._.js:776
[ 2525774ms] [LOG] [Fast Refresh] done in 1092ms @ http://localhost:3000/_next/static/chunks/1ldn_next_dist_06gedf1._.js:776
[ 2525836ms] [LOG] [Fast Refresh] done in 1092ms @ http://localhost:3000/_next/static/chunks/1ldn_next_dist_06gedf1._.js:776
[ 2525898ms] [LOG] [Fast Refresh] done in 1092ms @ http://localhost:3000/_next/static/chunks/1ldn_next_dist_06gedf1._.js:776
[ 2525961ms] [LOG] [Fast Refresh] done in 1092ms @ http://localhost:3000/_next/static/chunks/1ldn_next_dist_06gedf1._.js:776
[ 2526023ms] [LOG] [Fast Refresh] done in 1092ms @ http://localhost:3000/_next/static/chunks/1ldn_next_dist_06gedf1._.js:776
[ 2526085ms] [LOG] [Fast Refresh] done in 1092ms @ http://localhost:3000/_next/static/chunks/1ldn_next_dist_06gedf1._.js:776
[ 2526147ms] [LOG] [Fast Refresh] done in 1092ms @ http://localhost:3000/_next/static/chunks/1ldn_next_dist_06gedf1._.js:776
[ 2526209ms] [LOG] [Fast Refresh] done in 1092ms @ http://localhost:3000/_next/static/chunks/1ldn_next_dist_06gedf1._.js:776
[ 2526271ms] [LOG] [Fast Refresh] done in 1092ms @ http://localhost:3000/_next/static/chunks/1ldn_next_dist_06gedf1._.js:776
[ 2526333ms] [LOG] [Fast Refresh] done in 1092ms @ http://localhost:3000/_next/static/chunks/1ldn_next_dist_06gedf1._.js:776
[ 2526395ms] [LOG] [Fast Refresh] done in 1092ms @ http://localhost:3000/_next/static/chunks/1ldn_next_dist_06gedf1._.js:776
[ 2526458ms] [LOG] [Fast Refresh] done in 1092ms @ http://localhost:3000/_next/static/chunks/1ldn_next_dist_06gedf1._.js:776
[ 2526519ms] [LOG] [Fast Refresh] done in 1092ms @ http://localhost:3000/_next/static/chunks/1ldn_next_dist_06gedf1._.js:776
[ 2526583ms] [LOG] [Fast Refresh] done in 1092ms @ http://localhost:3000/_next/static/chunks/1ldn_next_dist_06gedf1._.js:776
[ 2526643ms] [LOG] [Fast Refresh] done in 1092ms @ http://localhost:3000/_next/static/chunks/1ldn_next_dist_06gedf1._.js:776
[ 2526705ms] [LOG] [Fast Refresh] done in 1092ms @ http://localhost:3000/_next/static/chunks/1ldn_next_dist_06gedf1._.js:776
[ 2526767ms] [LOG] [Fast Refresh] done in 1092ms @ http://localhost:3000/_next/static/chunks/1ldn_next_dist_06gedf1._.js:776
[ 2526829ms] [LOG] [Fast Refresh] done in 1092ms @ http://localhost:3000/_next/static/chunks/1ldn_next_dist_06gedf1._.js:776
[ 2526894ms] [LOG] [Fast Refresh] done in 1092ms @ http://localhost:3000/_next/static/chunks/1ldn_next_dist_06gedf1._.js:776
[ 2526956ms] [LOG] [Fast Refresh] done in 1092ms @ http://localhost:3000/_next/static/chunks/1ldn_next_dist_06gedf1._.js:776
[ 2527019ms] [LOG] [Fast Refresh] done in 1092ms @ http://localhost:3000/_next/static/chunks/1ldn_next_dist_06gedf1._.js:776
[ 2527082ms] [LOG] [Fast Refresh] done in 1092ms @ http://localhost:3000/_next/static/chunks/1ldn_next_dist_06gedf1._.js:776
[ 2527144ms] [LOG] [Fast Refresh] done in 1092ms @ http://localhost:3000/_next/static/chunks/1ldn_next_dist_06gedf1._.js:776
[ 2527204ms] [LOG] [Fast Refresh] done in 1092ms @ http://localhost:3000/_next/static/chunks/1ldn_next_dist_06gedf1._.js:776
[ 2527268ms] [LOG] [Fast Refresh] done in 1092ms @ http://localhost:3000/_next/static/chunks/1ldn_next_dist_06gedf1._.js:776
[ 2527330ms] [LOG] [Fast Refresh] done in 1092ms @ http://localhost:3000/_next/static/chunks/1ldn_next_dist_06gedf1._.js:776
[ 2527393ms] [LOG] [Fast Refresh] done in 1092ms @ http://localhost:3000/_next/static/chunks/1ldn_next_dist_06gedf1._.js:776
[ 2527454ms] [LOG] [Fast Refresh] done in 1092ms @ http://localhost:3000/_next/static/chunks/1ldn_next_dist_06gedf1._.js:776
[ 2527519ms] [LOG] [Fast Refresh] done in 1092ms @ http://localhost:3000/_next/static/chunks/1ldn_next_dist_06gedf1._.js:776
[ 2527582ms] [LOG] [Fast Refresh] done in 1092ms @ http://localhost:3000/_next/static/chunks/1ldn_next_dist_06gedf1._.js:776
[ 2527643ms] [LOG] [Fast Refresh] done in 1092ms @ http://localhost:3000/_next/static/chunks/1ldn_next_dist_06gedf1._.js:776
[ 2527706ms] [LOG] [Fast Refresh] done in 1092ms @ http://localhost:3000/_next/static/chunks/1ldn_next_dist_06gedf1._.js:776
[ 2527769ms] [LOG] [Fast Refresh] done in 1092ms @ http://localhost:3000/_next/static/chunks/1ldn_next_dist_06gedf1._.js:776
[ 2527830ms] [LOG] [Fast Refresh] done in 1092ms @ http://localhost:3000/_next/static/chunks/1ldn_next_dist_06gedf1._.js:776
[ 2527892ms] [LOG] [Fast Refresh] done in 1092ms @ http://localhost:3000/_next/static/chunks/1ldn_next_dist_06gedf1._.js:776
[ 2527955ms] [LOG] [Fast Refresh] done in 1092ms @ http://localhost:3000/_next/static/chunks/1ldn_next_dist_06gedf1._.js:776
[ 2528018ms] [LOG] [Fast Refresh] done in 1092ms @ http://localhost:3000/_next/static/chunks/1ldn_next_dist_06gedf1._.js:776
[ 2528078ms] [LOG] [Fast Refresh] done in 1092ms @ http://localhost:3000/_next/static/chunks/1ldn_next_dist_06gedf1._.js:776
[ 2528141ms] [LOG] [Fast Refresh] done in 1092ms @ http://localhost:3000/_next/static/chunks/1ldn_next_dist_06gedf1._.js:776
[ 2528203ms] [LOG] [Fast Refresh] done in 1092ms @ http://localhost:3000/_next/static/chunks/1ldn_next_dist_06gedf1._.js:776
[ 2528265ms] [LOG] [Fast Refresh] done in 1092ms @ http://localhost:3000/_next/static/chunks/1ldn_next_dist_06gedf1._.js:776
[ 2528327ms] [LOG] [Fast Refresh] done in 1092ms @ http://localhost:3000/_next/static/chunks/1ldn_next_dist_06gedf1._.js:776
[ 2528389ms] [LOG] [Fast Refresh] done in 1092ms @ http://localhost:3000/_next/static/chunks/1ldn_next_dist_06gedf1._.js:776
[ 2528452ms] [LOG] [Fast Refresh] done in 1092ms @ http://localhost:3000/_next/static/chunks/1ldn_next_dist_06gedf1._.js:776
[ 2528514ms] [LOG] [Fast Refresh] done in 1092ms @ http://localhost:3000/_next/static/chunks/1ldn_next_dist_06gedf1._.js:776
[ 2528576ms] [LOG] [Fast Refresh] done in 1092ms @ http://localhost:3000/_next/static/chunks/1ldn_next_dist_06gedf1._.js:776
[ 2528638ms] [LOG] [Fast Refresh] done in 1092ms @ http://localhost:3000/_next/static/chunks/1ldn_next_dist_06gedf1._.js:776
[ 2528699ms] [LOG] [Fast Refresh] done in 1092ms @ http://localhost:3000/_next/static/chunks/1ldn_next_dist_06gedf1._.js:776
[ 2528761ms] [LOG] [Fast Refresh] done in 1092ms @ http://localhost:3000/_next/static/chunks/1ldn_next_dist_06gedf1._.js:776
[ 2528825ms] [LOG] [Fast Refresh] done in 1092ms @ http://localhost:3000/_next/static/chunks/1ldn_next_dist_06gedf1._.js:776
[ 2528888ms] [LOG] [Fast Refresh] done in 1092ms @ http://localhost:3000/_next/static/chunks/1ldn_next_dist_06gedf1._.js:776
[ 2528950ms] [LOG] [Fast Refresh] done in 1092ms @ http://localhost:3000/_next/static/chunks/1ldn_next_dist_06gedf1._.js:776
[ 2529028ms] [LOG] [Fast Refresh] done in 1092ms @ http://localhost:3000/_next/static/chunks/1ldn_next_dist_06gedf1._.js:776
[ 2529091ms] [LOG] [Fast Refresh] done in 1092ms @ http://localhost:3000/_next/static/chunks/1ldn_next_dist_06gedf1._.js:776
[ 2529154ms] [LOG] [Fast Refresh] done in 1092ms @ http://localhost:3000/_next/static/chunks/1ldn_next_dist_06gedf1._.js:776
[ 2529215ms] [LOG] [Fast Refresh] done in 1092ms @ http://localhost:3000/_next/static/chunks/1ldn_next_dist_06gedf1._.js:776
[ 2529277ms] [LOG] [Fast Refresh] done in 1092ms @ http://localhost:3000/_next/static/chunks/1ldn_next_dist_06gedf1._.js:776
[ 2529340ms] [LOG] [Fast Refresh] done in 1092ms @ http://localhost:3000/_next/static/chunks/1ldn_next_dist_06gedf1._.js:776
[ 2529401ms] [LOG] [Fast Refresh] done in 1092ms @ http://localhost:3000/_next/static/chunks/1ldn_next_dist_06gedf1._.js:776
[ 2529465ms] [LOG] [Fast Refresh] done in 1092ms @ http://localhost:3000/_next/static/chunks/1ldn_next_dist_06gedf1._.js:776
[ 2529527ms] [LOG] [Fast Refresh] done in 1092ms @ http://localhost:3000/_next/static/chunks/1ldn_next_dist_06gedf1._.js:776
[ 2529590ms] [LOG] [Fast Refresh] done in 1092ms @ http://localhost:3000/_next/static/chunks/1ldn_next_dist_06gedf1._.js:776
[ 2529653ms] [LOG] [Fast Refresh] done in 1092ms @ http://localhost:3000/_next/static/chunks/1ldn_next_dist_06gedf1._.js:776
[ 2529715ms] [LOG] [Fast Refresh] done in 1092ms @ http://localhost:3000/_next/static/chunks/1ldn_next_dist_06gedf1._.js:776
[ 2529776ms] [LOG] [Fast Refresh] done in 1092ms @ http://localhost:3000/_next/static/chunks/1ldn_next_dist_06gedf1._.js:776
[ 2529839ms] [LOG] [Fast Refresh] done in 1092ms @ http://localhost:3000/_next/static/chunks/1ldn_next_dist_06gedf1._.js:776
[ 2529916ms] [LOG] [Fast Refresh] done in 1092ms @ http://localhost:3000/_next/static/chunks/1ldn_next_dist_06gedf1._.js:776
[ 2529977ms] [LOG] [Fast Refresh] done in 1092ms @ http://localhost:3000/_next/static/chunks/1ldn_next_dist_06gedf1._.js:776
[ 2530041ms] [LOG] [Fast Refresh] done in 1092ms @ http://localhost:3000/_next/static/chunks/1ldn_next_dist_06gedf1._.js:776
[ 2530104ms] [LOG] [Fast Refresh] done in 1092ms @ http://localhost:3000/_next/static/chunks/1ldn_next_dist_06gedf1._.js:776
[ 2530168ms] [LOG] [Fast Refresh] done in 1092ms @ http://localhost:3000/_next/static/chunks/1ldn_next_dist_06gedf1._.js:776
[ 2530228ms] [LOG] [Fast Refresh] done in 1092ms @ http://localhost:3000/_next/static/chunks/1ldn_next_dist_06gedf1._.js:776
[ 2530290ms] [LOG] [Fast Refresh] done in 1092ms @ http://localhost:3000/_next/static/chunks/1ldn_next_dist_06gedf1._.js:776
[ 2530352ms] [LOG] [Fast Refresh] done in 1092ms @ http://localhost:3000/_next/static/chunks/1ldn_next_dist_06gedf1._.js:776
[ 2530414ms] [LOG] [Fast Refresh] done in 1092ms @ http://localhost:3000/_next/static/chunks/1ldn_next_dist_06gedf1._.js:776
[ 2530475ms] [LOG] [Fast Refresh] done in 1092ms @ http://localhost:3000/_next/static/chunks/1ldn_next_dist_06gedf1._.js:776
[ 2530537ms] [LOG] [Fast Refresh] done in 1092ms @ http://localhost:3000/_next/static/chunks/1ldn_next_dist_06gedf1._.js:776
[ 2530600ms] [LOG] [Fast Refresh] done in 1092ms @ http://localhost:3000/_next/static/chunks/1ldn_next_dist_06gedf1._.js:776
[ 2530661ms] [LOG] [Fast Refresh] done in 1092ms @ http://localhost:3000/_next/static/chunks/1ldn_next_dist_06gedf1._.js:776
[ 2530723ms] [LOG] [Fast Refresh] done in 1092ms @ http://localhost:3000/_next/static/chunks/1ldn_next_dist_06gedf1._.js:776
[ 2530784ms] [LOG] [Fast Refresh] done in 1092ms @ http://localhost:3000/_next/static/chunks/1ldn_next_dist_06gedf1._.js:776
[ 2530846ms] [LOG] [Fast Refresh] done in 1092ms @ http://localhost:3000/_next/static/chunks/1ldn_next_dist_06gedf1._.js:776
[ 2530907ms] [LOG] [Fast Refresh] done in 1092ms @ http://localhost:3000/_next/static/chunks/1ldn_next_dist_06gedf1._.js:776
[ 2530969ms] [LOG] [Fast Refresh] done in 1092ms @ http://localhost:3000/_next/static/chunks/1ldn_next_dist_06gedf1._.js:776
[ 2531040ms] [LOG] [Fast Refresh] done in 1092ms @ http://localhost:3000/_next/static/chunks/1ldn_next_dist_06gedf1._.js:776
[ 2531100ms] [LOG] [Fast Refresh] done in 1092ms @ http://localhost:3000/_next/static/chunks/1ldn_next_dist_06gedf1._.js:776
[ 2531162ms] [LOG] [Fast Refresh] done in 1092ms @ http://localhost:3000/_next/static/chunks/1ldn_next_dist_06gedf1._.js:776
[ 2531223ms] [LOG] [Fast Refresh] done in 1092ms @ http://localhost:3000/_next/static/chunks/1ldn_next_dist_06gedf1._.js:776
[ 2531285ms] [LOG] [Fast Refresh] done in 1092ms @ http://localhost:3000/_next/static/chunks/1ldn_next_dist_06gedf1._.js:776
[ 2531347ms] [LOG] [Fast Refresh] done in 1092ms @ http://localhost:3000/_next/static/chunks/1ldn_next_dist_06gedf1._.js:776
[ 2531409ms] [LOG] [Fast Refresh] done in 1092ms @ http://localhost:3000/_next/static/chunks/1ldn_next_dist_06gedf1._.js:776
[ 2531472ms] [LOG] [Fast Refresh] done in 1092ms @ http://localhost:3000/_next/static/chunks/1ldn_next_dist_06gedf1._.js:776
[ 2531534ms] [LOG] [Fast Refresh] done in 1092ms @ http://localhost:3000/_next/static/chunks/1ldn_next_dist_06gedf1._.js:776
[ 2531595ms] [LOG] [Fast Refresh] done in 1092ms @ http://localhost:3000/_next/static/chunks/1ldn_next_dist_06gedf1._.js:776
[ 2531657ms] [LOG] [Fast Refresh] done in 1092ms @ http://localhost:3000/_next/static/chunks/1ldn_next_dist_06gedf1._.js:776
[ 2531720ms] [LOG] [Fast Refresh] done in 1092ms @ http://localhost:3000/_next/static/chunks/1ldn_next_dist_06gedf1._.js:776
[ 2531784ms] [LOG] [Fast Refresh] done in 1092ms @ http://localhost:3000/_next/static/chunks/1ldn_next_dist_06gedf1._.js:776
[ 2531846ms] [LOG] [Fast Refresh] done in 1092ms @ http://localhost:3000/_next/static/chunks/1ldn_next_dist_06gedf1._.js:776
[ 2531908ms] [LOG] [Fast Refresh] done in 1092ms @ http://localhost:3000/_next/static/chunks/1ldn_next_dist_06gedf1._.js:776
[ 2531997ms] [LOG] [Fast Refresh] done in 1092ms @ http://localhost:3000/_next/static/chunks/1ldn_next_dist_06gedf1._.js:776
[ 2532063ms] [LOG] [Fast Refresh] done in 1092ms @ http://localhost:3000/_next/static/chunks/1ldn_next_dist_06gedf1._.js:776
[ 2532126ms] [LOG] [Fast Refresh] done in 1092ms @ http://localhost:3000/_next/static/chunks/1ldn_next_dist_06gedf1._.js:776
[ 2532188ms] [LOG] [Fast Refresh] done in 1092ms @ http://localhost:3000/_next/static/chunks/1ldn_next_dist_06gedf1._.js:776
[ 2532250ms] [LOG] [Fast Refresh] done in 1092ms @ http://localhost:3000/_next/static/chunks/1ldn_next_dist_06gedf1._.js:776
[ 2532311ms] [LOG] [Fast Refresh] done in 1092ms @ http://localhost:3000/_next/static/chunks/1ldn_next_dist_06gedf1._.js:776
[ 2532374ms] [LOG] [Fast Refresh] done in 1092ms @ http://localhost:3000/_next/static/chunks/1ldn_next_dist_06gedf1._.js:776
[ 2532436ms] [LOG] [Fast Refresh] done in 1092ms @ http://localhost:3000/_next/static/chunks/1ldn_next_dist_06gedf1._.js:776
[ 2532498ms] [LOG] [Fast Refresh] done in 1092ms @ http://localhost:3000/_next/static/chunks/1ldn_next_dist_06gedf1._.js:776
[ 2532561ms] [LOG] [Fast Refresh] done in 1092ms @ http://localhost:3000/_next/static/chunks/1ldn_next_dist_06gedf1._.js:776
[ 2532622ms] [LOG] [Fast Refresh] done in 1092ms @ http://localhost:3000/_next/static/chunks/1ldn_next_dist_06gedf1._.js:776
[ 2532685ms] [LOG] [Fast Refresh] done in 1092ms @ http://localhost:3000/_next/static/chunks/1ldn_next_dist_06gedf1._.js:776
[ 2532746ms] [LOG] [Fast Refresh] done in 1092ms @ http://localhost:3000/_next/static/chunks/1ldn_next_dist_06gedf1._.js:776
[ 2532808ms] [LOG] [Fast Refresh] done in 1092ms @ http://localhost:3000/_next/static/chunks/1ldn_next_dist_06gedf1._.js:776
[ 2532871ms] [LOG] [Fast Refresh] done in 1092ms @ http://localhost:3000/_next/static/chunks/1ldn_next_dist_06gedf1._.js:776
[ 2532933ms] [LOG] [Fast Refresh] done in 1092ms @ http://localhost:3000/_next/static/chunks/1ldn_next_dist_06gedf1._.js:776
[ 2532996ms] [LOG] [Fast Refresh] done in 1092ms @ http://localhost:3000/_next/static/chunks/1ldn_next_dist_06gedf1._.js:776
[ 2533059ms] [LOG] [Fast Refresh] done in 1092ms @ http://localhost:3000/_next/static/chunks/1ldn_next_dist_06gedf1._.js:776
[ 2533122ms] [LOG] [Fast Refresh] done in 1092ms @ http://localhost:3000/_next/static/chunks/1ldn_next_dist_06gedf1._.js:776
[ 2533184ms] [LOG] [Fast Refresh] done in 1092ms @ http://localhost:3000/_next/static/chunks/1ldn_next_dist_06gedf1._.js:776
[ 2533247ms] [LOG] [Fast Refresh] done in 1092ms @ http://localhost:3000/_next/static/chunks/1ldn_next_dist_06gedf1._.js:776
[ 2533310ms] [LOG] [Fast Refresh] done in 1092ms @ http://localhost:3000/_next/static/chunks/1ldn_next_dist_06gedf1._.js:776
[ 2533371ms] [LOG] [Fast Refresh] done in 1092ms @ http://localhost:3000/_next/static/chunks/1ldn_next_dist_06gedf1._.js:776
[ 2533433ms] [LOG] [Fast Refresh] done in 1092ms @ http://localhost:3000/_next/static/chunks/1ldn_next_dist_06gedf1._.js:776
[ 2533496ms] [LOG] [Fast Refresh] done in 1092ms @ http://localhost:3000/_next/static/chunks/1ldn_next_dist_06gedf1._.js:776
[ 2533559ms] [LOG] [Fast Refresh] done in 1092ms @ http://localhost:3000/_next/static/chunks/1ldn_next_dist_06gedf1._.js:776
[ 2533621ms] [LOG] [Fast Refresh] done in 1092ms @ http://localhost:3000/_next/static/chunks/1ldn_next_dist_06gedf1._.js:776
[ 2533684ms] [LOG] [Fast Refresh] done in 1092ms @ http://localhost:3000/_next/static/chunks/1ldn_next_dist_06gedf1._.js:776
[ 2533743ms] [LOG] [Fast Refresh] done in 1092ms @ http://localhost:3000/_next/static/chunks/1ldn_next_dist_06gedf1._.js:776
[ 2533807ms] [LOG] [Fast Refresh] done in 1092ms @ http://localhost:3000/_next/static/chunks/1ldn_next_dist_06gedf1._.js:776
[ 2533869ms] [LOG] [Fast Refresh] done in 1092ms @ http://localhost:3000/_next/static/chunks/1ldn_next_dist_06gedf1._.js:776
[ 2533931ms] [LOG] [Fast Refresh] done in 1092ms @ http://localhost:3000/_next/static/chunks/1ldn_next_dist_06gedf1._.js:776
[ 2533992ms] [LOG] [Fast Refresh] done in 1092ms @ http://localhost:3000/_next/static/chunks/1ldn_next_dist_06gedf1._.js:776
[ 2534053ms] [LOG] [Fast Refresh] done in 1092ms @ http://localhost:3000/_next/static/chunks/1ldn_next_dist_06gedf1._.js:776
[ 2534117ms] [LOG] [Fast Refresh] done in 1092ms @ http://localhost:3000/_next/static/chunks/1ldn_next_dist_06gedf1._.js:776
[ 2534179ms] [LOG] [Fast Refresh] done in 1092ms @ http://localhost:3000/_next/static/chunks/1ldn_next_dist_06gedf1._.js:776
[ 2534241ms] [LOG] [Fast Refresh] done in 1092ms @ http://localhost:3000/_next/static/chunks/1ldn_next_dist_06gedf1._.js:776
[ 2534304ms] [LOG] [Fast Refresh] done in 1092ms @ http://localhost:3000/_next/static/chunks/1ldn_next_dist_06gedf1._.js:776
[ 2534367ms] [LOG] [Fast Refresh] done in 1092ms @ http://localhost:3000/_next/static/chunks/1ldn_next_dist_06gedf1._.js:776
[ 2534430ms] [LOG] [Fast Refresh] done in 1092ms @ http://localhost:3000/_next/static/chunks/1ldn_next_dist_06gedf1._.js:776
[ 2534493ms] [LOG] [Fast Refresh] done in 1092ms @ http://localhost:3000/_next/static/chunks/1ldn_next_dist_06gedf1._.js:776
[ 2534554ms] [LOG] [Fast Refresh] done in 1092ms @ http://localhost:3000/_next/static/chunks/1ldn_next_dist_06gedf1._.js:776
[ 2534617ms] [LOG] [Fast Refresh] done in 1092ms @ http://localhost:3000/_next/static/chunks/1ldn_next_dist_06gedf1._.js:776
[ 2534678ms] [LOG] [Fast Refresh] done in 1092ms @ http://localhost:3000/_next/static/chunks/1ldn_next_dist_06gedf1._.js:776
[ 2534739ms] [LOG] [Fast Refresh] done in 1092ms @ http://localhost:3000/_next/static/chunks/1ldn_next_dist_06gedf1._.js:776
[ 2534801ms] [LOG] [Fast Refresh] done in 1092ms @ http://localhost:3000/_next/static/chunks/1ldn_next_dist_06gedf1._.js:776
[ 2534862ms] [LOG] [Fast Refresh] done in 1092ms @ http://localhost:3000/_next/static/chunks/1ldn_next_dist_06gedf1._.js:776
[ 2534925ms] [LOG] [Fast Refresh] done in 1092ms @ http://localhost:3000/_next/static/chunks/1ldn_next_dist_06gedf1._.js:776
[ 2534987ms] [LOG] [Fast Refresh] done in 1092ms @ http://localhost:3000/_next/static/chunks/1ldn_next_dist_06gedf1._.js:776
[ 2535048ms] [LOG] [Fast Refresh] done in 1092ms @ http://localhost:3000/_next/static/chunks/1ldn_next_dist_06gedf1._.js:776
[ 2535110ms] [LOG] [Fast Refresh] done in 1092ms @ http://localhost:3000/_next/static/chunks/1ldn_next_dist_06gedf1._.js:776
[ 2535172ms] [LOG] [Fast Refresh] done in 1092ms @ http://localhost:3000/_next/static/chunks/1ldn_next_dist_06gedf1._.js:776
[ 2535233ms] [LOG] [Fast Refresh] done in 1092ms @ http://localhost:3000/_next/static/chunks/1ldn_next_dist_06gedf1._.js:776
[ 2535295ms] [LOG] [Fast Refresh] done in 1092ms @ http://localhost:3000/_next/static/chunks/1ldn_next_dist_06gedf1._.js:776
[ 2535356ms] [LOG] [Fast Refresh] done in 1092ms @ http://localhost:3000/_next/static/chunks/1ldn_next_dist_06gedf1._.js:776
[ 2535418ms] [LOG] [Fast Refresh] done in 1092ms @ http://localhost:3000/_next/static/chunks/1ldn_next_dist_06gedf1._.js:776
[ 2535479ms] [LOG] [Fast Refresh] done in 1092ms @ http://localhost:3000/_next/static/chunks/1ldn_next_dist_06gedf1._.js:776
[ 2535542ms] [LOG] [Fast Refresh] done in 1092ms @ http://localhost:3000/_next/static/chunks/1ldn_next_dist_06gedf1._.js:776
[ 2535603ms] [LOG] [Fast Refresh] done in 1092ms @ http://localhost:3000/_next/static/chunks/1ldn_next_dist_06gedf1._.js:776
[ 2535667ms] [LOG] [Fast Refresh] done in 1092ms @ http://localhost:3000/_next/static/chunks/1ldn_next_dist_06gedf1._.js:776
[ 2535731ms] [LOG] [Fast Refresh] done in 1092ms @ http://localhost:3000/_next/static/chunks/1ldn_next_dist_06gedf1._.js:776
[ 2535794ms] [LOG] [Fast Refresh] done in 1092ms @ http://localhost:3000/_next/static/chunks/1ldn_next_dist_06gedf1._.js:776
[ 2535861ms] [LOG] [Fast Refresh] done in 1092ms @ http://localhost:3000/_next/static/chunks/1ldn_next_dist_06gedf1._.js:776
[ 2535917ms] [LOG] [Fast Refresh] done in 1092ms @ http://localhost:3000/_next/static/chunks/1ldn_next_dist_06gedf1._.js:776
[ 2535993ms] [LOG] [Fast Refresh] done in 1092ms @ http://localhost:3000/_next/static/chunks/1ldn_next_dist_06gedf1._.js:776
[ 2536238ms] [LOG] [Fast Refresh] rebuilding @ http://localhost:3000/_next/static/chunks/1ldn_next_dist_06gedf1._.js:776
[ 2536889ms] [LOG] [Fast Refresh] done in 528ms @ http://localhost:3000/_next/static/chunks/1ldn_next_dist_06gedf1._.js:776
[ 2536959ms] [LOG] [Fast Refresh] done in 528ms @ http://localhost:3000/_next/static/chunks/1ldn_next_dist_06gedf1._.js:776
[ 2537018ms] [LOG] [Fast Refresh] done in 528ms @ http://localhost:3000/_next/static/chunks/1ldn_next_dist_06gedf1._.js:776
[ 2537115ms] [LOG] [Fast Refresh] done in 528ms @ http://localhost:3000/_next/static/chunks/1ldn_next_dist_06gedf1._.js:776
[ 2537178ms] [LOG] [Fast Refresh] done in 528ms @ http://localhost:3000/_next/static/chunks/1ldn_next_dist_06gedf1._.js:776
[ 2537235ms] [LOG] [Fast Refresh] done in 528ms @ http://localhost:3000/_next/static/chunks/1ldn_next_dist_06gedf1._.js:776
[ 2537319ms] [LOG] [Fast Refresh] done in 528ms @ http://localhost:3000/_next/static/chunks/1ldn_next_dist_06gedf1._.js:776
[ 2537381ms] [LOG] [Fast Refresh] done in 528ms @ http://localhost:3000/_next/static/chunks/1ldn_next_dist_06gedf1._.js:776
[ 2537443ms] [LOG] [Fast Refresh] done in 528ms @ http://localhost:3000/_next/static/chunks/1ldn_next_dist_06gedf1._.js:776
[ 2537503ms] [LOG] [Fast Refresh] done in 528ms @ http://localhost:3000/_next/static/chunks/1ldn_next_dist_06gedf1._.js:776
[ 2537566ms] [LOG] [Fast Refresh] done in 528ms @ http://localhost:3000/_next/static/chunks/1ldn_next_dist_06gedf1._.js:776
[ 2537631ms] [LOG] [Fast Refresh] done in 528ms @ http://localhost:3000/_next/static/chunks/1ldn_next_dist_06gedf1._.js:776
[ 2537692ms] [LOG] [Fast Refresh] done in 528ms @ http://localhost:3000/_next/static/chunks/1ldn_next_dist_06gedf1._.js:776
[ 2537753ms] [LOG] [Fast Refresh] done in 528ms @ http://localhost:3000/_next/static/chunks/1ldn_next_dist_06gedf1._.js:776
[ 2537815ms] [LOG] [Fast Refresh] done in 528ms @ http://localhost:3000/_next/static/chunks/1ldn_next_dist_06gedf1._.js:776
[ 2537876ms] [LOG] [Fast Refresh] done in 528ms @ http://localhost:3000/_next/static/chunks/1ldn_next_dist_06gedf1._.js:776
[ 2537939ms] [LOG] [Fast Refresh] done in 528ms @ http://localhost:3000/_next/static/chunks/1ldn_next_dist_06gedf1._.js:776
[ 2538006ms] [LOG] [Fast Refresh] done in 528ms @ http://localhost:3000/_next/static/chunks/1ldn_next_dist_06gedf1._.js:776
[ 2538067ms] [LOG] [Fast Refresh] done in 528ms @ http://localhost:3000/_next/static/chunks/1ldn_next_dist_06gedf1._.js:776
[ 2538129ms] [LOG] [Fast Refresh] done in 528ms @ http://localhost:3000/_next/static/chunks/1ldn_next_dist_06gedf1._.js:776
[ 2538191ms] [LOG] [Fast Refresh] done in 528ms @ http://localhost:3000/_next/static/chunks/1ldn_next_dist_06gedf1._.js:776
[ 2538252ms] [LOG] [Fast Refresh] done in 528ms @ http://localhost:3000/_next/static/chunks/1ldn_next_dist_06gedf1._.js:776
[ 2538314ms] [LOG] [Fast Refresh] done in 528ms @ http://localhost:3000/_next/static/chunks/1ldn_next_dist_06gedf1._.js:776
[ 2538376ms] [LOG] [Fast Refresh] done in 528ms @ http://localhost:3000/_next/static/chunks/1ldn_next_dist_06gedf1._.js:776
[ 2538438ms] [LOG] [Fast Refresh] done in 528ms @ http://localhost:3000/_next/static/chunks/1ldn_next_dist_06gedf1._.js:776
[ 2538501ms] [LOG] [Fast Refresh] done in 528ms @ http://localhost:3000/_next/static/chunks/1ldn_next_dist_06gedf1._.js:776
[ 2538564ms] [LOG] [Fast Refresh] done in 528ms @ http://localhost:3000/_next/static/chunks/1ldn_next_dist_06gedf1._.js:776
[ 2538626ms] [LOG] [Fast Refresh] done in 528ms @ http://localhost:3000/_next/static/chunks/1ldn_next_dist_06gedf1._.js:776
[ 2538688ms] [LOG] [Fast Refresh] done in 528ms @ http://localhost:3000/_next/static/chunks/1ldn_next_dist_06gedf1._.js:776
[ 2538749ms] [LOG] [Fast Refresh] done in 528ms @ http://localhost:3000/_next/static/chunks/1ldn_next_dist_06gedf1._.js:776
[ 2538811ms] [LOG] [Fast Refresh] done in 528ms @ http://localhost:3000/_next/static/chunks/1ldn_next_dist_06gedf1._.js:776
[ 2538873ms] [LOG] [Fast Refresh] done in 528ms @ http://localhost:3000/_next/static/chunks/1ldn_next_dist_06gedf1._.js:776
[ 2538937ms] [LOG] [Fast Refresh] done in 528ms @ http://localhost:3000/_next/static/chunks/1ldn_next_dist_06gedf1._.js:776
[ 2538998ms] [LOG] [Fast Refresh] done in 528ms @ http://localhost:3000/_next/static/chunks/1ldn_next_dist_06gedf1._.js:776
[ 2539060ms] [LOG] [Fast Refresh] done in 528ms @ http://localhost:3000/_next/static/chunks/1ldn_next_dist_06gedf1._.js:776
[ 2539124ms] [LOG] [Fast Refresh] done in 528ms @ http://localhost:3000/_next/static/chunks/1ldn_next_dist_06gedf1._.js:776
[ 2539181ms] [LOG] [Fast Refresh] done in 528ms @ http://localhost:3000/_next/static/chunks/1ldn_next_dist_06gedf1._.js:776
[ 2539240ms] [LOG] [Fast Refresh] done in 528ms @ http://localhost:3000/_next/static/chunks/1ldn_next_dist_06gedf1._.js:776
[ 2539304ms] [LOG] [Fast Refresh] done in 528ms @ http://localhost:3000/_next/static/chunks/1ldn_next_dist_06gedf1._.js:776
[ 2539365ms] [LOG] [Fast Refresh] done in 528ms @ http://localhost:3000/_next/static/chunks/1ldn_next_dist_06gedf1._.js:776
[ 2539427ms] [LOG] [Fast Refresh] done in 528ms @ http://localhost:3000/_next/static/chunks/1ldn_next_dist_06gedf1._.js:776
[ 2539489ms] [LOG] [Fast Refresh] done in 528ms @ http://localhost:3000/_next/static/chunks/1ldn_next_dist_06gedf1._.js:776
[ 2539552ms] [LOG] [Fast Refresh] done in 528ms @ http://localhost:3000/_next/static/chunks/1ldn_next_dist_06gedf1._.js:776
[ 2539613ms] [LOG] [Fast Refresh] done in 528ms @ http://localhost:3000/_next/static/chunks/1ldn_next_dist_06gedf1._.js:776
[ 2539674ms] [LOG] [Fast Refresh] done in 528ms @ http://localhost:3000/_next/static/chunks/1ldn_next_dist_06gedf1._.js:776
[ 2539735ms] [LOG] [Fast Refresh] done in 528ms @ http://localhost:3000/_next/static/chunks/1ldn_next_dist_06gedf1._.js:776
[ 2539798ms] [LOG] [Fast Refresh] done in 528ms @ http://localhost:3000/_next/static/chunks/1ldn_next_dist_06gedf1._.js:776
[ 2539860ms] [LOG] [Fast Refresh] done in 528ms @ http://localhost:3000/_next/static/chunks/1ldn_next_dist_06gedf1._.js:776
[ 2539921ms] [LOG] [Fast Refresh] done in 528ms @ http://localhost:3000/_next/static/chunks/1ldn_next_dist_06gedf1._.js:776
[ 2539982ms] [LOG] [Fast Refresh] done in 528ms @ http://localhost:3000/_next/static/chunks/1ldn_next_dist_06gedf1._.js:776
[ 2540045ms] [LOG] [Fast Refresh] done in 528ms @ http://localhost:3000/_next/static/chunks/1ldn_next_dist_06gedf1._.js:776
[ 2540107ms] [LOG] [Fast Refresh] done in 528ms @ http://localhost:3000/_next/static/chunks/1ldn_next_dist_06gedf1._.js:776
[ 2540173ms] [LOG] [Fast Refresh] done in 528ms @ http://localhost:3000/_next/static/chunks/1ldn_next_dist_06gedf1._.js:776
[ 2540235ms] [LOG] [Fast Refresh] done in 528ms @ http://localhost:3000/_next/static/chunks/1ldn_next_dist_06gedf1._.js:776
[ 2540297ms] [LOG] [Fast Refresh] done in 528ms @ http://localhost:3000/_next/static/chunks/1ldn_next_dist_06gedf1._.js:776
[ 2540360ms] [LOG] [Fast Refresh] done in 528ms @ http://localhost:3000/_next/static/chunks/1ldn_next_dist_06gedf1._.js:776
[ 2540421ms] [LOG] [Fast Refresh] done in 528ms @ http://localhost:3000/_next/static/chunks/1ldn_next_dist_06gedf1._.js:776
[ 2540483ms] [LOG] [Fast Refresh] done in 528ms @ http://localhost:3000/_next/static/chunks/1ldn_next_dist_06gedf1._.js:776
[ 2540546ms] [LOG] [Fast Refresh] done in 528ms @ http://localhost:3000/_next/static/chunks/1ldn_next_dist_06gedf1._.js:776
[ 2540607ms] [LOG] [Fast Refresh] done in 528ms @ http://localhost:3000/_next/static/chunks/1ldn_next_dist_06gedf1._.js:776
[ 2540686ms] [LOG] [Fast Refresh] done in 528ms @ http://localhost:3000/_next/static/chunks/1ldn_next_dist_06gedf1._.js:776
[ 2540746ms] [LOG] [Fast Refresh] done in 528ms @ http://localhost:3000/_next/static/chunks/1ldn_next_dist_06gedf1._.js:776
[ 2540809ms] [LOG] [Fast Refresh] done in 528ms @ http://localhost:3000/_next/static/chunks/1ldn_next_dist_06gedf1._.js:776
[ 2540870ms] [LOG] [Fast Refresh] done in 528ms @ http://localhost:3000/_next/static/chunks/1ldn_next_dist_06gedf1._.js:776
[ 2540934ms] [LOG] [Fast Refresh] done in 528ms @ http://localhost:3000/_next/static/chunks/1ldn_next_dist_06gedf1._.js:776
[ 2540997ms] [LOG] [Fast Refresh] done in 528ms @ http://localhost:3000/_next/static/chunks/1ldn_next_dist_06gedf1._.js:776
[ 2541061ms] [LOG] [Fast Refresh] done in 528ms @ http://localhost:3000/_next/static/chunks/1ldn_next_dist_06gedf1._.js:776
[ 2541122ms] [LOG] [Fast Refresh] done in 528ms @ http://localhost:3000/_next/static/chunks/1ldn_next_dist_06gedf1._.js:776
[ 2541186ms] [LOG] [Fast Refresh] done in 528ms @ http://localhost:3000/_next/static/chunks/1ldn_next_dist_06gedf1._.js:776
[ 2541242ms] [LOG] [Fast Refresh] done in 528ms @ http://localhost:3000/_next/static/chunks/1ldn_next_dist_06gedf1._.js:776
[ 2541303ms] [LOG] [Fast Refresh] done in 528ms @ http://localhost:3000/_next/static/chunks/1ldn_next_dist_06gedf1._.js:776
[ 2541364ms] [LOG] [Fast Refresh] done in 528ms @ http://localhost:3000/_next/static/chunks/1ldn_next_dist_06gedf1._.js:776
[ 2541428ms] [LOG] [Fast Refresh] done in 528ms @ http://localhost:3000/_next/static/chunks/1ldn_next_dist_06gedf1._.js:776
[ 2541487ms] [LOG] [Fast Refresh] done in 528ms @ http://localhost:3000/_next/static/chunks/1ldn_next_dist_06gedf1._.js:776
[ 2541550ms] [LOG] [Fast Refresh] done in 528ms @ http://localhost:3000/_next/static/chunks/1ldn_next_dist_06gedf1._.js:776
[ 2541612ms] [LOG] [Fast Refresh] done in 528ms @ http://localhost:3000/_next/static/chunks/1ldn_next_dist_06gedf1._.js:776
[ 2541674ms] [LOG] [Fast Refresh] done in 528ms @ http://localhost:3000/_next/static/chunks/1ldn_next_dist_06gedf1._.js:776
[ 2541737ms] [LOG] [Fast Refresh] done in 528ms @ http://localhost:3000/_next/static/chunks/1ldn_next_dist_06gedf1._.js:776
[ 2541799ms] [LOG] [Fast Refresh] done in 528ms @ http://localhost:3000/_next/static/chunks/1ldn_next_dist_06gedf1._.js:776
[ 2541862ms] [LOG] [Fast Refresh] done in 528ms @ http://localhost:3000/_next/static/chunks/1ldn_next_dist_06gedf1._.js:776
[ 2541926ms] [LOG] [Fast Refresh] done in 528ms @ http://localhost:3000/_next/static/chunks/1ldn_next_dist_06gedf1._.js:776
[ 2541988ms] [LOG] [Fast Refresh] done in 528ms @ http://localhost:3000/_next/static/chunks/1ldn_next_dist_06gedf1._.js:776
[ 2542051ms] [LOG] [Fast Refresh] done in 528ms @ http://localhost:3000/_next/static/chunks/1ldn_next_dist_06gedf1._.js:776
[ 2542113ms] [LOG] [Fast Refresh] done in 528ms @ http://localhost:3000/_next/static/chunks/1ldn_next_dist_06gedf1._.js:776
[ 2542175ms] [LOG] [Fast Refresh] done in 528ms @ http://localhost:3000/_next/static/chunks/1ldn_next_dist_06gedf1._.js:776
[ 2542237ms] [LOG] [Fast Refresh] done in 528ms @ http://localhost:3000/_next/static/chunks/1ldn_next_dist_06gedf1._.js:776
[ 2542301ms] [LOG] [Fast Refresh] done in 528ms @ http://localhost:3000/_next/static/chunks/1ldn_next_dist_06gedf1._.js:776
[ 2542362ms] [LOG] [Fast Refresh] done in 528ms @ http://localhost:3000/_next/static/chunks/1ldn_next_dist_06gedf1._.js:776
[ 2542423ms] [LOG] [Fast Refresh] done in 528ms @ http://localhost:3000/_next/static/chunks/1ldn_next_dist_06gedf1._.js:776
[ 2542485ms] [LOG] [Fast Refresh] done in 528ms @ http://localhost:3000/_next/static/chunks/1ldn_next_dist_06gedf1._.js:776
[ 2542548ms] [LOG] [Fast Refresh] done in 528ms @ http://localhost:3000/_next/static/chunks/1ldn_next_dist_06gedf1._.js:776
[ 2542609ms] [LOG] [Fast Refresh] done in 528ms @ http://localhost:3000/_next/static/chunks/1ldn_next_dist_06gedf1._.js:776
[ 2542671ms] [LOG] [Fast Refresh] done in 528ms @ http://localhost:3000/_next/static/chunks/1ldn_next_dist_06gedf1._.js:776
[ 2542732ms] [LOG] [Fast Refresh] done in 528ms @ http://localhost:3000/_next/static/chunks/1ldn_next_dist_06gedf1._.js:776
[ 2542795ms] [LOG] [Fast Refresh] done in 528ms @ http://localhost:3000/_next/static/chunks/1ldn_next_dist_06gedf1._.js:776
[ 2542857ms] [LOG] [Fast Refresh] done in 528ms @ http://localhost:3000/_next/static/chunks/1ldn_next_dist_06gedf1._.js:776
[ 2542919ms] [LOG] [Fast Refresh] done in 528ms @ http://localhost:3000/_next/static/chunks/1ldn_next_dist_06gedf1._.js:776
[ 2542981ms] [LOG] [Fast Refresh] done in 528ms @ http://localhost:3000/_next/static/chunks/1ldn_next_dist_06gedf1._.js:776
[ 2543043ms] [LOG] [Fast Refresh] done in 528ms @ http://localhost:3000/_next/static/chunks/1ldn_next_dist_06gedf1._.js:776
[ 2543105ms] [LOG] [Fast Refresh] done in 528ms @ http://localhost:3000/_next/static/chunks/1ldn_next_dist_06gedf1._.js:776
[ 2543168ms] [LOG] [Fast Refresh] done in 528ms @ http://localhost:3000/_next/static/chunks/1ldn_next_dist_06gedf1._.js:776
[ 2543230ms] [LOG] [Fast Refresh] done in 528ms @ http://localhost:3000/_next/static/chunks/1ldn_next_dist_06gedf1._.js:776
[ 2543291ms] [LOG] [Fast Refresh] done in 528ms @ http://localhost:3000/_next/static/chunks/1ldn_next_dist_06gedf1._.js:776
[ 2543353ms] [LOG] [Fast Refresh] done in 528ms @ http://localhost:3000/_next/static/chunks/1ldn_next_dist_06gedf1._.js:776
[ 2543414ms] [LOG] [Fast Refresh] done in 528ms @ http://localhost:3000/_next/static/chunks/1ldn_next_dist_06gedf1._.js:776
[ 2543476ms] [LOG] [Fast Refresh] done in 528ms @ http://localhost:3000/_next/static/chunks/1ldn_next_dist_06gedf1._.js:776
[ 2543540ms] [LOG] [Fast Refresh] done in 528ms @ http://localhost:3000/_next/static/chunks/1ldn_next_dist_06gedf1._.js:776
[ 2543603ms] [LOG] [Fast Refresh] done in 528ms @ http://localhost:3000/_next/static/chunks/1ldn_next_dist_06gedf1._.js:776
[ 2543666ms] [LOG] [Fast Refresh] done in 528ms @ http://localhost:3000/_next/static/chunks/1ldn_next_dist_06gedf1._.js:776
[ 2543728ms] [LOG] [Fast Refresh] done in 528ms @ http://localhost:3000/_next/static/chunks/1ldn_next_dist_06gedf1._.js:776
[ 2543789ms] [LOG] [Fast Refresh] done in 528ms @ http://localhost:3000/_next/static/chunks/1ldn_next_dist_06gedf1._.js:776
[ 2543851ms] [LOG] [Fast Refresh] done in 528ms @ http://localhost:3000/_next/static/chunks/1ldn_next_dist_06gedf1._.js:776
[ 2543914ms] [LOG] [Fast Refresh] done in 528ms @ http://localhost:3000/_next/static/chunks/1ldn_next_dist_06gedf1._.js:776
[ 2543975ms] [LOG] [Fast Refresh] done in 528ms @ http://localhost:3000/_next/static/chunks/1ldn_next_dist_06gedf1._.js:776
[ 2544033ms] [LOG] [Fast Refresh] done in 528ms @ http://localhost:3000/_next/static/chunks/1ldn_next_dist_06gedf1._.js:776
[ 2544095ms] [LOG] [Fast Refresh] done in 528ms @ http://localhost:3000/_next/static/chunks/1ldn_next_dist_06gedf1._.js:776
[ 2544156ms] [LOG] [Fast Refresh] done in 528ms @ http://localhost:3000/_next/static/chunks/1ldn_next_dist_06gedf1._.js:776
[ 2544218ms] [LOG] [Fast Refresh] done in 528ms @ http://localhost:3000/_next/static/chunks/1ldn_next_dist_06gedf1._.js:776
[ 2544279ms] [LOG] [Fast Refresh] done in 528ms @ http://localhost:3000/_next/static/chunks/1ldn_next_dist_06gedf1._.js:776
[ 2544345ms] [LOG] [Fast Refresh] done in 528ms @ http://localhost:3000/_next/static/chunks/1ldn_next_dist_06gedf1._.js:776
[ 2544406ms] [LOG] [Fast Refresh] done in 528ms @ http://localhost:3000/_next/static/chunks/1ldn_next_dist_06gedf1._.js:776
[ 2544467ms] [LOG] [Fast Refresh] done in 528ms @ http://localhost:3000/_next/static/chunks/1ldn_next_dist_06gedf1._.js:776
[ 2544544ms] [LOG] [Fast Refresh] done in 528ms @ http://localhost:3000/_next/static/chunks/1ldn_next_dist_06gedf1._.js:776
[ 2544607ms] [LOG] [Fast Refresh] done in 528ms @ http://localhost:3000/_next/static/chunks/1ldn_next_dist_06gedf1._.js:776
[ 2544670ms] [LOG] [Fast Refresh] done in 528ms @ http://localhost:3000/_next/static/chunks/1ldn_next_dist_06gedf1._.js:776
[ 2544732ms] [LOG] [Fast Refresh] done in 528ms @ http://localhost:3000/_next/static/chunks/1ldn_next_dist_06gedf1._.js:776
[ 2544795ms] [LOG] [Fast Refresh] done in 528ms @ http://localhost:3000/_next/static/chunks/1ldn_next_dist_06gedf1._.js:776
[ 2544858ms] [LOG] [Fast Refresh] done in 528ms @ http://localhost:3000/_next/static/chunks/1ldn_next_dist_06gedf1._.js:776
[ 2544920ms] [LOG] [Fast Refresh] done in 528ms @ http://localhost:3000/_next/static/chunks/1ldn_next_dist_06gedf1._.js:776
[ 2544983ms] [LOG] [Fast Refresh] done in 528ms @ http://localhost:3000/_next/static/chunks/1ldn_next_dist_06gedf1._.js:776
[ 2545045ms] [LOG] [Fast Refresh] done in 528ms @ http://localhost:3000/_next/static/chunks/1ldn_next_dist_06gedf1._.js:776
[ 2545107ms] [LOG] [Fast Refresh] done in 528ms @ http://localhost:3000/_next/static/chunks/1ldn_next_dist_06gedf1._.js:776
[ 2545169ms] [LOG] [Fast Refresh] done in 528ms @ http://localhost:3000/_next/static/chunks/1ldn_next_dist_06gedf1._.js:776
[ 2545231ms] [LOG] [Fast Refresh] done in 528ms @ http://localhost:3000/_next/static/chunks/1ldn_next_dist_06gedf1._.js:776
[ 2545293ms] [LOG] [Fast Refresh] done in 528ms @ http://localhost:3000/_next/static/chunks/1ldn_next_dist_06gedf1._.js:776
[ 2545356ms] [LOG] [Fast Refresh] done in 528ms @ http://localhost:3000/_next/static/chunks/1ldn_next_dist_06gedf1._.js:776
[ 2545419ms] [LOG] [Fast Refresh] done in 528ms @ http://localhost:3000/_next/static/chunks/1ldn_next_dist_06gedf1._.js:776
[ 2545481ms] [LOG] [Fast Refresh] done in 528ms @ http://localhost:3000/_next/static/chunks/1ldn_next_dist_06gedf1._.js:776
[ 2545543ms] [LOG] [Fast Refresh] done in 528ms @ http://localhost:3000/_next/static/chunks/1ldn_next_dist_06gedf1._.js:776
[ 2545604ms] [LOG] [Fast Refresh] done in 528ms @ http://localhost:3000/_next/static/chunks/1ldn_next_dist_06gedf1._.js:776
[ 2545667ms] [LOG] [Fast Refresh] done in 528ms @ http://localhost:3000/_next/static/chunks/1ldn_next_dist_06gedf1._.js:776
[ 2545729ms] [LOG] [Fast Refresh] done in 528ms @ http://localhost:3000/_next/static/chunks/1ldn_next_dist_06gedf1._.js:776
[ 2545790ms] [LOG] [Fast Refresh] done in 528ms @ http://localhost:3000/_next/static/chunks/1ldn_next_dist_06gedf1._.js:776
[ 2545853ms] [LOG] [Fast Refresh] done in 528ms @ http://localhost:3000/_next/static/chunks/1ldn_next_dist_06gedf1._.js:776
[ 2545914ms] [LOG] [Fast Refresh] done in 528ms @ http://localhost:3000/_next/static/chunks/1ldn_next_dist_06gedf1._.js:776
[ 2545975ms] [LOG] [Fast Refresh] done in 528ms @ http://localhost:3000/_next/static/chunks/1ldn_next_dist_06gedf1._.js:776
[ 2546027ms] [LOG] [Fast Refresh] done in 528ms @ http://localhost:3000/_next/static/chunks/1ldn_next_dist_06gedf1._.js:776
[ 2546090ms] [LOG] [Fast Refresh] done in 528ms @ http://localhost:3000/_next/static/chunks/1ldn_next_dist_06gedf1._.js:776
[ 2546156ms] [LOG] [Fast Refresh] done in 528ms @ http://localhost:3000/_next/static/chunks/1ldn_next_dist_06gedf1._.js:776
[ 2546215ms] [LOG] [Fast Refresh] done in 528ms @ http://localhost:3000/_next/static/chunks/1ldn_next_dist_06gedf1._.js:776
[ 2546276ms] [LOG] [Fast Refresh] done in 528ms @ http://localhost:3000/_next/static/chunks/1ldn_next_dist_06gedf1._.js:776
[ 2546340ms] [LOG] [Fast Refresh] done in 528ms @ http://localhost:3000/_next/static/chunks/1ldn_next_dist_06gedf1._.js:776
[ 2546402ms] [LOG] [Fast Refresh] done in 528ms @ http://localhost:3000/_next/static/chunks/1ldn_next_dist_06gedf1._.js:776
[ 2546466ms] [LOG] [Fast Refresh] done in 528ms @ http://localhost:3000/_next/static/chunks/1ldn_next_dist_06gedf1._.js:776
[ 2546527ms] [LOG] [Fast Refresh] done in 528ms @ http://localhost:3000/_next/static/chunks/1ldn_next_dist_06gedf1._.js:776
[ 2546589ms] [LOG] [Fast Refresh] done in 528ms @ http://localhost:3000/_next/static/chunks/1ldn_next_dist_06gedf1._.js:776
[ 2546652ms] [LOG] [Fast Refresh] done in 528ms @ http://localhost:3000/_next/static/chunks/1ldn_next_dist_06gedf1._.js:776
[ 2546715ms] [LOG] [Fast Refresh] done in 528ms @ http://localhost:3000/_next/static/chunks/1ldn_next_dist_06gedf1._.js:776
[ 2546775ms] [LOG] [Fast Refresh] done in 528ms @ http://localhost:3000/_next/static/chunks/1ldn_next_dist_06gedf1._.js:776
[ 2546839ms] [LOG] [Fast Refresh] done in 528ms @ http://localhost:3000/_next/static/chunks/1ldn_next_dist_06gedf1._.js:776
[ 2546923ms] [LOG] [Fast Refresh] done in 528ms @ http://localhost:3000/_next/static/chunks/1ldn_next_dist_06gedf1._.js:776
[ 2547002ms] [LOG] [Fast Refresh] done in 528ms @ http://localhost:3000/_next/static/chunks/1ldn_next_dist_06gedf1._.js:776
[ 2547067ms] [LOG] [Fast Refresh] done in 528ms @ http://localhost:3000/_next/static/chunks/1ldn_next_dist_06gedf1._.js:776
[ 2547126ms] [LOG] [Fast Refresh] done in 528ms @ http://localhost:3000/_next/static/chunks/1ldn_next_dist_06gedf1._.js:776
[ 2547190ms] [LOG] [Fast Refresh] done in 528ms @ http://localhost:3000/_next/static/chunks/1ldn_next_dist_06gedf1._.js:776
[ 2547255ms] [LOG] [Fast Refresh] done in 528ms @ http://localhost:3000/_next/static/chunks/1ldn_next_dist_06gedf1._.js:776
[ 2547320ms] [LOG] [Fast Refresh] done in 528ms @ http://localhost:3000/_next/static/chunks/1ldn_next_dist_06gedf1._.js:776
[ 2547397ms] [LOG] [Fast Refresh] done in 528ms @ http://localhost:3000/_next/static/chunks/1ldn_next_dist_06gedf1._.js:776
[ 2547458ms] [LOG] [Fast Refresh] done in 528ms @ http://localhost:3000/_next/static/chunks/1ldn_next_dist_06gedf1._.js:776
[ 2547520ms] [LOG] [Fast Refresh] done in 528ms @ http://localhost:3000/_next/static/chunks/1ldn_next_dist_06gedf1._.js:776
[ 2547584ms] [LOG] [Fast Refresh] done in 528ms @ http://localhost:3000/_next/static/chunks/1ldn_next_dist_06gedf1._.js:776
[ 2547645ms] [LOG] [Fast Refresh] done in 528ms @ http://localhost:3000/_next/static/chunks/1ldn_next_dist_06gedf1._.js:776
[ 2547707ms] [LOG] [Fast Refresh] done in 528ms @ http://localhost:3000/_next/static/chunks/1ldn_next_dist_06gedf1._.js:776
[ 2547769ms] [LOG] [Fast Refresh] done in 528ms @ http://localhost:3000/_next/static/chunks/1ldn_next_dist_06gedf1._.js:776
[ 2547833ms] [LOG] [Fast Refresh] done in 528ms @ http://localhost:3000/_next/static/chunks/1ldn_next_dist_06gedf1._.js:776
[ 2547893ms] [LOG] [Fast Refresh] done in 528ms @ http://localhost:3000/_next/static/chunks/1ldn_next_dist_06gedf1._.js:776
[ 2547954ms] [LOG] [Fast Refresh] done in 528ms @ http://localhost:3000/_next/static/chunks/1ldn_next_dist_06gedf1._.js:776
[ 2548016ms] [LOG] [Fast Refresh] done in 528ms @ http://localhost:3000/_next/static/chunks/1ldn_next_dist_06gedf1._.js:776
[ 2548097ms] [LOG] [Fast Refresh] done in 528ms @ http://localhost:3000/_next/static/chunks/1ldn_next_dist_06gedf1._.js:776
[ 2548158ms] [LOG] [Fast Refresh] done in 528ms @ http://localhost:3000/_next/static/chunks/1ldn_next_dist_06gedf1._.js:776
[ 2548220ms] [LOG] [Fast Refresh] done in 528ms @ http://localhost:3000/_next/static/chunks/1ldn_next_dist_06gedf1._.js:776
[ 2548282ms] [LOG] [Fast Refresh] done in 528ms @ http://localhost:3000/_next/static/chunks/1ldn_next_dist_06gedf1._.js:776
[ 2548342ms] [LOG] [Fast Refresh] done in 528ms @ http://localhost:3000/_next/static/chunks/1ldn_next_dist_06gedf1._.js:776
[ 2548405ms] [LOG] [Fast Refresh] done in 528ms @ http://localhost:3000/_next/static/chunks/1ldn_next_dist_06gedf1._.js:776
[ 2548459ms] [LOG] [Fast Refresh] done in 528ms @ http://localhost:3000/_next/static/chunks/1ldn_next_dist_06gedf1._.js:776
[ 2548525ms] [LOG] [Fast Refresh] done in 528ms @ http://localhost:3000/_next/static/chunks/1ldn_next_dist_06gedf1._.js:776
[ 2548599ms] [LOG] [Fast Refresh] done in 528ms @ http://localhost:3000/_next/static/chunks/1ldn_next_dist_06gedf1._.js:776
[ 2548662ms] [LOG] [Fast Refresh] done in 528ms @ http://localhost:3000/_next/static/chunks/1ldn_next_dist_06gedf1._.js:776
[ 2548724ms] [LOG] [Fast Refresh] done in 528ms @ http://localhost:3000/_next/static/chunks/1ldn_next_dist_06gedf1._.js:776
[ 2548786ms] [LOG] [Fast Refresh] done in 528ms @ http://localhost:3000/_next/static/chunks/1ldn_next_dist_06gedf1._.js:776
[ 2548847ms] [LOG] [Fast Refresh] done in 528ms @ http://localhost:3000/_next/static/chunks/1ldn_next_dist_06gedf1._.js:776
[ 2548909ms] [LOG] [Fast Refresh] done in 528ms @ http://localhost:3000/_next/static/chunks/1ldn_next_dist_06gedf1._.js:776
[ 2548972ms] [LOG] [Fast Refresh] done in 528ms @ http://localhost:3000/_next/static/chunks/1ldn_next_dist_06gedf1._.js:776
[ 2549035ms] [LOG] [Fast Refresh] done in 528ms @ http://localhost:3000/_next/static/chunks/1ldn_next_dist_06gedf1._.js:776
[ 2549096ms] [LOG] [Fast Refresh] done in 528ms @ http://localhost:3000/_next/static/chunks/1ldn_next_dist_06gedf1._.js:776
[ 2549158ms] [LOG] [Fast Refresh] done in 528ms @ http://localhost:3000/_next/static/chunks/1ldn_next_dist_06gedf1._.js:776
[ 2549220ms] [LOG] [Fast Refresh] done in 528ms @ http://localhost:3000/_next/static/chunks/1ldn_next_dist_06gedf1._.js:776
[ 2549283ms] [LOG] [Fast Refresh] done in 528ms @ http://localhost:3000/_next/static/chunks/1ldn_next_dist_06gedf1._.js:776
[ 2549344ms] [LOG] [Fast Refresh] done in 528ms @ http://localhost:3000/_next/static/chunks/1ldn_next_dist_06gedf1._.js:776
[ 2549407ms] [LOG] [Fast Refresh] done in 528ms @ http://localhost:3000/_next/static/chunks/1ldn_next_dist_06gedf1._.js:776
[ 2549470ms] [LOG] [Fast Refresh] done in 528ms @ http://localhost:3000/_next/static/chunks/1ldn_next_dist_06gedf1._.js:776
[ 2549532ms] [LOG] [Fast Refresh] done in 528ms @ http://localhost:3000/_next/static/chunks/1ldn_next_dist_06gedf1._.js:776
[ 2549592ms] [LOG] [Fast Refresh] done in 528ms @ http://localhost:3000/_next/static/chunks/1ldn_next_dist_06gedf1._.js:776
[ 2549654ms] [LOG] [Fast Refresh] done in 528ms @ http://localhost:3000/_next/static/chunks/1ldn_next_dist_06gedf1._.js:776
[ 2549717ms] [LOG] [Fast Refresh] done in 528ms @ http://localhost:3000/_next/static/chunks/1ldn_next_dist_06gedf1._.js:776
[ 2549780ms] [LOG] [Fast Refresh] done in 528ms @ http://localhost:3000/_next/static/chunks/1ldn_next_dist_06gedf1._.js:776
[ 2549841ms] [LOG] [Fast Refresh] done in 528ms @ http://localhost:3000/_next/static/chunks/1ldn_next_dist_06gedf1._.js:776
[ 2549902ms] [LOG] [Fast Refresh] done in 528ms @ http://localhost:3000/_next/static/chunks/1ldn_next_dist_06gedf1._.js:776
[ 2549964ms] [LOG] [Fast Refresh] done in 528ms @ http://localhost:3000/_next/static/chunks/1ldn_next_dist_06gedf1._.js:776
[ 2550027ms] [LOG] [Fast Refresh] done in 528ms @ http://localhost:3000/_next/static/chunks/1ldn_next_dist_06gedf1._.js:776
[ 2550090ms] [LOG] [Fast Refresh] done in 528ms @ http://localhost:3000/_next/static/chunks/1ldn_next_dist_06gedf1._.js:776
[ 2550153ms] [LOG] [Fast Refresh] done in 528ms @ http://localhost:3000/_next/static/chunks/1ldn_next_dist_06gedf1._.js:776
[ 2550215ms] [LOG] [Fast Refresh] done in 528ms @ http://localhost:3000/_next/static/chunks/1ldn_next_dist_06gedf1._.js:776
[ 2550278ms] [LOG] [Fast Refresh] done in 528ms @ http://localhost:3000/_next/static/chunks/1ldn_next_dist_06gedf1._.js:776
[ 2550340ms] [LOG] [Fast Refresh] done in 528ms @ http://localhost:3000/_next/static/chunks/1ldn_next_dist_06gedf1._.js:776
[ 2550402ms] [LOG] [Fast Refresh] done in 528ms @ http://localhost:3000/_next/static/chunks/1ldn_next_dist_06gedf1._.js:776
[ 2550463ms] [LOG] [Fast Refresh] done in 528ms @ http://localhost:3000/_next/static/chunks/1ldn_next_dist_06gedf1._.js:776
[ 2550524ms] [LOG] [Fast Refresh] done in 528ms @ http://localhost:3000/_next/static/chunks/1ldn_next_dist_06gedf1._.js:776
[ 2550587ms] [LOG] [Fast Refresh] done in 528ms @ http://localhost:3000/_next/static/chunks/1ldn_next_dist_06gedf1._.js:776
[ 2550649ms] [LOG] [Fast Refresh] done in 528ms @ http://localhost:3000/_next/static/chunks/1ldn_next_dist_06gedf1._.js:776
[ 2550713ms] [LOG] [Fast Refresh] done in 528ms @ http://localhost:3000/_next/static/chunks/1ldn_next_dist_06gedf1._.js:776
[ 2550775ms] [LOG] [Fast Refresh] done in 528ms @ http://localhost:3000/_next/static/chunks/1ldn_next_dist_06gedf1._.js:776
[ 2550837ms] [LOG] [Fast Refresh] done in 528ms @ http://localhost:3000/_next/static/chunks/1ldn_next_dist_06gedf1._.js:776
[ 2550900ms] [LOG] [Fast Refresh] done in 528ms @ http://localhost:3000/_next/static/chunks/1ldn_next_dist_06gedf1._.js:776
[ 2550962ms] [LOG] [Fast Refresh] done in 528ms @ http://localhost:3000/_next/static/chunks/1ldn_next_dist_06gedf1._.js:776
[ 2551024ms] [LOG] [Fast Refresh] done in 528ms @ http://localhost:3000/_next/static/chunks/1ldn_next_dist_06gedf1._.js:776
[ 2551086ms] [LOG] [Fast Refresh] done in 528ms @ http://localhost:3000/_next/static/chunks/1ldn_next_dist_06gedf1._.js:776
[ 2551149ms] [LOG] [Fast Refresh] done in 528ms @ http://localhost:3000/_next/static/chunks/1ldn_next_dist_06gedf1._.js:776
[ 2551211ms] [LOG] [Fast Refresh] done in 528ms @ http://localhost:3000/_next/static/chunks/1ldn_next_dist_06gedf1._.js:776
[ 2551273ms] [LOG] [Fast Refresh] done in 528ms @ http://localhost:3000/_next/static/chunks/1ldn_next_dist_06gedf1._.js:776
[ 2551336ms] [LOG] [Fast Refresh] done in 528ms @ http://localhost:3000/_next/static/chunks/1ldn_next_dist_06gedf1._.js:776
[ 2551397ms] [LOG] [Fast Refresh] done in 528ms @ http://localhost:3000/_next/static/chunks/1ldn_next_dist_06gedf1._.js:776
[ 2551460ms] [LOG] [Fast Refresh] done in 528ms @ http://localhost:3000/_next/static/chunks/1ldn_next_dist_06gedf1._.js:776
[ 2551522ms] [LOG] [Fast Refresh] done in 528ms @ http://localhost:3000/_next/static/chunks/1ldn_next_dist_06gedf1._.js:776
[ 2551584ms] [LOG] [Fast Refresh] done in 528ms @ http://localhost:3000/_next/static/chunks/1ldn_next_dist_06gedf1._.js:776
[ 2551647ms] [LOG] [Fast Refresh] done in 528ms @ http://localhost:3000/_next/static/chunks/1ldn_next_dist_06gedf1._.js:776
[ 2551710ms] [LOG] [Fast Refresh] done in 528ms @ http://localhost:3000/_next/static/chunks/1ldn_next_dist_06gedf1._.js:776
[ 2551772ms] [LOG] [Fast Refresh] done in 528ms @ http://localhost:3000/_next/static/chunks/1ldn_next_dist_06gedf1._.js:776
[ 2551834ms] [LOG] [Fast Refresh] done in 528ms @ http://localhost:3000/_next/static/chunks/1ldn_next_dist_06gedf1._.js:776
[ 2551897ms] [LOG] [Fast Refresh] done in 528ms @ http://localhost:3000/_next/static/chunks/1ldn_next_dist_06gedf1._.js:776
[ 2551961ms] [LOG] [Fast Refresh] done in 528ms @ http://localhost:3000/_next/static/chunks/1ldn_next_dist_06gedf1._.js:776
[ 2552026ms] [LOG] [Fast Refresh] done in 528ms @ http://localhost:3000/_next/static/chunks/1ldn_next_dist_06gedf1._.js:776
[ 2552086ms] [LOG] [Fast Refresh] done in 528ms @ http://localhost:3000/_next/static/chunks/1ldn_next_dist_06gedf1._.js:776
[ 2552148ms] [LOG] [Fast Refresh] done in 528ms @ http://localhost:3000/_next/static/chunks/1ldn_next_dist_06gedf1._.js:776
[ 2552211ms] [LOG] [Fast Refresh] done in 528ms @ http://localhost:3000/_next/static/chunks/1ldn_next_dist_06gedf1._.js:776
[ 2552272ms] [LOG] [Fast Refresh] done in 528ms @ http://localhost:3000/_next/static/chunks/1ldn_next_dist_06gedf1._.js:776
[ 2552335ms] [LOG] [Fast Refresh] done in 528ms @ http://localhost:3000/_next/static/chunks/1ldn_next_dist_06gedf1._.js:776
[ 2552396ms] [LOG] [Fast Refresh] done in 528ms @ http://localhost:3000/_next/static/chunks/1ldn_next_dist_06gedf1._.js:776
[ 2552459ms] [LOG] [Fast Refresh] done in 528ms @ http://localhost:3000/_next/static/chunks/1ldn_next_dist_06gedf1._.js:776
[ 2552521ms] [LOG] [Fast Refresh] done in 528ms @ http://localhost:3000/_next/static/chunks/1ldn_next_dist_06gedf1._.js:776
[ 2552582ms] [LOG] [Fast Refresh] done in 528ms @ http://localhost:3000/_next/static/chunks/1ldn_next_dist_06gedf1._.js:776
[ 2552644ms] [LOG] [Fast Refresh] done in 528ms @ http://localhost:3000/_next/static/chunks/1ldn_next_dist_06gedf1._.js:776
[ 2552707ms] [LOG] [Fast Refresh] done in 528ms @ http://localhost:3000/_next/static/chunks/1ldn_next_dist_06gedf1._.js:776
[ 2552768ms] [LOG] [Fast Refresh] done in 528ms @ http://localhost:3000/_next/static/chunks/1ldn_next_dist_06gedf1._.js:776
[ 2552832ms] [LOG] [Fast Refresh] done in 528ms @ http://localhost:3000/_next/static/chunks/1ldn_next_dist_06gedf1._.js:776
[ 2552895ms] [LOG] [Fast Refresh] done in 528ms @ http://localhost:3000/_next/static/chunks/1ldn_next_dist_06gedf1._.js:776
[ 2552958ms] [LOG] [Fast Refresh] done in 528ms @ http://localhost:3000/_next/static/chunks/1ldn_next_dist_06gedf1._.js:776
[ 2553020ms] [LOG] [Fast Refresh] done in 528ms @ http://localhost:3000/_next/static/chunks/1ldn_next_dist_06gedf1._.js:776
[ 2553083ms] [LOG] [Fast Refresh] done in 528ms @ http://localhost:3000/_next/static/chunks/1ldn_next_dist_06gedf1._.js:776
[ 2553143ms] [LOG] [Fast Refresh] done in 528ms @ http://localhost:3000/_next/static/chunks/1ldn_next_dist_06gedf1._.js:776
[ 2553205ms] [LOG] [Fast Refresh] done in 528ms @ http://localhost:3000/_next/static/chunks/1ldn_next_dist_06gedf1._.js:776
[ 2553268ms] [LOG] [Fast Refresh] done in 528ms @ http://localhost:3000/_next/static/chunks/1ldn_next_dist_06gedf1._.js:776
[ 2553330ms] [LOG] [Fast Refresh] done in 528ms @ http://localhost:3000/_next/static/chunks/1ldn_next_dist_06gedf1._.js:776
[ 2553392ms] [LOG] [Fast Refresh] done in 528ms @ http://localhost:3000/_next/static/chunks/1ldn_next_dist_06gedf1._.js:776
[ 2553453ms] [LOG] [Fast Refresh] done in 528ms @ http://localhost:3000/_next/static/chunks/1ldn_next_dist_06gedf1._.js:776
[ 2553515ms] [LOG] [Fast Refresh] done in 528ms @ http://localhost:3000/_next/static/chunks/1ldn_next_dist_06gedf1._.js:776
[ 2553577ms] [LOG] [Fast Refresh] done in 528ms @ http://localhost:3000/_next/static/chunks/1ldn_next_dist_06gedf1._.js:776
[ 2553640ms] [LOG] [Fast Refresh] done in 528ms @ http://localhost:3000/_next/static/chunks/1ldn_next_dist_06gedf1._.js:776
[ 2553702ms] [LOG] [Fast Refresh] done in 528ms @ http://localhost:3000/_next/static/chunks/1ldn_next_dist_06gedf1._.js:776
[ 2553764ms] [LOG] [Fast Refresh] done in 528ms @ http://localhost:3000/_next/static/chunks/1ldn_next_dist_06gedf1._.js:776
[ 2553826ms] [LOG] [Fast Refresh] done in 528ms @ http://localhost:3000/_next/static/chunks/1ldn_next_dist_06gedf1._.js:776
[ 2553887ms] [LOG] [Fast Refresh] done in 528ms @ http://localhost:3000/_next/static/chunks/1ldn_next_dist_06gedf1._.js:776
[ 2553949ms] [LOG] [Fast Refresh] done in 528ms @ http://localhost:3000/_next/static/chunks/1ldn_next_dist_06gedf1._.js:776
[ 2554011ms] [LOG] [Fast Refresh] done in 528ms @ http://localhost:3000/_next/static/chunks/1ldn_next_dist_06gedf1._.js:776
[ 2554073ms] [LOG] [Fast Refresh] done in 528ms @ http://localhost:3000/_next/static/chunks/1ldn_next_dist_06gedf1._.js:776
[ 2554136ms] [LOG] [Fast Refresh] done in 528ms @ http://localhost:3000/_next/static/chunks/1ldn_next_dist_06gedf1._.js:776
[ 2554198ms] [LOG] [Fast Refresh] done in 528ms @ http://localhost:3000/_next/static/chunks/1ldn_next_dist_06gedf1._.js:776
[ 2554260ms] [LOG] [Fast Refresh] done in 528ms @ http://localhost:3000/_next/static/chunks/1ldn_next_dist_06gedf1._.js:776
[ 2554323ms] [LOG] [Fast Refresh] done in 528ms @ http://localhost:3000/_next/static/chunks/1ldn_next_dist_06gedf1._.js:776
[ 2554385ms] [LOG] [Fast Refresh] done in 528ms @ http://localhost:3000/_next/static/chunks/1ldn_next_dist_06gedf1._.js:776
[ 2554443ms] [LOG] [Fast Refresh] done in 528ms @ http://localhost:3000/_next/static/chunks/1ldn_next_dist_06gedf1._.js:776
[ 2554505ms] [LOG] [Fast Refresh] done in 528ms @ http://localhost:3000/_next/static/chunks/1ldn_next_dist_06gedf1._.js:776
[ 2554567ms] [LOG] [Fast Refresh] done in 528ms @ http://localhost:3000/_next/static/chunks/1ldn_next_dist_06gedf1._.js:776
[ 2554630ms] [LOG] [Fast Refresh] done in 528ms @ http://localhost:3000/_next/static/chunks/1ldn_next_dist_06gedf1._.js:776
[ 2554691ms] [LOG] [Fast Refresh] done in 528ms @ http://localhost:3000/_next/static/chunks/1ldn_next_dist_06gedf1._.js:776
[ 2554754ms] [LOG] [Fast Refresh] done in 528ms @ http://localhost:3000/_next/static/chunks/1ldn_next_dist_06gedf1._.js:776
[ 2554816ms] [LOG] [Fast Refresh] done in 528ms @ http://localhost:3000/_next/static/chunks/1ldn_next_dist_06gedf1._.js:776
[ 2554878ms] [LOG] [Fast Refresh] done in 528ms @ http://localhost:3000/_next/static/chunks/1ldn_next_dist_06gedf1._.js:776
[ 2554940ms] [LOG] [Fast Refresh] done in 528ms @ http://localhost:3000/_next/static/chunks/1ldn_next_dist_06gedf1._.js:776
[ 2555002ms] [LOG] [Fast Refresh] done in 528ms @ http://localhost:3000/_next/static/chunks/1ldn_next_dist_06gedf1._.js:776
[ 2555063ms] [LOG] [Fast Refresh] done in 528ms @ http://localhost:3000/_next/static/chunks/1ldn_next_dist_06gedf1._.js:776
[ 2555127ms] [LOG] [Fast Refresh] done in 528ms @ http://localhost:3000/_next/static/chunks/1ldn_next_dist_06gedf1._.js:776
[ 2555189ms] [LOG] [Fast Refresh] done in 528ms @ http://localhost:3000/_next/static/chunks/1ldn_next_dist_06gedf1._.js:776
[ 2555251ms] [LOG] [Fast Refresh] done in 528ms @ http://localhost:3000/_next/static/chunks/1ldn_next_dist_06gedf1._.js:776
[ 2555314ms] [LOG] [Fast Refresh] done in 528ms @ http://localhost:3000/_next/static/chunks/1ldn_next_dist_06gedf1._.js:776
[ 2555377ms] [LOG] [Fast Refresh] done in 528ms @ http://localhost:3000/_next/static/chunks/1ldn_next_dist_06gedf1._.js:776
[ 2555440ms] [LOG] [Fast Refresh] done in 528ms @ http://localhost:3000/_next/static/chunks/1ldn_next_dist_06gedf1._.js:776
[ 2555502ms] [LOG] [Fast Refresh] done in 528ms @ http://localhost:3000/_next/static/chunks/1ldn_next_dist_06gedf1._.js:776
[ 2555565ms] [LOG] [Fast Refresh] done in 528ms @ http://localhost:3000/_next/static/chunks/1ldn_next_dist_06gedf1._.js:776
[ 2555627ms] [LOG] [Fast Refresh] done in 528ms @ http://localhost:3000/_next/static/chunks/1ldn_next_dist_06gedf1._.js:776
[ 2555691ms] [LOG] [Fast Refresh] done in 528ms @ http://localhost:3000/_next/static/chunks/1ldn_next_dist_06gedf1._.js:776
[ 2555753ms] [LOG] [Fast Refresh] done in 528ms @ http://localhost:3000/_next/static/chunks/1ldn_next_dist_06gedf1._.js:776
[ 2555815ms] [LOG] [Fast Refresh] done in 528ms @ http://localhost:3000/_next/static/chunks/1ldn_next_dist_06gedf1._.js:776
[ 2555877ms] [LOG] [Fast Refresh] done in 528ms @ http://localhost:3000/_next/static/chunks/1ldn_next_dist_06gedf1._.js:776
[ 2555944ms] [LOG] [Fast Refresh] done in 528ms @ http://localhost:3000/_next/static/chunks/1ldn_next_dist_06gedf1._.js:776
[ 2556010ms] [LOG] [Fast Refresh] done in 528ms @ http://localhost:3000/_next/static/chunks/1ldn_next_dist_06gedf1._.js:776
[ 2556077ms] [LOG] [Fast Refresh] done in 528ms @ http://localhost:3000/_next/static/chunks/1ldn_next_dist_06gedf1._.js:776
[ 2556140ms] [LOG] [Fast Refresh] done in 528ms @ http://localhost:3000/_next/static/chunks/1ldn_next_dist_06gedf1._.js:776
[ 2556201ms] [LOG] [Fast Refresh] done in 528ms @ http://localhost:3000/_next/static/chunks/1ldn_next_dist_06gedf1._.js:776
[ 2556263ms] [LOG] [Fast Refresh] done in 528ms @ http://localhost:3000/_next/static/chunks/1ldn_next_dist_06gedf1._.js:776
[ 2556327ms] [LOG] [Fast Refresh] done in 528ms @ http://localhost:3000/_next/static/chunks/1ldn_next_dist_06gedf1._.js:776
[ 2556388ms] [LOG] [Fast Refresh] done in 528ms @ http://localhost:3000/_next/static/chunks/1ldn_next_dist_06gedf1._.js:776
[ 2556449ms] [LOG] [Fast Refresh] done in 528ms @ http://localhost:3000/_next/static/chunks/1ldn_next_dist_06gedf1._.js:776
[ 2556509ms] [LOG] [Fast Refresh] done in 528ms @ http://localhost:3000/_next/static/chunks/1ldn_next_dist_06gedf1._.js:776
[ 2556571ms] [LOG] [Fast Refresh] done in 528ms @ http://localhost:3000/_next/static/chunks/1ldn_next_dist_06gedf1._.js:776
[ 2556633ms] [LOG] [Fast Refresh] done in 528ms @ http://localhost:3000/_next/static/chunks/1ldn_next_dist_06gedf1._.js:776
[ 2556697ms] [LOG] [Fast Refresh] done in 528ms @ http://localhost:3000/_next/static/chunks/1ldn_next_dist_06gedf1._.js:776
[ 2556758ms] [LOG] [Fast Refresh] done in 528ms @ http://localhost:3000/_next/static/chunks/1ldn_next_dist_06gedf1._.js:776
[ 2556820ms] [LOG] [Fast Refresh] done in 528ms @ http://localhost:3000/_next/static/chunks/1ldn_next_dist_06gedf1._.js:776
[ 2556882ms] [LOG] [Fast Refresh] done in 528ms @ http://localhost:3000/_next/static/chunks/1ldn_next_dist_06gedf1._.js:776
[ 2556945ms] [LOG] [Fast Refresh] done in 528ms @ http://localhost:3000/_next/static/chunks/1ldn_next_dist_06gedf1._.js:776
[ 2557131ms] [LOG] [Fast Refresh] done in 528ms @ http://localhost:3000/_next/static/chunks/1ldn_next_dist_06gedf1._.js:776
[ 2557193ms] [LOG] [Fast Refresh] done in 528ms @ http://localhost:3000/_next/static/chunks/1ldn_next_dist_06gedf1._.js:776
[ 2557255ms] [LOG] [Fast Refresh] done in 528ms @ http://localhost:3000/_next/static/chunks/1ldn_next_dist_06gedf1._.js:776
[ 2557317ms] [LOG] [Fast Refresh] done in 528ms @ http://localhost:3000/_next/static/chunks/1ldn_next_dist_06gedf1._.js:776
[ 2557380ms] [LOG] [Fast Refresh] done in 528ms @ http://localhost:3000/_next/static/chunks/1ldn_next_dist_06gedf1._.js:776
[ 2557458ms] [LOG] [Fast Refresh] done in 528ms @ http://localhost:3000/_next/static/chunks/1ldn_next_dist_06gedf1._.js:776
[ 2557527ms] [LOG] [Fast Refresh] done in 528ms @ http://localhost:3000/_next/static/chunks/1ldn_next_dist_06gedf1._.js:776
[ 2557589ms] [LOG] [Fast Refresh] done in 528ms @ http://localhost:3000/_next/static/chunks/1ldn_next_dist_06gedf1._.js:776
[ 2557650ms] [LOG] [Fast Refresh] done in 528ms @ http://localhost:3000/_next/static/chunks/1ldn_next_dist_06gedf1._.js:776
[ 2557713ms] [LOG] [Fast Refresh] done in 528ms @ http://localhost:3000/_next/static/chunks/1ldn_next_dist_06gedf1._.js:776
[ 2557774ms] [LOG] [Fast Refresh] done in 528ms @ http://localhost:3000/_next/static/chunks/1ldn_next_dist_06gedf1._.js:776
[ 2557837ms] [LOG] [Fast Refresh] done in 528ms @ http://localhost:3000/_next/static/chunks/1ldn_next_dist_06gedf1._.js:776
[ 2557897ms] [LOG] [Fast Refresh] done in 528ms @ http://localhost:3000/_next/static/chunks/1ldn_next_dist_06gedf1._.js:776
[ 2557960ms] [LOG] [Fast Refresh] done in 528ms @ http://localhost:3000/_next/static/chunks/1ldn_next_dist_06gedf1._.js:776
[ 2558024ms] [LOG] [Fast Refresh] done in 528ms @ http://localhost:3000/_next/static/chunks/1ldn_next_dist_06gedf1._.js:776
[ 2558099ms] [LOG] [Fast Refresh] done in 528ms @ http://localhost:3000/_next/static/chunks/1ldn_next_dist_06gedf1._.js:776
[ 2558161ms] [LOG] [Fast Refresh] done in 528ms @ http://localhost:3000/_next/static/chunks/1ldn_next_dist_06gedf1._.js:776
[ 2558225ms] [LOG] [Fast Refresh] done in 528ms @ http://localhost:3000/_next/static/chunks/1ldn_next_dist_06gedf1._.js:776
[ 2558288ms] [LOG] [Fast Refresh] done in 528ms @ http://localhost:3000/_next/static/chunks/1ldn_next_dist_06gedf1._.js:776
[ 2558349ms] [LOG] [Fast Refresh] done in 528ms @ http://localhost:3000/_next/static/chunks/1ldn_next_dist_06gedf1._.js:776
[ 2558411ms] [LOG] [Fast Refresh] done in 528ms @ http://localhost:3000/_next/static/chunks/1ldn_next_dist_06gedf1._.js:776
[ 2558474ms] [LOG] [Fast Refresh] done in 528ms @ http://localhost:3000/_next/static/chunks/1ldn_next_dist_06gedf1._.js:776
[ 2558537ms] [LOG] [Fast Refresh] done in 528ms @ http://localhost:3000/_next/static/chunks/1ldn_next_dist_06gedf1._.js:776
[ 2558598ms] [LOG] [Fast Refresh] done in 528ms @ http://localhost:3000/_next/static/chunks/1ldn_next_dist_06gedf1._.js:776
[ 2558660ms] [LOG] [Fast Refresh] done in 528ms @ http://localhost:3000/_next/static/chunks/1ldn_next_dist_06gedf1._.js:776
[ 2558723ms] [LOG] [Fast Refresh] done in 528ms @ http://localhost:3000/_next/static/chunks/1ldn_next_dist_06gedf1._.js:776
[ 2558785ms] [LOG] [Fast Refresh] done in 528ms @ http://localhost:3000/_next/static/chunks/1ldn_next_dist_06gedf1._.js:776
[ 2558847ms] [LOG] [Fast Refresh] done in 528ms @ http://localhost:3000/_next/static/chunks/1ldn_next_dist_06gedf1._.js:776
[ 2558910ms] [LOG] [Fast Refresh] done in 528ms @ http://localhost:3000/_next/static/chunks/1ldn_next_dist_06gedf1._.js:776
[ 2558973ms] [LOG] [Fast Refresh] done in 528ms @ http://localhost:3000/_next/static/chunks/1ldn_next_dist_06gedf1._.js:776
[ 2559036ms] [LOG] [Fast Refresh] done in 528ms @ http://localhost:3000/_next/static/chunks/1ldn_next_dist_06gedf1._.js:776
[ 2559096ms] [LOG] [Fast Refresh] done in 528ms @ http://localhost:3000/_next/static/chunks/1ldn_next_dist_06gedf1._.js:776
[ 2559157ms] [LOG] [Fast Refresh] done in 528ms @ http://localhost:3000/_next/static/chunks/1ldn_next_dist_06gedf1._.js:776
[ 2559219ms] [LOG] [Fast Refresh] done in 528ms @ http://localhost:3000/_next/static/chunks/1ldn_next_dist_06gedf1._.js:776
[ 2559283ms] [LOG] [Fast Refresh] done in 528ms @ http://localhost:3000/_next/static/chunks/1ldn_next_dist_06gedf1._.js:776
[ 2559344ms] [LOG] [Fast Refresh] done in 528ms @ http://localhost:3000/_next/static/chunks/1ldn_next_dist_06gedf1._.js:776
[ 2559406ms] [LOG] [Fast Refresh] done in 528ms @ http://localhost:3000/_next/static/chunks/1ldn_next_dist_06gedf1._.js:776
[ 2559468ms] [LOG] [Fast Refresh] done in 528ms @ http://localhost:3000/_next/static/chunks/1ldn_next_dist_06gedf1._.js:776
[ 2559529ms] [LOG] [Fast Refresh] done in 528ms @ http://localhost:3000/_next/static/chunks/1ldn_next_dist_06gedf1._.js:776
[ 2559591ms] [LOG] [Fast Refresh] done in 528ms @ http://localhost:3000/_next/static/chunks/1ldn_next_dist_06gedf1._.js:776
[ 2559654ms] [LOG] [Fast Refresh] done in 528ms @ http://localhost:3000/_next/static/chunks/1ldn_next_dist_06gedf1._.js:776
[ 2559714ms] [LOG] [Fast Refresh] done in 528ms @ http://localhost:3000/_next/static/chunks/1ldn_next_dist_06gedf1._.js:776
[ 2559777ms] [LOG] [Fast Refresh] done in 528ms @ http://localhost:3000/_next/static/chunks/1ldn_next_dist_06gedf1._.js:776
[ 2559839ms] [LOG] [Fast Refresh] done in 528ms @ http://localhost:3000/_next/static/chunks/1ldn_next_dist_06gedf1._.js:776
[ 2559901ms] [LOG] [Fast Refresh] done in 528ms @ http://localhost:3000/_next/static/chunks/1ldn_next_dist_06gedf1._.js:776
[ 2559962ms] [LOG] [Fast Refresh] done in 528ms @ http://localhost:3000/_next/static/chunks/1ldn_next_dist_06gedf1._.js:776
[ 2560024ms] [LOG] [Fast Refresh] done in 528ms @ http://localhost:3000/_next/static/chunks/1ldn_next_dist_06gedf1._.js:776
[ 2560087ms] [LOG] [Fast Refresh] done in 528ms @ http://localhost:3000/_next/static/chunks/1ldn_next_dist_06gedf1._.js:776
[ 2560149ms] [LOG] [Fast Refresh] done in 528ms @ http://localhost:3000/_next/static/chunks/1ldn_next_dist_06gedf1._.js:776
[ 2560210ms] [LOG] [Fast Refresh] done in 528ms @ http://localhost:3000/_next/static/chunks/1ldn_next_dist_06gedf1._.js:776
[ 2560274ms] [LOG] [Fast Refresh] done in 528ms @ http://localhost:3000/_next/static/chunks/1ldn_next_dist_06gedf1._.js:776
[ 2560336ms] [LOG] [Fast Refresh] done in 528ms @ http://localhost:3000/_next/static/chunks/1ldn_next_dist_06gedf1._.js:776
[ 2560399ms] [LOG] [Fast Refresh] done in 528ms @ http://localhost:3000/_next/static/chunks/1ldn_next_dist_06gedf1._.js:776
[ 2560461ms] [LOG] [Fast Refresh] done in 528ms @ http://localhost:3000/_next/static/chunks/1ldn_next_dist_06gedf1._.js:776
[ 2560523ms] [LOG] [Fast Refresh] done in 528ms @ http://localhost:3000/_next/static/chunks/1ldn_next_dist_06gedf1._.js:776
[ 2560584ms] [LOG] [Fast Refresh] done in 528ms @ http://localhost:3000/_next/static/chunks/1ldn_next_dist_06gedf1._.js:776
[ 2560647ms] [LOG] [Fast Refresh] done in 528ms @ http://localhost:3000/_next/static/chunks/1ldn_next_dist_06gedf1._.js:776
[ 2560709ms] [LOG] [Fast Refresh] done in 528ms @ http://localhost:3000/_next/static/chunks/1ldn_next_dist_06gedf1._.js:776
[ 2560771ms] [LOG] [Fast Refresh] done in 528ms @ http://localhost:3000/_next/static/chunks/1ldn_next_dist_06gedf1._.js:776
[ 2560832ms] [LOG] [Fast Refresh] done in 528ms @ http://localhost:3000/_next/static/chunks/1ldn_next_dist_06gedf1._.js:776
[ 2560895ms] [LOG] [Fast Refresh] done in 528ms @ http://localhost:3000/_next/static/chunks/1ldn_next_dist_06gedf1._.js:776
[ 2560956ms] [LOG] [Fast Refresh] done in 528ms @ http://localhost:3000/_next/static/chunks/1ldn_next_dist_06gedf1._.js:776
[ 2561019ms] [LOG] [Fast Refresh] done in 528ms @ http://localhost:3000/_next/static/chunks/1ldn_next_dist_06gedf1._.js:776
[ 2561080ms] [LOG] [Fast Refresh] done in 528ms @ http://localhost:3000/_next/static/chunks/1ldn_next_dist_06gedf1._.js:776
[ 2561144ms] [LOG] [Fast Refresh] done in 528ms @ http://localhost:3000/_next/static/chunks/1ldn_next_dist_06gedf1._.js:776
[ 2561205ms] [LOG] [Fast Refresh] done in 528ms @ http://localhost:3000/_next/static/chunks/1ldn_next_dist_06gedf1._.js:776
[ 2561274ms] [LOG] [Fast Refresh] done in 528ms @ http://localhost:3000/_next/static/chunks/1ldn_next_dist_06gedf1._.js:776
[ 2561336ms] [LOG] [Fast Refresh] done in 528ms @ http://localhost:3000/_next/static/chunks/1ldn_next_dist_06gedf1._.js:776
[ 2561399ms] [LOG] [Fast Refresh] done in 528ms @ http://localhost:3000/_next/static/chunks/1ldn_next_dist_06gedf1._.js:776
[ 2561462ms] [LOG] [Fast Refresh] done in 528ms @ http://localhost:3000/_next/static/chunks/1ldn_next_dist_06gedf1._.js:776
[ 2561524ms] [LOG] [Fast Refresh] done in 528ms @ http://localhost:3000/_next/static/chunks/1ldn_next_dist_06gedf1._.js:776
[ 2561586ms] [LOG] [Fast Refresh] done in 528ms @ http://localhost:3000/_next/static/chunks/1ldn_next_dist_06gedf1._.js:776
[ 2561657ms] [LOG] [Fast Refresh] done in 528ms @ http://localhost:3000/_next/static/chunks/1ldn_next_dist_06gedf1._.js:776
[ 2561733ms] [LOG] [Fast Refresh] done in 528ms @ http://localhost:3000/_next/static/chunks/1ldn_next_dist_06gedf1._.js:776
[ 2561793ms] [LOG] [Fast Refresh] done in 528ms @ http://localhost:3000/_next/static/chunks/1ldn_next_dist_06gedf1._.js:776
[ 2561856ms] [LOG] [Fast Refresh] done in 528ms @ http://localhost:3000/_next/static/chunks/1ldn_next_dist_06gedf1._.js:776
[ 2561918ms] [LOG] [Fast Refresh] done in 528ms @ http://localhost:3000/_next/static/chunks/1ldn_next_dist_06gedf1._.js:776
[ 2561981ms] [LOG] [Fast Refresh] done in 528ms @ http://localhost:3000/_next/static/chunks/1ldn_next_dist_06gedf1._.js:776
[ 2562042ms] [LOG] [Fast Refresh] done in 528ms @ http://localhost:3000/_next/static/chunks/1ldn_next_dist_06gedf1._.js:776
[ 2562105ms] [LOG] [Fast Refresh] done in 528ms @ http://localhost:3000/_next/static/chunks/1ldn_next_dist_06gedf1._.js:776
[ 2562184ms] [LOG] [Fast Refresh] done in 528ms @ http://localhost:3000/_next/static/chunks/1ldn_next_dist_06gedf1._.js:776
[ 2562245ms] [LOG] [Fast Refresh] done in 528ms @ http://localhost:3000/_next/static/chunks/1ldn_next_dist_06gedf1._.js:776
[ 2562307ms] [LOG] [Fast Refresh] done in 528ms @ http://localhost:3000/_next/static/chunks/1ldn_next_dist_06gedf1._.js:776
[ 2562370ms] [LOG] [Fast Refresh] done in 528ms @ http://localhost:3000/_next/static/chunks/1ldn_next_dist_06gedf1._.js:776
[ 2562432ms] [LOG] [Fast Refresh] done in 528ms @ http://localhost:3000/_next/static/chunks/1ldn_next_dist_06gedf1._.js:776
[ 2562492ms] [LOG] [Fast Refresh] done in 528ms @ http://localhost:3000/_next/static/chunks/1ldn_next_dist_06gedf1._.js:776
[ 2562555ms] [LOG] [Fast Refresh] done in 528ms @ http://localhost:3000/_next/static/chunks/1ldn_next_dist_06gedf1._.js:776
[ 2562618ms] [LOG] [Fast Refresh] done in 528ms @ http://localhost:3000/_next/static/chunks/1ldn_next_dist_06gedf1._.js:776
[ 2562680ms] [LOG] [Fast Refresh] done in 528ms @ http://localhost:3000/_next/static/chunks/1ldn_next_dist_06gedf1._.js:776
[ 2562742ms] [LOG] [Fast Refresh] done in 528ms @ http://localhost:3000/_next/static/chunks/1ldn_next_dist_06gedf1._.js:776
[ 2562806ms] [LOG] [Fast Refresh] done in 528ms @ http://localhost:3000/_next/static/chunks/1ldn_next_dist_06gedf1._.js:776
[ 2562869ms] [LOG] [Fast Refresh] done in 528ms @ http://localhost:3000/_next/static/chunks/1ldn_next_dist_06gedf1._.js:776
[ 2562933ms] [LOG] [Fast Refresh] done in 528ms @ http://localhost:3000/_next/static/chunks/1ldn_next_dist_06gedf1._.js:776
[ 2562995ms] [LOG] [Fast Refresh] done in 528ms @ http://localhost:3000/_next/static/chunks/1ldn_next_dist_06gedf1._.js:776
[ 2563057ms] [LOG] [Fast Refresh] done in 528ms @ http://localhost:3000/_next/static/chunks/1ldn_next_dist_06gedf1._.js:776
[ 2563121ms] [LOG] [Fast Refresh] done in 528ms @ http://localhost:3000/_next/static/chunks/1ldn_next_dist_06gedf1._.js:776
[ 2563184ms] [LOG] [Fast Refresh] done in 528ms @ http://localhost:3000/_next/static/chunks/1ldn_next_dist_06gedf1._.js:776
[ 2563245ms] [LOG] [Fast Refresh] done in 528ms @ http://localhost:3000/_next/static/chunks/1ldn_next_dist_06gedf1._.js:776
[ 2563308ms] [LOG] [Fast Refresh] done in 528ms @ http://localhost:3000/_next/static/chunks/1ldn_next_dist_06gedf1._.js:776
[ 2563370ms] [LOG] [Fast Refresh] done in 528ms @ http://localhost:3000/_next/static/chunks/1ldn_next_dist_06gedf1._.js:776
[ 2563432ms] [LOG] [Fast Refresh] done in 528ms @ http://localhost:3000/_next/static/chunks/1ldn_next_dist_06gedf1._.js:776
[ 2563493ms] [LOG] [Fast Refresh] done in 528ms @ http://localhost:3000/_next/static/chunks/1ldn_next_dist_06gedf1._.js:776
[ 2563555ms] [LOG] [Fast Refresh] done in 528ms @ http://localhost:3000/_next/static/chunks/1ldn_next_dist_06gedf1._.js:776
[ 2563618ms] [LOG] [Fast Refresh] done in 528ms @ http://localhost:3000/_next/static/chunks/1ldn_next_dist_06gedf1._.js:776
[ 2563682ms] [LOG] [Fast Refresh] done in 528ms @ http://localhost:3000/_next/static/chunks/1ldn_next_dist_06gedf1._.js:776
[ 2563742ms] [LOG] [Fast Refresh] done in 528ms @ http://localhost:3000/_next/static/chunks/1ldn_next_dist_06gedf1._.js:776
[ 2563807ms] [LOG] [Fast Refresh] done in 528ms @ http://localhost:3000/_next/static/chunks/1ldn_next_dist_06gedf1._.js:776
[ 2564046ms] [LOG] [Fast Refresh] rebuilding @ http://localhost:3000/_next/static/chunks/1ldn_next_dist_06gedf1._.js:776
[ 2564407ms] [LOG] [Fast Refresh] done in 113ms @ http://localhost:3000/_next/static/chunks/1ldn_next_dist_06gedf1._.js:776
[ 2564493ms] [LOG] [Fast Refresh] done in 113ms @ http://localhost:3000/_next/static/chunks/1ldn_next_dist_06gedf1._.js:776
[ 2564582ms] [LOG] [Fast Refresh] done in 113ms @ http://localhost:3000/_next/static/chunks/1ldn_next_dist_06gedf1._.js:776
[ 2564660ms] [LOG] [Fast Refresh] done in 113ms @ http://localhost:3000/_next/static/chunks/1ldn_next_dist_06gedf1._.js:776
[ 2564723ms] [LOG] [Fast Refresh] done in 113ms @ http://localhost:3000/_next/static/chunks/1ldn_next_dist_06gedf1._.js:776
[ 2564785ms] [LOG] [Fast Refresh] done in 113ms @ http://localhost:3000/_next/static/chunks/1ldn_next_dist_06gedf1._.js:776
[ 2564851ms] [LOG] [Fast Refresh] done in 113ms @ http://localhost:3000/_next/static/chunks/1ldn_next_dist_06gedf1._.js:776
[ 2564927ms] [LOG] [Fast Refresh] done in 113ms @ http://localhost:3000/_next/static/chunks/1ldn_next_dist_06gedf1._.js:776
[ 2565003ms] [LOG] [Fast Refresh] done in 113ms @ http://localhost:3000/_next/static/chunks/1ldn_next_dist_06gedf1._.js:776
[ 2565084ms] [LOG] [Fast Refresh] done in 113ms @ http://localhost:3000/_next/static/chunks/1ldn_next_dist_06gedf1._.js:776
[ 2565156ms] [LOG] [Fast Refresh] done in 113ms @ http://localhost:3000/_next/static/chunks/1ldn_next_dist_06gedf1._.js:776
[ 2565218ms] [LOG] [Fast Refresh] done in 113ms @ http://localhost:3000/_next/static/chunks/1ldn_next_dist_06gedf1._.js:776
[ 2565282ms] [LOG] [Fast Refresh] done in 113ms @ http://localhost:3000/_next/static/chunks/1ldn_next_dist_06gedf1._.js:776
[ 2565345ms] [LOG] [Fast Refresh] done in 113ms @ http://localhost:3000/_next/static/chunks/1ldn_next_dist_06gedf1._.js:776
[ 2565406ms] [LOG] [Fast Refresh] done in 113ms @ http://localhost:3000/_next/static/chunks/1ldn_next_dist_06gedf1._.js:776
[ 2565470ms] [LOG] [Fast Refresh] done in 113ms @ http://localhost:3000/_next/static/chunks/1ldn_next_dist_06gedf1._.js:776
[ 2565545ms] [LOG] [Fast Refresh] done in 113ms @ http://localhost:3000/_next/static/chunks/1ldn_next_dist_06gedf1._.js:776
[ 2565607ms] [LOG] [Fast Refresh] done in 113ms @ http://localhost:3000/_next/static/chunks/1ldn_next_dist_06gedf1._.js:776
[ 2565669ms] [LOG] [Fast Refresh] done in 113ms @ http://localhost:3000/_next/static/chunks/1ldn_next_dist_06gedf1._.js:776
[ 2565732ms] [LOG] [Fast Refresh] done in 113ms @ http://localhost:3000/_next/static/chunks/1ldn_next_dist_06gedf1._.js:776
[ 2565809ms] [LOG] [Fast Refresh] done in 113ms @ http://localhost:3000/_next/static/chunks/1ldn_next_dist_06gedf1._.js:776
[ 2565887ms] [LOG] [Fast Refresh] done in 113ms @ http://localhost:3000/_next/static/chunks/1ldn_next_dist_06gedf1._.js:776
[ 2565950ms] [LOG] [Fast Refresh] done in 113ms @ http://localhost:3000/_next/static/chunks/1ldn_next_dist_06gedf1._.js:776
[ 2566029ms] [LOG] [Fast Refresh] done in 113ms @ http://localhost:3000/_next/static/chunks/1ldn_next_dist_06gedf1._.js:776
[ 2566105ms] [LOG] [Fast Refresh] done in 113ms @ http://localhost:3000/_next/static/chunks/1ldn_next_dist_06gedf1._.js:776
[ 2566168ms] [LOG] [Fast Refresh] done in 113ms @ http://localhost:3000/_next/static/chunks/1ldn_next_dist_06gedf1._.js:776
[ 2566248ms] [LOG] [Fast Refresh] done in 113ms @ http://localhost:3000/_next/static/chunks/1ldn_next_dist_06gedf1._.js:776
[ 2566313ms] [LOG] [Fast Refresh] done in 113ms @ http://localhost:3000/_next/static/chunks/1ldn_next_dist_06gedf1._.js:776
[ 2566374ms] [LOG] [Fast Refresh] done in 113ms @ http://localhost:3000/_next/static/chunks/1ldn_next_dist_06gedf1._.js:776
[ 2566437ms] [LOG] [Fast Refresh] done in 113ms @ http://localhost:3000/_next/static/chunks/1ldn_next_dist_06gedf1._.js:776
[ 2566500ms] [LOG] [Fast Refresh] done in 113ms @ http://localhost:3000/_next/static/chunks/1ldn_next_dist_06gedf1._.js:776
[ 2566562ms] [LOG] [Fast Refresh] done in 113ms @ http://localhost:3000/_next/static/chunks/1ldn_next_dist_06gedf1._.js:776
[ 2566623ms] [LOG] [Fast Refresh] done in 113ms @ http://localhost:3000/_next/static/chunks/1ldn_next_dist_06gedf1._.js:776
[ 2566686ms] [LOG] [Fast Refresh] done in 113ms @ http://localhost:3000/_next/static/chunks/1ldn_next_dist_06gedf1._.js:776
[ 2566750ms] [LOG] [Fast Refresh] done in 113ms @ http://localhost:3000/_next/static/chunks/1ldn_next_dist_06gedf1._.js:776
[ 2566812ms] [LOG] [Fast Refresh] done in 113ms @ http://localhost:3000/_next/static/chunks/1ldn_next_dist_06gedf1._.js:776
[ 2566874ms] [LOG] [Fast Refresh] done in 113ms @ http://localhost:3000/_next/static/chunks/1ldn_next_dist_06gedf1._.js:776
[ 2566937ms] [LOG] [Fast Refresh] done in 113ms @ http://localhost:3000/_next/static/chunks/1ldn_next_dist_06gedf1._.js:776
[ 2566999ms] [LOG] [Fast Refresh] done in 113ms @ http://localhost:3000/_next/static/chunks/1ldn_next_dist_06gedf1._.js:776
[ 2567061ms] [LOG] [Fast Refresh] done in 113ms @ http://localhost:3000/_next/static/chunks/1ldn_next_dist_06gedf1._.js:776
[ 2567124ms] [LOG] [Fast Refresh] done in 113ms @ http://localhost:3000/_next/static/chunks/1ldn_next_dist_06gedf1._.js:776
[ 2567187ms] [LOG] [Fast Refresh] done in 113ms @ http://localhost:3000/_next/static/chunks/1ldn_next_dist_06gedf1._.js:776
[ 2567251ms] [LOG] [Fast Refresh] done in 113ms @ http://localhost:3000/_next/static/chunks/1ldn_next_dist_06gedf1._.js:776
[ 2567330ms] [LOG] [Fast Refresh] done in 113ms @ http://localhost:3000/_next/static/chunks/1ldn_next_dist_06gedf1._.js:776
[ 2567394ms] [LOG] [Fast Refresh] done in 113ms @ http://localhost:3000/_next/static/chunks/1ldn_next_dist_06gedf1._.js:776
[ 2567609ms] [LOG] [Fast Refresh] rebuilding @ http://localhost:3000/_next/static/chunks/1ldn_next_dist_06gedf1._.js:776
[ 2567854ms] [LOG] [Fast Refresh] done in 151ms @ http://localhost:3000/_next/static/chunks/1ldn_next_dist_06gedf1._.js:776
[ 2568002ms] [LOG] [Fast Refresh] rebuilding @ http://localhost:3000/_next/static/chunks/1ldn_next_dist_06gedf1._.js:776
[ 2568187ms] [LOG] [Fast Refresh] done in 48ms @ http://localhost:3000/_next/static/chunks/1ldn_next_dist_06gedf1._.js:776
[ 2568255ms] [LOG] [Fast Refresh] done in 48ms @ http://localhost:3000/_next/static/chunks/1ldn_next_dist_06gedf1._.js:776
[ 2568328ms] [LOG] [Fast Refresh] done in 48ms @ http://localhost:3000/_next/static/chunks/1ldn_next_dist_06gedf1._.js:776
[ 2568405ms] [LOG] [Fast Refresh] done in 48ms @ http://localhost:3000/_next/static/chunks/1ldn_next_dist_06gedf1._.js:776
[ 2568466ms] [LOG] [Fast Refresh] done in 48ms @ http://localhost:3000/_next/static/chunks/1ldn_next_dist_06gedf1._.js:776
[ 2568529ms] [LOG] [Fast Refresh] done in 48ms @ http://localhost:3000/_next/static/chunks/1ldn_next_dist_06gedf1._.js:776
[ 2568595ms] [LOG] [Fast Refresh] done in 48ms @ http://localhost:3000/_next/static/chunks/1ldn_next_dist_06gedf1._.js:776
[ 2568655ms] [LOG] [Fast Refresh] done in 48ms @ http://localhost:3000/_next/static/chunks/1ldn_next_dist_06gedf1._.js:776
[ 2568720ms] [LOG] [Fast Refresh] done in 48ms @ http://localhost:3000/_next/static/chunks/1ldn_next_dist_06gedf1._.js:776
[ 2568779ms] [LOG] [Fast Refresh] done in 48ms @ http://localhost:3000/_next/static/chunks/1ldn_next_dist_06gedf1._.js:776
[ 2568840ms] [LOG] [Fast Refresh] done in 48ms @ http://localhost:3000/_next/static/chunks/1ldn_next_dist_06gedf1._.js:776
[ 2568902ms] [LOG] [Fast Refresh] done in 48ms @ http://localhost:3000/_next/static/chunks/1ldn_next_dist_06gedf1._.js:776
[ 2568965ms] [LOG] [Fast Refresh] done in 48ms @ http://localhost:3000/_next/static/chunks/1ldn_next_dist_06gedf1._.js:776
[ 2569027ms] [LOG] [Fast Refresh] done in 48ms @ http://localhost:3000/_next/static/chunks/1ldn_next_dist_06gedf1._.js:776
[ 2569089ms] [LOG] [Fast Refresh] done in 48ms @ http://localhost:3000/_next/static/chunks/1ldn_next_dist_06gedf1._.js:776
[ 2569152ms] [LOG] [Fast Refresh] done in 48ms @ http://localhost:3000/_next/static/chunks/1ldn_next_dist_06gedf1._.js:776
[ 2569214ms] [LOG] [Fast Refresh] done in 48ms @ http://localhost:3000/_next/static/chunks/1ldn_next_dist_06gedf1._.js:776
[ 2569276ms] [LOG] [Fast Refresh] done in 48ms @ http://localhost:3000/_next/static/chunks/1ldn_next_dist_06gedf1._.js:776
[ 2569337ms] [LOG] [Fast Refresh] done in 48ms @ http://localhost:3000/_next/static/chunks/1ldn_next_dist_06gedf1._.js:776
[ 2569400ms] [LOG] [Fast Refresh] done in 48ms @ http://localhost:3000/_next/static/chunks/1ldn_next_dist_06gedf1._.js:776
[ 2569462ms] [LOG] [Fast Refresh] done in 48ms @ http://localhost:3000/_next/static/chunks/1ldn_next_dist_06gedf1._.js:776
[ 2569525ms] [LOG] [Fast Refresh] done in 48ms @ http://localhost:3000/_next/static/chunks/1ldn_next_dist_06gedf1._.js:776
[ 2569587ms] [LOG] [Fast Refresh] done in 48ms @ http://localhost:3000/_next/static/chunks/1ldn_next_dist_06gedf1._.js:776
[ 2569650ms] [LOG] [Fast Refresh] done in 48ms @ http://localhost:3000/_next/static/chunks/1ldn_next_dist_06gedf1._.js:776
[ 2569712ms] [LOG] [Fast Refresh] done in 48ms @ http://localhost:3000/_next/static/chunks/1ldn_next_dist_06gedf1._.js:776
[ 2569774ms] [LOG] [Fast Refresh] done in 48ms @ http://localhost:3000/_next/static/chunks/1ldn_next_dist_06gedf1._.js:776
[ 2569837ms] [LOG] [Fast Refresh] done in 48ms @ http://localhost:3000/_next/static/chunks/1ldn_next_dist_06gedf1._.js:776
[ 2569914ms] [LOG] [Fast Refresh] done in 48ms @ http://localhost:3000/_next/static/chunks/1ldn_next_dist_06gedf1._.js:776
[ 2569982ms] [LOG] [Fast Refresh] done in 48ms @ http://localhost:3000/_next/static/chunks/1ldn_next_dist_06gedf1._.js:776
[ 2570039ms] [LOG] [Fast Refresh] done in 48ms @ http://localhost:3000/_next/static/chunks/1ldn_next_dist_06gedf1._.js:776
[ 2570102ms] [LOG] [Fast Refresh] done in 48ms @ http://localhost:3000/_next/static/chunks/1ldn_next_dist_06gedf1._.js:776
[ 2570164ms] [LOG] [Fast Refresh] done in 48ms @ http://localhost:3000/_next/static/chunks/1ldn_next_dist_06gedf1._.js:776
[ 2570226ms] [LOG] [Fast Refresh] done in 48ms @ http://localhost:3000/_next/static/chunks/1ldn_next_dist_06gedf1._.js:776
[ 2570288ms] [LOG] [Fast Refresh] done in 48ms @ http://localhost:3000/_next/static/chunks/1ldn_next_dist_06gedf1._.js:776
[ 2570351ms] [LOG] [Fast Refresh] done in 48ms @ http://localhost:3000/_next/static/chunks/1ldn_next_dist_06gedf1._.js:776
[ 2570413ms] [LOG] [Fast Refresh] done in 48ms @ http://localhost:3000/_next/static/chunks/1ldn_next_dist_06gedf1._.js:776
[ 2570475ms] [LOG] [Fast Refresh] done in 48ms @ http://localhost:3000/_next/static/chunks/1ldn_next_dist_06gedf1._.js:776
[ 2570536ms] [LOG] [Fast Refresh] done in 48ms @ http://localhost:3000/_next/static/chunks/1ldn_next_dist_06gedf1._.js:776
[ 2570598ms] [LOG] [Fast Refresh] done in 48ms @ http://localhost:3000/_next/static/chunks/1ldn_next_dist_06gedf1._.js:776
[ 2570660ms] [LOG] [Fast Refresh] done in 48ms @ http://localhost:3000/_next/static/chunks/1ldn_next_dist_06gedf1._.js:776
[ 2570723ms] [LOG] [Fast Refresh] done in 48ms @ http://localhost:3000/_next/static/chunks/1ldn_next_dist_06gedf1._.js:776
[ 2570784ms] [LOG] [Fast Refresh] done in 48ms @ http://localhost:3000/_next/static/chunks/1ldn_next_dist_06gedf1._.js:776
[ 2570847ms] [LOG] [Fast Refresh] done in 48ms @ http://localhost:3000/_next/static/chunks/1ldn_next_dist_06gedf1._.js:776
[ 2570909ms] [LOG] [Fast Refresh] done in 48ms @ http://localhost:3000/_next/static/chunks/1ldn_next_dist_06gedf1._.js:776
[ 2570970ms] [LOG] [Fast Refresh] done in 48ms @ http://localhost:3000/_next/static/chunks/1ldn_next_dist_06gedf1._.js:776
[ 2571033ms] [LOG] [Fast Refresh] done in 48ms @ http://localhost:3000/_next/static/chunks/1ldn_next_dist_06gedf1._.js:776
[ 2571096ms] [LOG] [Fast Refresh] done in 48ms @ http://localhost:3000/_next/static/chunks/1ldn_next_dist_06gedf1._.js:776
[ 2571157ms] [LOG] [Fast Refresh] done in 48ms @ http://localhost:3000/_next/static/chunks/1ldn_next_dist_06gedf1._.js:776
[ 2571219ms] [LOG] [Fast Refresh] done in 48ms @ http://localhost:3000/_next/static/chunks/1ldn_next_dist_06gedf1._.js:776
[ 2571281ms] [LOG] [Fast Refresh] done in 48ms @ http://localhost:3000/_next/static/chunks/1ldn_next_dist_06gedf1._.js:776
[ 2571345ms] [LOG] [Fast Refresh] done in 48ms @ http://localhost:3000/_next/static/chunks/1ldn_next_dist_06gedf1._.js:776
[ 2571407ms] [LOG] [Fast Refresh] done in 48ms @ http://localhost:3000/_next/static/chunks/1ldn_next_dist_06gedf1._.js:776
[ 2571468ms] [LOG] [Fast Refresh] done in 48ms @ http://localhost:3000/_next/static/chunks/1ldn_next_dist_06gedf1._.js:776
[ 2571533ms] [LOG] [Fast Refresh] done in 48ms @ http://localhost:3000/_next/static/chunks/1ldn_next_dist_06gedf1._.js:776
[ 2571594ms] [LOG] [Fast Refresh] done in 48ms @ http://localhost:3000/_next/static/chunks/1ldn_next_dist_06gedf1._.js:776
[ 2571657ms] [LOG] [Fast Refresh] done in 48ms @ http://localhost:3000/_next/static/chunks/1ldn_next_dist_06gedf1._.js:776
[ 2571720ms] [LOG] [Fast Refresh] done in 48ms @ http://localhost:3000/_next/static/chunks/1ldn_next_dist_06gedf1._.js:776
[ 2571782ms] [LOG] [Fast Refresh] done in 48ms @ http://localhost:3000/_next/static/chunks/1ldn_next_dist_06gedf1._.js:776
[ 2571845ms] [LOG] [Fast Refresh] done in 48ms @ http://localhost:3000/_next/static/chunks/1ldn_next_dist_06gedf1._.js:776
[ 2571906ms] [LOG] [Fast Refresh] done in 48ms @ http://localhost:3000/_next/static/chunks/1ldn_next_dist_06gedf1._.js:776
[ 2571968ms] [LOG] [Fast Refresh] done in 48ms @ http://localhost:3000/_next/static/chunks/1ldn_next_dist_06gedf1._.js:776
[ 2572031ms] [LOG] [Fast Refresh] done in 48ms @ http://localhost:3000/_next/static/chunks/1ldn_next_dist_06gedf1._.js:776
[ 2572109ms] [LOG] [Fast Refresh] done in 48ms @ http://localhost:3000/_next/static/chunks/1ldn_next_dist_06gedf1._.js:776
[ 2572172ms] [LOG] [Fast Refresh] done in 48ms @ http://localhost:3000/_next/static/chunks/1ldn_next_dist_06gedf1._.js:776
[ 2572233ms] [LOG] [Fast Refresh] done in 48ms @ http://localhost:3000/_next/static/chunks/1ldn_next_dist_06gedf1._.js:776
[ 2572296ms] [LOG] [Fast Refresh] done in 48ms @ http://localhost:3000/_next/static/chunks/1ldn_next_dist_06gedf1._.js:776
[ 2572373ms] [LOG] [Fast Refresh] done in 48ms @ http://localhost:3000/_next/static/chunks/1ldn_next_dist_06gedf1._.js:776
[ 2572435ms] [LOG] [Fast Refresh] done in 48ms @ http://localhost:3000/_next/static/chunks/1ldn_next_dist_06gedf1._.js:776
[ 2572499ms] [LOG] [Fast Refresh] done in 48ms @ http://localhost:3000/_next/static/chunks/1ldn_next_dist_06gedf1._.js:776
[ 2572561ms] [LOG] [Fast Refresh] done in 48ms @ http://localhost:3000/_next/static/chunks/1ldn_next_dist_06gedf1._.js:776
[ 2572626ms] [LOG] [Fast Refresh] done in 48ms @ http://localhost:3000/_next/static/chunks/1ldn_next_dist_06gedf1._.js:776
[ 2572686ms] [LOG] [Fast Refresh] done in 48ms @ http://localhost:3000/_next/static/chunks/1ldn_next_dist_06gedf1._.js:776
[ 2572748ms] [LOG] [Fast Refresh] done in 48ms @ http://localhost:3000/_next/static/chunks/1ldn_next_dist_06gedf1._.js:776
[ 2572810ms] [LOG] [Fast Refresh] done in 48ms @ http://localhost:3000/_next/static/chunks/1ldn_next_dist_06gedf1._.js:776
[ 2572871ms] [LOG] [Fast Refresh] done in 48ms @ http://localhost:3000/_next/static/chunks/1ldn_next_dist_06gedf1._.js:776
[ 2572933ms] [LOG] [Fast Refresh] done in 48ms @ http://localhost:3000/_next/static/chunks/1ldn_next_dist_06gedf1._.js:776
[ 2572994ms] [LOG] [Fast Refresh] done in 48ms @ http://localhost:3000/_next/static/chunks/1ldn_next_dist_06gedf1._.js:776
[ 2573057ms] [LOG] [Fast Refresh] done in 48ms @ http://localhost:3000/_next/static/chunks/1ldn_next_dist_06gedf1._.js:776
[ 2573135ms] [LOG] [Fast Refresh] done in 48ms @ http://localhost:3000/_next/static/chunks/1ldn_next_dist_06gedf1._.js:776
[ 2573197ms] [LOG] [Fast Refresh] done in 48ms @ http://localhost:3000/_next/static/chunks/1ldn_next_dist_06gedf1._.js:776
[ 2573259ms] [LOG] [Fast Refresh] done in 48ms @ http://localhost:3000/_next/static/chunks/1ldn_next_dist_06gedf1._.js:776
[ 2573321ms] [LOG] [Fast Refresh] done in 48ms @ http://localhost:3000/_next/static/chunks/1ldn_next_dist_06gedf1._.js:776
[ 2573383ms] [LOG] [Fast Refresh] done in 48ms @ http://localhost:3000/_next/static/chunks/1ldn_next_dist_06gedf1._.js:776
[ 2573447ms] [LOG] [Fast Refresh] done in 48ms @ http://localhost:3000/_next/static/chunks/1ldn_next_dist_06gedf1._.js:776
[ 2573507ms] [LOG] [Fast Refresh] done in 48ms @ http://localhost:3000/_next/static/chunks/1ldn_next_dist_06gedf1._.js:776
[ 2573568ms] [LOG] [Fast Refresh] done in 48ms @ http://localhost:3000/_next/static/chunks/1ldn_next_dist_06gedf1._.js:776
[ 2573630ms] [LOG] [Fast Refresh] done in 48ms @ http://localhost:3000/_next/static/chunks/1ldn_next_dist_06gedf1._.js:776
[ 2573691ms] [LOG] [Fast Refresh] done in 48ms @ http://localhost:3000/_next/static/chunks/1ldn_next_dist_06gedf1._.js:776
[ 2573753ms] [LOG] [Fast Refresh] done in 48ms @ http://localhost:3000/_next/static/chunks/1ldn_next_dist_06gedf1._.js:776
[ 2573815ms] [LOG] [Fast Refresh] done in 48ms @ http://localhost:3000/_next/static/chunks/1ldn_next_dist_06gedf1._.js:776
[ 2573878ms] [LOG] [Fast Refresh] done in 48ms @ http://localhost:3000/_next/static/chunks/1ldn_next_dist_06gedf1._.js:776
[ 2573942ms] [LOG] [Fast Refresh] done in 48ms @ http://localhost:3000/_next/static/chunks/1ldn_next_dist_06gedf1._.js:776
[ 2574006ms] [LOG] [Fast Refresh] done in 48ms @ http://localhost:3000/_next/static/chunks/1ldn_next_dist_06gedf1._.js:776
[ 2574068ms] [LOG] [Fast Refresh] done in 48ms @ http://localhost:3000/_next/static/chunks/1ldn_next_dist_06gedf1._.js:776
[ 2574129ms] [LOG] [Fast Refresh] done in 48ms @ http://localhost:3000/_next/static/chunks/1ldn_next_dist_06gedf1._.js:776
[ 2574190ms] [LOG] [Fast Refresh] done in 48ms @ http://localhost:3000/_next/static/chunks/1ldn_next_dist_06gedf1._.js:776
[ 2574253ms] [LOG] [Fast Refresh] done in 48ms @ http://localhost:3000/_next/static/chunks/1ldn_next_dist_06gedf1._.js:776
[ 2574314ms] [LOG] [Fast Refresh] done in 48ms @ http://localhost:3000/_next/static/chunks/1ldn_next_dist_06gedf1._.js:776
[ 2574376ms] [LOG] [Fast Refresh] done in 48ms @ http://localhost:3000/_next/static/chunks/1ldn_next_dist_06gedf1._.js:776
[ 2574439ms] [LOG] [Fast Refresh] done in 48ms @ http://localhost:3000/_next/static/chunks/1ldn_next_dist_06gedf1._.js:776
[ 2574500ms] [LOG] [Fast Refresh] done in 48ms @ http://localhost:3000/_next/static/chunks/1ldn_next_dist_06gedf1._.js:776
[ 2574561ms] [LOG] [Fast Refresh] done in 48ms @ http://localhost:3000/_next/static/chunks/1ldn_next_dist_06gedf1._.js:776
[ 2574624ms] [LOG] [Fast Refresh] done in 48ms @ http://localhost:3000/_next/static/chunks/1ldn_next_dist_06gedf1._.js:776
[ 2574685ms] [LOG] [Fast Refresh] done in 48ms @ http://localhost:3000/_next/static/chunks/1ldn_next_dist_06gedf1._.js:776
[ 2574747ms] [LOG] [Fast Refresh] done in 48ms @ http://localhost:3000/_next/static/chunks/1ldn_next_dist_06gedf1._.js:776
[ 2574812ms] [LOG] [Fast Refresh] done in 48ms @ http://localhost:3000/_next/static/chunks/1ldn_next_dist_06gedf1._.js:776
[ 2574873ms] [LOG] [Fast Refresh] done in 48ms @ http://localhost:3000/_next/static/chunks/1ldn_next_dist_06gedf1._.js:776
[ 2574935ms] [LOG] [Fast Refresh] done in 48ms @ http://localhost:3000/_next/static/chunks/1ldn_next_dist_06gedf1._.js:776
[ 2574997ms] [LOG] [Fast Refresh] done in 48ms @ http://localhost:3000/_next/static/chunks/1ldn_next_dist_06gedf1._.js:776
[ 2575060ms] [LOG] [Fast Refresh] done in 48ms @ http://localhost:3000/_next/static/chunks/1ldn_next_dist_06gedf1._.js:776
[ 2575122ms] [LOG] [Fast Refresh] done in 48ms @ http://localhost:3000/_next/static/chunks/1ldn_next_dist_06gedf1._.js:776
[ 2575185ms] [LOG] [Fast Refresh] done in 48ms @ http://localhost:3000/_next/static/chunks/1ldn_next_dist_06gedf1._.js:776
[ 2575246ms] [LOG] [Fast Refresh] done in 48ms @ http://localhost:3000/_next/static/chunks/1ldn_next_dist_06gedf1._.js:776
[ 2575310ms] [LOG] [Fast Refresh] done in 48ms @ http://localhost:3000/_next/static/chunks/1ldn_next_dist_06gedf1._.js:776
[ 2575371ms] [LOG] [Fast Refresh] done in 48ms @ http://localhost:3000/_next/static/chunks/1ldn_next_dist_06gedf1._.js:776
[ 2575432ms] [LOG] [Fast Refresh] done in 48ms @ http://localhost:3000/_next/static/chunks/1ldn_next_dist_06gedf1._.js:776
[ 2575495ms] [LOG] [Fast Refresh] done in 48ms @ http://localhost:3000/_next/static/chunks/1ldn_next_dist_06gedf1._.js:776
[ 2575558ms] [LOG] [Fast Refresh] done in 48ms @ http://localhost:3000/_next/static/chunks/1ldn_next_dist_06gedf1._.js:776
[ 2575621ms] [LOG] [Fast Refresh] done in 48ms @ http://localhost:3000/_next/static/chunks/1ldn_next_dist_06gedf1._.js:776
[ 2575681ms] [LOG] [Fast Refresh] done in 48ms @ http://localhost:3000/_next/static/chunks/1ldn_next_dist_06gedf1._.js:776
[ 2575743ms] [LOG] [Fast Refresh] done in 48ms @ http://localhost:3000/_next/static/chunks/1ldn_next_dist_06gedf1._.js:776
[ 2575806ms] [LOG] [Fast Refresh] done in 48ms @ http://localhost:3000/_next/static/chunks/1ldn_next_dist_06gedf1._.js:776
[ 2575867ms] [LOG] [Fast Refresh] done in 48ms @ http://localhost:3000/_next/static/chunks/1ldn_next_dist_06gedf1._.js:776
[ 2575928ms] [LOG] [Fast Refresh] done in 48ms @ http://localhost:3000/_next/static/chunks/1ldn_next_dist_06gedf1._.js:776
[ 2575988ms] [LOG] [Fast Refresh] done in 48ms @ http://localhost:3000/_next/static/chunks/1ldn_next_dist_06gedf1._.js:776
[ 2576050ms] [LOG] [Fast Refresh] done in 48ms @ http://localhost:3000/_next/static/chunks/1ldn_next_dist_06gedf1._.js:776
[ 2576112ms] [LOG] [Fast Refresh] done in 48ms @ http://localhost:3000/_next/static/chunks/1ldn_next_dist_06gedf1._.js:776
[ 2576178ms] [LOG] [Fast Refresh] done in 48ms @ http://localhost:3000/_next/static/chunks/1ldn_next_dist_06gedf1._.js:776
[ 2576238ms] [LOG] [Fast Refresh] done in 48ms @ http://localhost:3000/_next/static/chunks/1ldn_next_dist_06gedf1._.js:776
[ 2576301ms] [LOG] [Fast Refresh] done in 48ms @ http://localhost:3000/_next/static/chunks/1ldn_next_dist_06gedf1._.js:776
[ 2576363ms] [LOG] [Fast Refresh] done in 48ms @ http://localhost:3000/_next/static/chunks/1ldn_next_dist_06gedf1._.js:776
[ 2576425ms] [LOG] [Fast Refresh] done in 48ms @ http://localhost:3000/_next/static/chunks/1ldn_next_dist_06gedf1._.js:776
[ 2576487ms] [LOG] [Fast Refresh] done in 48ms @ http://localhost:3000/_next/static/chunks/1ldn_next_dist_06gedf1._.js:776
[ 2576565ms] [LOG] [Fast Refresh] done in 48ms @ http://localhost:3000/_next/static/chunks/1ldn_next_dist_06gedf1._.js:776
[ 2576628ms] [LOG] [Fast Refresh] done in 48ms @ http://localhost:3000/_next/static/chunks/1ldn_next_dist_06gedf1._.js:776
[ 2576690ms] [LOG] [Fast Refresh] done in 48ms @ http://localhost:3000/_next/static/chunks/1ldn_next_dist_06gedf1._.js:776
[ 2576751ms] [LOG] [Fast Refresh] done in 48ms @ http://localhost:3000/_next/static/chunks/1ldn_next_dist_06gedf1._.js:776
[ 2576827ms] [LOG] [Fast Refresh] done in 48ms @ http://localhost:3000/_next/static/chunks/1ldn_next_dist_06gedf1._.js:776
[ 2576893ms] [LOG] [Fast Refresh] done in 48ms @ http://localhost:3000/_next/static/chunks/1ldn_next_dist_06gedf1._.js:776
[ 2576961ms] [LOG] [Fast Refresh] done in 48ms @ http://localhost:3000/_next/static/chunks/1ldn_next_dist_06gedf1._.js:776
[ 2577034ms] [LOG] [Fast Refresh] done in 48ms @ http://localhost:3000/_next/static/chunks/1ldn_next_dist_06gedf1._.js:776
[ 2577095ms] [LOG] [Fast Refresh] done in 48ms @ http://localhost:3000/_next/static/chunks/1ldn_next_dist_06gedf1._.js:776
[ 2577158ms] [LOG] [Fast Refresh] done in 48ms @ http://localhost:3000/_next/static/chunks/1ldn_next_dist_06gedf1._.js:776
[ 2577220ms] [LOG] [Fast Refresh] done in 48ms @ http://localhost:3000/_next/static/chunks/1ldn_next_dist_06gedf1._.js:776
[ 2577296ms] [LOG] [Fast Refresh] done in 48ms @ http://localhost:3000/_next/static/chunks/1ldn_next_dist_06gedf1._.js:776
[ 2577360ms] [LOG] [Fast Refresh] done in 48ms @ http://localhost:3000/_next/static/chunks/1ldn_next_dist_06gedf1._.js:776
[ 2577420ms] [LOG] [Fast Refresh] done in 48ms @ http://localhost:3000/_next/static/chunks/1ldn_next_dist_06gedf1._.js:776
[ 2577481ms] [LOG] [Fast Refresh] done in 48ms @ http://localhost:3000/_next/static/chunks/1ldn_next_dist_06gedf1._.js:776
[ 2577544ms] [LOG] [Fast Refresh] done in 48ms @ http://localhost:3000/_next/static/chunks/1ldn_next_dist_06gedf1._.js:776
[ 2577605ms] [LOG] [Fast Refresh] done in 48ms @ http://localhost:3000/_next/static/chunks/1ldn_next_dist_06gedf1._.js:776
[ 2577666ms] [LOG] [Fast Refresh] done in 48ms @ http://localhost:3000/_next/static/chunks/1ldn_next_dist_06gedf1._.js:776
[ 2577727ms] [LOG] [Fast Refresh] done in 48ms @ http://localhost:3000/_next/static/chunks/1ldn_next_dist_06gedf1._.js:776
[ 2577805ms] [LOG] [Fast Refresh] done in 48ms @ http://localhost:3000/_next/static/chunks/1ldn_next_dist_06gedf1._.js:776
[ 2577867ms] [LOG] [Fast Refresh] done in 48ms @ http://localhost:3000/_next/static/chunks/1ldn_next_dist_06gedf1._.js:776
[ 2577930ms] [LOG] [Fast Refresh] done in 48ms @ http://localhost:3000/_next/static/chunks/1ldn_next_dist_06gedf1._.js:776
[ 2577992ms] [LOG] [Fast Refresh] done in 48ms @ http://localhost:3000/_next/static/chunks/1ldn_next_dist_06gedf1._.js:776
[ 2578054ms] [LOG] [Fast Refresh] done in 48ms @ http://localhost:3000/_next/static/chunks/1ldn_next_dist_06gedf1._.js:776
[ 2578117ms] [LOG] [Fast Refresh] done in 48ms @ http://localhost:3000/_next/static/chunks/1ldn_next_dist_06gedf1._.js:776
[ 2578179ms] [LOG] [Fast Refresh] done in 48ms @ http://localhost:3000/_next/static/chunks/1ldn_next_dist_06gedf1._.js:776
[ 2578243ms] [LOG] [Fast Refresh] done in 48ms @ http://localhost:3000/_next/static/chunks/1ldn_next_dist_06gedf1._.js:776
[ 2578304ms] [LOG] [Fast Refresh] done in 48ms @ http://localhost:3000/_next/static/chunks/1ldn_next_dist_06gedf1._.js:776
[ 2578365ms] [LOG] [Fast Refresh] done in 48ms @ http://localhost:3000/_next/static/chunks/1ldn_next_dist_06gedf1._.js:776
[ 2578427ms] [LOG] [Fast Refresh] done in 48ms @ http://localhost:3000/_next/static/chunks/1ldn_next_dist_06gedf1._.js:776
[ 2578489ms] [LOG] [Fast Refresh] done in 48ms @ http://localhost:3000/_next/static/chunks/1ldn_next_dist_06gedf1._.js:776
[ 2578551ms] [LOG] [Fast Refresh] done in 48ms @ http://localhost:3000/_next/static/chunks/1ldn_next_dist_06gedf1._.js:776
[ 2578612ms] [LOG] [Fast Refresh] done in 48ms @ http://localhost:3000/_next/static/chunks/1ldn_next_dist_06gedf1._.js:776
[ 2578675ms] [LOG] [Fast Refresh] done in 48ms @ http://localhost:3000/_next/static/chunks/1ldn_next_dist_06gedf1._.js:776
[ 2578737ms] [LOG] [Fast Refresh] done in 48ms @ http://localhost:3000/_next/static/chunks/1ldn_next_dist_06gedf1._.js:776
[ 2578792ms] [LOG] [Fast Refresh] done in 48ms @ http://localhost:3000/_next/static/chunks/1ldn_next_dist_06gedf1._.js:776
[ 2578844ms] [LOG] [Fast Refresh] done in 48ms @ http://localhost:3000/_next/static/chunks/1ldn_next_dist_06gedf1._.js:776
[ 2578907ms] [LOG] [Fast Refresh] done in 48ms @ http://localhost:3000/_next/static/chunks/1ldn_next_dist_06gedf1._.js:776
[ 2578968ms] [LOG] [Fast Refresh] done in 48ms @ http://localhost:3000/_next/static/chunks/1ldn_next_dist_06gedf1._.js:776
[ 2579029ms] [LOG] [Fast Refresh] done in 48ms @ http://localhost:3000/_next/static/chunks/1ldn_next_dist_06gedf1._.js:776
[ 2579091ms] [LOG] [Fast Refresh] done in 48ms @ http://localhost:3000/_next/static/chunks/1ldn_next_dist_06gedf1._.js:776
[ 2579152ms] [LOG] [Fast Refresh] done in 48ms @ http://localhost:3000/_next/static/chunks/1ldn_next_dist_06gedf1._.js:776
[ 2579215ms] [LOG] [Fast Refresh] done in 48ms @ http://localhost:3000/_next/static/chunks/1ldn_next_dist_06gedf1._.js:776
[ 2579276ms] [LOG] [Fast Refresh] done in 48ms @ http://localhost:3000/_next/static/chunks/1ldn_next_dist_06gedf1._.js:776
[ 2579338ms] [LOG] [Fast Refresh] done in 48ms @ http://localhost:3000/_next/static/chunks/1ldn_next_dist_06gedf1._.js:776
[ 2579400ms] [LOG] [Fast Refresh] done in 48ms @ http://localhost:3000/_next/static/chunks/1ldn_next_dist_06gedf1._.js:776
[ 2579462ms] [LOG] [Fast Refresh] done in 48ms @ http://localhost:3000/_next/static/chunks/1ldn_next_dist_06gedf1._.js:776
[ 2579524ms] [LOG] [Fast Refresh] done in 48ms @ http://localhost:3000/_next/static/chunks/1ldn_next_dist_06gedf1._.js:776
[ 2579586ms] [LOG] [Fast Refresh] done in 48ms @ http://localhost:3000/_next/static/chunks/1ldn_next_dist_06gedf1._.js:776
[ 2579648ms] [LOG] [Fast Refresh] done in 48ms @ http://localhost:3000/_next/static/chunks/1ldn_next_dist_06gedf1._.js:776
[ 2579711ms] [LOG] [Fast Refresh] done in 48ms @ http://localhost:3000/_next/static/chunks/1ldn_next_dist_06gedf1._.js:776
[ 2579773ms] [LOG] [Fast Refresh] done in 48ms @ http://localhost:3000/_next/static/chunks/1ldn_next_dist_06gedf1._.js:776
[ 2579836ms] [LOG] [Fast Refresh] done in 48ms @ http://localhost:3000/_next/static/chunks/1ldn_next_dist_06gedf1._.js:776
[ 2579900ms] [LOG] [Fast Refresh] done in 48ms @ http://localhost:3000/_next/static/chunks/1ldn_next_dist_06gedf1._.js:776
[ 2579961ms] [LOG] [Fast Refresh] done in 48ms @ http://localhost:3000/_next/static/chunks/1ldn_next_dist_06gedf1._.js:776
[ 2580024ms] [LOG] [Fast Refresh] done in 48ms @ http://localhost:3000/_next/static/chunks/1ldn_next_dist_06gedf1._.js:776
[ 2580086ms] [LOG] [Fast Refresh] done in 48ms @ http://localhost:3000/_next/static/chunks/1ldn_next_dist_06gedf1._.js:776
[ 2580149ms] [LOG] [Fast Refresh] done in 48ms @ http://localhost:3000/_next/static/chunks/1ldn_next_dist_06gedf1._.js:776
[ 2580210ms] [LOG] [Fast Refresh] done in 48ms @ http://localhost:3000/_next/static/chunks/1ldn_next_dist_06gedf1._.js:776
[ 2580272ms] [LOG] [Fast Refresh] done in 48ms @ http://localhost:3000/_next/static/chunks/1ldn_next_dist_06gedf1._.js:776
[ 2580333ms] [LOG] [Fast Refresh] done in 48ms @ http://localhost:3000/_next/static/chunks/1ldn_next_dist_06gedf1._.js:776
[ 2580397ms] [LOG] [Fast Refresh] done in 48ms @ http://localhost:3000/_next/static/chunks/1ldn_next_dist_06gedf1._.js:776
[ 2580458ms] [LOG] [Fast Refresh] done in 48ms @ http://localhost:3000/_next/static/chunks/1ldn_next_dist_06gedf1._.js:776
[ 2580520ms] [LOG] [Fast Refresh] done in 48ms @ http://localhost:3000/_next/static/chunks/1ldn_next_dist_06gedf1._.js:776
[ 2580581ms] [LOG] [Fast Refresh] done in 48ms @ http://localhost:3000/_next/static/chunks/1ldn_next_dist_06gedf1._.js:776
[ 2580643ms] [LOG] [Fast Refresh] done in 48ms @ http://localhost:3000/_next/static/chunks/1ldn_next_dist_06gedf1._.js:776
[ 2580706ms] [LOG] [Fast Refresh] done in 48ms @ http://localhost:3000/_next/static/chunks/1ldn_next_dist_06gedf1._.js:776
[ 2580768ms] [LOG] [Fast Refresh] done in 48ms @ http://localhost:3000/_next/static/chunks/1ldn_next_dist_06gedf1._.js:776
[ 2580830ms] [LOG] [Fast Refresh] done in 48ms @ http://localhost:3000/_next/static/chunks/1ldn_next_dist_06gedf1._.js:776
[ 2580891ms] [LOG] [Fast Refresh] done in 48ms @ http://localhost:3000/_next/static/chunks/1ldn_next_dist_06gedf1._.js:776
[ 2580955ms] [LOG] [Fast Refresh] done in 48ms @ http://localhost:3000/_next/static/chunks/1ldn_next_dist_06gedf1._.js:776
[ 2581023ms] [LOG] [Fast Refresh] done in 48ms @ http://localhost:3000/_next/static/chunks/1ldn_next_dist_06gedf1._.js:776
[ 2581086ms] [LOG] [Fast Refresh] done in 48ms @ http://localhost:3000/_next/static/chunks/1ldn_next_dist_06gedf1._.js:776
[ 2581148ms] [LOG] [Fast Refresh] done in 48ms @ http://localhost:3000/_next/static/chunks/1ldn_next_dist_06gedf1._.js:776
[ 2581210ms] [LOG] [Fast Refresh] done in 48ms @ http://localhost:3000/_next/static/chunks/1ldn_next_dist_06gedf1._.js:776
[ 2581274ms] [LOG] [Fast Refresh] done in 48ms @ http://localhost:3000/_next/static/chunks/1ldn_next_dist_06gedf1._.js:776
[ 2581338ms] [LOG] [Fast Refresh] done in 48ms @ http://localhost:3000/_next/static/chunks/1ldn_next_dist_06gedf1._.js:776
[ 2581401ms] [LOG] [Fast Refresh] done in 48ms @ http://localhost:3000/_next/static/chunks/1ldn_next_dist_06gedf1._.js:776
[ 2581464ms] [LOG] [Fast Refresh] done in 48ms @ http://localhost:3000/_next/static/chunks/1ldn_next_dist_06gedf1._.js:776
[ 2581526ms] [LOG] [Fast Refresh] done in 48ms @ http://localhost:3000/_next/static/chunks/1ldn_next_dist_06gedf1._.js:776
[ 2581587ms] [LOG] [Fast Refresh] done in 48ms @ http://localhost:3000/_next/static/chunks/1ldn_next_dist_06gedf1._.js:776
[ 2581650ms] [LOG] [Fast Refresh] done in 48ms @ http://localhost:3000/_next/static/chunks/1ldn_next_dist_06gedf1._.js:776
[ 2581715ms] [LOG] [Fast Refresh] done in 48ms @ http://localhost:3000/_next/static/chunks/1ldn_next_dist_06gedf1._.js:776
[ 2581776ms] [LOG] [Fast Refresh] done in 48ms @ http://localhost:3000/_next/static/chunks/1ldn_next_dist_06gedf1._.js:776
[ 2581840ms] [LOG] [Fast Refresh] done in 48ms @ http://localhost:3000/_next/static/chunks/1ldn_next_dist_06gedf1._.js:776
[ 2581905ms] [LOG] [Fast Refresh] done in 48ms @ http://localhost:3000/_next/static/chunks/1ldn_next_dist_06gedf1._.js:776
[ 2581965ms] [LOG] [Fast Refresh] done in 48ms @ http://localhost:3000/_next/static/chunks/1ldn_next_dist_06gedf1._.js:776
[ 2582024ms] [LOG] [Fast Refresh] done in 48ms @ http://localhost:3000/_next/static/chunks/1ldn_next_dist_06gedf1._.js:776
[ 2582103ms] [LOG] [Fast Refresh] done in 48ms @ http://localhost:3000/_next/static/chunks/1ldn_next_dist_06gedf1._.js:776
[ 2582165ms] [LOG] [Fast Refresh] done in 48ms @ http://localhost:3000/_next/static/chunks/1ldn_next_dist_06gedf1._.js:776
[ 2582227ms] [LOG] [Fast Refresh] done in 48ms @ http://localhost:3000/_next/static/chunks/1ldn_next_dist_06gedf1._.js:776
[ 2582290ms] [LOG] [Fast Refresh] done in 48ms @ http://localhost:3000/_next/static/chunks/1ldn_next_dist_06gedf1._.js:776
[ 2582356ms] [LOG] [Fast Refresh] done in 48ms @ http://localhost:3000/_next/static/chunks/1ldn_next_dist_06gedf1._.js:776
[ 2582415ms] [LOG] [Fast Refresh] done in 48ms @ http://localhost:3000/_next/static/chunks/1ldn_next_dist_06gedf1._.js:776
[ 2582476ms] [LOG] [Fast Refresh] done in 48ms @ http://localhost:3000/_next/static/chunks/1ldn_next_dist_06gedf1._.js:776
[ 2582538ms] [LOG] [Fast Refresh] done in 48ms @ http://localhost:3000/_next/static/chunks/1ldn_next_dist_06gedf1._.js:776
[ 2582601ms] [LOG] [Fast Refresh] done in 48ms @ http://localhost:3000/_next/static/chunks/1ldn_next_dist_06gedf1._.js:776
[ 2582664ms] [LOG] [Fast Refresh] done in 48ms @ http://localhost:3000/_next/static/chunks/1ldn_next_dist_06gedf1._.js:776
[ 2582729ms] [LOG] [Fast Refresh] done in 48ms @ http://localhost:3000/_next/static/chunks/1ldn_next_dist_06gedf1._.js:776
[ 2582788ms] [LOG] [Fast Refresh] done in 48ms @ http://localhost:3000/_next/static/chunks/1ldn_next_dist_06gedf1._.js:776
[ 2582852ms] [LOG] [Fast Refresh] done in 48ms @ http://localhost:3000/_next/static/chunks/1ldn_next_dist_06gedf1._.js:776
[ 2582914ms] [LOG] [Fast Refresh] done in 48ms @ http://localhost:3000/_next/static/chunks/1ldn_next_dist_06gedf1._.js:776
[ 2582977ms] [LOG] [Fast Refresh] done in 48ms @ http://localhost:3000/_next/static/chunks/1ldn_next_dist_06gedf1._.js:776
[ 2583038ms] [LOG] [Fast Refresh] done in 48ms @ http://localhost:3000/_next/static/chunks/1ldn_next_dist_06gedf1._.js:776
[ 2583100ms] [LOG] [Fast Refresh] done in 48ms @ http://localhost:3000/_next/static/chunks/1ldn_next_dist_06gedf1._.js:776
[ 2583163ms] [LOG] [Fast Refresh] done in 48ms @ http://localhost:3000/_next/static/chunks/1ldn_next_dist_06gedf1._.js:776
[ 2583225ms] [LOG] [Fast Refresh] done in 48ms @ http://localhost:3000/_next/static/chunks/1ldn_next_dist_06gedf1._.js:776
[ 2583287ms] [LOG] [Fast Refresh] done in 48ms @ http://localhost:3000/_next/static/chunks/1ldn_next_dist_06gedf1._.js:776
[ 2583349ms] [LOG] [Fast Refresh] done in 48ms @ http://localhost:3000/_next/static/chunks/1ldn_next_dist_06gedf1._.js:776
[ 2583414ms] [LOG] [Fast Refresh] done in 48ms @ http://localhost:3000/_next/static/chunks/1ldn_next_dist_06gedf1._.js:776
[ 2583475ms] [LOG] [Fast Refresh] done in 48ms @ http://localhost:3000/_next/static/chunks/1ldn_next_dist_06gedf1._.js:776
[ 2583536ms] [LOG] [Fast Refresh] done in 48ms @ http://localhost:3000/_next/static/chunks/1ldn_next_dist_06gedf1._.js:776
[ 2583598ms] [LOG] [Fast Refresh] done in 48ms @ http://localhost:3000/_next/static/chunks/1ldn_next_dist_06gedf1._.js:776
[ 2583661ms] [LOG] [Fast Refresh] done in 48ms @ http://localhost:3000/_next/static/chunks/1ldn_next_dist_06gedf1._.js:776
[ 2583722ms] [LOG] [Fast Refresh] done in 48ms @ http://localhost:3000/_next/static/chunks/1ldn_next_dist_06gedf1._.js:776
[ 2583789ms] [LOG] [Fast Refresh] done in 48ms @ http://localhost:3000/_next/static/chunks/1ldn_next_dist_06gedf1._.js:776
[ 2583852ms] [LOG] [Fast Refresh] done in 48ms @ http://localhost:3000/_next/static/chunks/1ldn_next_dist_06gedf1._.js:776
[ 2583914ms] [LOG] [Fast Refresh] done in 48ms @ http://localhost:3000/_next/static/chunks/1ldn_next_dist_06gedf1._.js:776
[ 2583978ms] [LOG] [Fast Refresh] done in 48ms @ http://localhost:3000/_next/static/chunks/1ldn_next_dist_06gedf1._.js:776
[ 2584039ms] [LOG] [Fast Refresh] done in 48ms @ http://localhost:3000/_next/static/chunks/1ldn_next_dist_06gedf1._.js:776
[ 2584100ms] [LOG] [Fast Refresh] done in 48ms @ http://localhost:3000/_next/static/chunks/1ldn_next_dist_06gedf1._.js:776
[ 2584162ms] [LOG] [Fast Refresh] done in 48ms @ http://localhost:3000/_next/static/chunks/1ldn_next_dist_06gedf1._.js:776
[ 2584227ms] [LOG] [Fast Refresh] done in 48ms @ http://localhost:3000/_next/static/chunks/1ldn_next_dist_06gedf1._.js:776
[ 2584289ms] [LOG] [Fast Refresh] done in 48ms @ http://localhost:3000/_next/static/chunks/1ldn_next_dist_06gedf1._.js:776
[ 2584352ms] [LOG] [Fast Refresh] done in 48ms @ http://localhost:3000/_next/static/chunks/1ldn_next_dist_06gedf1._.js:776
[ 2584413ms] [LOG] [Fast Refresh] done in 48ms @ http://localhost:3000/_next/static/chunks/1ldn_next_dist_06gedf1._.js:776
[ 2584477ms] [LOG] [Fast Refresh] done in 48ms @ http://localhost:3000/_next/static/chunks/1ldn_next_dist_06gedf1._.js:776
[ 2584538ms] [LOG] [Fast Refresh] done in 48ms @ http://localhost:3000/_next/static/chunks/1ldn_next_dist_06gedf1._.js:776
[ 2584600ms] [LOG] [Fast Refresh] done in 48ms @ http://localhost:3000/_next/static/chunks/1ldn_next_dist_06gedf1._.js:776
[ 2584663ms] [LOG] [Fast Refresh] done in 48ms @ http://localhost:3000/_next/static/chunks/1ldn_next_dist_06gedf1._.js:776
[ 2584725ms] [LOG] [Fast Refresh] done in 48ms @ http://localhost:3000/_next/static/chunks/1ldn_next_dist_06gedf1._.js:776
[ 2584786ms] [LOG] [Fast Refresh] done in 48ms @ http://localhost:3000/_next/static/chunks/1ldn_next_dist_06gedf1._.js:776
[ 2584849ms] [LOG] [Fast Refresh] done in 48ms @ http://localhost:3000/_next/static/chunks/1ldn_next_dist_06gedf1._.js:776
[ 2584911ms] [LOG] [Fast Refresh] done in 48ms @ http://localhost:3000/_next/static/chunks/1ldn_next_dist_06gedf1._.js:776
[ 2584975ms] [LOG] [Fast Refresh] done in 48ms @ http://localhost:3000/_next/static/chunks/1ldn_next_dist_06gedf1._.js:776
[ 2585038ms] [LOG] [Fast Refresh] done in 48ms @ http://localhost:3000/_next/static/chunks/1ldn_next_dist_06gedf1._.js:776
[ 2585101ms] [LOG] [Fast Refresh] done in 48ms @ http://localhost:3000/_next/static/chunks/1ldn_next_dist_06gedf1._.js:776
